Price,Close,Close,Close,Close,Close,Close,High,High,High,High,High,High,Low,Low,Low,Low,Low,Low,Open,Open,Open,Open,Open,Open,Volume,Volume,Volume,Volume,Volume,Volume
Ticker,ASML,BTC-USD,ETH-USD,GOOGL,SPY,TSM,ASML,BTC-USD,ETH-USD,GOOGL,SPY,TSM,ASML,BTC-USD,ETH-USD,GOOGL,SPY,TSM,ASML,BTC-USD,ETH-USD,GOOGL,SPY,TSM,ASML,BTC-USD,ETH-USD,GOOGL,SPY,TSM
Date,,,,,,,,,,,,,,,,,,,,,,,,,,,,,,
2020-01-01,,7200.17431640625,130.802001953125,,,,,7254.33056640625,132.83535766601562,,,,,7174.9443359375,129.1982879638672,,,,,7194.89208984375,129.6306610107422,,,,,18565664997,7935230330,,,
2020-01-02,285.5315246582031,6985.47021484375,127.4101791381836,67.83250427246094,296.1252746582031,53.50326919555664,285.9935541091272,7212.1552734375,130.82003784179688,67.83250427246094,296.1435228475682,53.574557592275745,283.43833586780187,6935.27001953125,126.95491027832031,66.73275901654908,293.9923228046252,53.11117111577176,284.0606383486598,7202.55126953125,130.82003784179688,66.82791589956109,294.91296621198353,53.11117111577176,573600.0,20802083465,8032709256,27278000.0,59151200.0,8432600.0
2020-01-03,280.9303283691406,7344.88427734375,134.1717071533203,67.47765350341797,293.8829345703125,51.73884201049805,283.5703735373943,7413.71533203125,134.55401611328125,68.08378239307208,295.00411329960116,52.5586773323571,280.6568858706783,6914.99609375,126.49002075195312,66.77389484039315,292.68884653822107,51.72101906010369,281.0151838808701,6984.4287109375,127.41126251220703,66.80760017733454,292.74353546966336,52.54976755685002,410800.0,28111481032,10476845358,23408000.0,77709700.0,10546400.0
2020-01-04,,7410.65673828125,135.06936645507812,,,,,7427.3857421875,136.05271911621094,,,,,7309.51416015625,133.04055786132812,,,,,7345.37548828125,134.16851806640625,,,,,18444271275,7430904515,,,
2020-01-05,,7411.3173828125,136.2767791748047,,,,,7544.4970703125,139.4102020263672,,,,,7400.53564453125,135.04562377929688,,,,,7410.45166015625,135.0720977783203,,,,,19725074095,7526675353,,,
2020-01-06,278.6956481933594,7769.21923828125,144.3041534423828,69.2762222290039,295.0041809082031,51.14179229736328,278.8276648216006,7781.8671875,144.32818603515625,69.30149556378939,295.08621432416686,51.409129792297726,275.7255905755673,7409.29296875,136.0796356201172,66.95629344220531,292.01437027823323,50.910100708254944,276.42333931537144,7410.4521484375,136.3055419921875,66.98751077493854,292.13287226263657,51.32892820387932,617600.0,23276261598,9093747121,46768000.0,55653900.0,8897200.0
2020-01-07,281.7223205566406,8163.6923828125,143.5439910888672,69.14240264892578,294.1747741699219,51.97053909301758,284.01350552259913,8178.2158203125,145.00177001953125,69.55821779935313,294.91310293008047,52.22005362630961,280.42114526012136,7768.2275390625,140.48887634277344,68.96646485726092,293.7281105838369,50.562559855951825,281.6091798829141,7768.68212890625,144.31199645996094,69.4075533410106,294.43909486463315,51.19525936501694,477700.0,28767291327,9257954672,34330000.0,40496400.0,7444300.0
2020-01-08,284.64520263671875,8079.86279296875,141.2581329345703,69.63453674316406,295.742431640625,52.35371398925781,285.8709314478746,8396.73828125,146.8280029296875,69.97204388362319,296.9547400028766,52.55867280205613,282.8065806456573,7956.7744140625,138.26820373535156,69.01949180178964,294.1199284891358,51.78339322331817,283.4854533589678,8161.935546875,143.48782348632812,69.12802647532469,294.3660286722624,51.85468161937067,536900.0,31672559265,9387194957,35314000.0,68296000.0,5381500.0
2020-01-09,284.1644287109375,7879.0712890625,138.9792022705078,70.36555480957031,297.7477722167969,52.781455993652344,286.5499076614665,8082.2958984375,141.39398193359375,70.80614415984961,297.820709338136,53.209196579695295,283.11781971165414,7842.40380859375,136.2364044189453,69.89076100637546,296.71775096243204,52.309159733947,285.95589022597295,8082.2958984375,141.15577697753906,70.47160903192002,297.3011366636997,53.19137363035434,579700.0,24045990466,7697325348,33200000.0,48473300.0,5112700.0
2020-01-10,279.2613525390625,8166.55419921875,143.96377563476562,70.82001495361328,296.8910827636719,52.45174789428711,283.3440267875918,8166.55419921875,144.16732788085938,71.11639050055818,298.4862422873799,53.20029488337691,278.6767732991578,7726.77490234375,135.52040100097656,70.35613364348731,296.42622661829165,52.3715463097639,282.91028257306516,7878.3076171875,138.967041015625,70.84529584599768,298.331299511378,53.20029488337691,447700.0,28714583844,9084816203,26258000.0,53029300.0,4807700.0
2020-01-11,,8037.53759765625,142.92710876464844,,,,,8218.359375,146.4809112548828,,,,,8029.64208984375,142.2079620361328,,,,,8162.19091796875,143.4091033935547,,,,,25521165085,9332208590,,,
2020-01-12,,8192.494140625,145.87393188476562,,,,,8200.0634765625,146.14585876464844,,,,,8009.05908203125,142.7076416015625,,,,,8033.26171875,143.0325469970703,,,,,22903438381,8528167453,,,
2020-01-13,284.2303771972656,8144.1943359375,144.22659301757812,71.36865997314453,298.932861328125,53.52110290527344,284.3906502266713,8197.7880859375,146.79122924804688,71.44051730380278,298.9419576082333,53.6102142689336,280.50600030532763,8079.70068359375,142.90713500976562,70.64210083819175,297.08247766903025,52.97751474855681,281.6185886275897,8189.77197265625,146.2201385498047,71.1317546271615,297.5108929899719,53.601304492319834,405700.0,22482910688,8378529470,30730000.0,47086800.0,6613700.0
2020-01-14,285.2676086425781,8827.7646484375,165.95535278320312,70.90081024169922,298.4770812988281,53.75279235839844,288.42625438260666,8879.51171875,167.68154907226562,71.49751649539529,299.54354357146394,54.037952790057275,281.42068066464515,8140.93310546875,144.06492614746094,70.76104311691866,297.9210399203598,53.39634011913464,282.06183053191046,8140.93310546875,144.2510528564453,71.36717204334909,298.4953016751799,53.61021214256902,609600.0,44841784107,16712318373,26076000.0,62832800.0,6715200.0
2020-01-15,282.9385986328125,8807.0107421875,166.23068237304688,71.32752990722656,299.1515197753906,52.032901763916016,285.6446805692207,8890.1171875,170.42567443847656,71.40583792168397,299.9080685509151,53.20027928540184,282.62746179429496,8657.1875,161.109619140625,70.95384451597616,298.3038135068561,51.91705430926365,284.3717904993511,8825.34375,165.734619140625,71.02124763841545,298.38584690535674,53.17354316547928,505300.0,40102834650,15173694057,21550000.0,72056600.0,10075100.0
2020-01-16,283.8815002441406,8723.7861328125,164.39100646972656,71.87071990966797,301.64007568359375,52.35371398925781,285.6352670800602,8846.4609375,167.0581512451172,71.89748302625469,301.64007568359375,53.19137218930917,282.4388990477497,8612.095703125,159.7096405029297,71.36718158869391,300.30014077039544,51.95270613840028,285.26753110140504,8812.4814453125,166.33282470703125,71.63728563930937,300.52802066844026,52.754721840115344,547500.0,31313981931,13735193018,26080000.0,54050300.0,11215700.0
2020-01-17,282.9009094238281,8929.0380859375,170.7799530029297,73.32579803466797,302.5788269042969,52.20221710205078,283.85319591774373,8958.1220703125,173.0692138671875,73.37684381090587,302.7884585291991,52.353707048190216,282.1748754968156,8677.31640625,162.77560424804688,72.18739403885324,301.5761501633732,51.694271625388176,283.7117700794722,8725.2099609375,164.4893798828125,72.48426114877846,302.3509470912397,52.25568254215672,743900.0,36372139320,14997091826,52424000.0,95846000.0,8125700.0
2020-01-18,,8942.80859375,175.3656768798828,,,,,9012.1982421875,178.52877807617188,,,,,8827.33203125,166.7890167236328,,,,,8927.2119140625,170.7477264404297,,,,,32337772627,14929342256,,,
2020-01-19,,8706.2451171875,166.9698486328125,,,,,9164.3623046875,177.2476348876953,,,,,8620.080078125,163.67686462402344,,,,,8941.4453125,175.46759033203125,,,,,34217320471,13713374132,,,
2020-01-20,,8657.642578125,167.12051391601562,,,,,8745.5908203125,169.11488342285156,,,,,8560.4736328125,162.33160400390625,,,,,8704.6318359375,166.9041290283203,,,,,26422375678,11144529787,,,
2020-01-21,281.3545837402344,8745.89453125,169.69715881347656,73.46110534667969,301.9864196777344,51.89924621582031,284.04178983042596,8755.7060546875,169.9101104736328,73.83925246721381,302.7885613428453,52.57650134762168,280.4777147471785,8544.5205078125,165.81971740722656,72.86439154992613,301.5489080912153,51.21307790895114,281.08114126333567,8658.9912109375,167.0604705810547,73.30002755955512,301.621817416512,51.67646443044903,573000.0,24097418512,9789369362,48930000.0,77742400.0,9873700.0
2020-01-22,279.327392578125,8680.8759765625,168.29415893554688,73.54139709472656,302.0227966308594,51.99726486206055,284.4283620862267,8792.994140625,171.00869750976562,74.36955634065013,303.49035714511143,52.523029986396836,279.1011112400248,8636.7470703125,166.77423095703125,73.4814353131619,301.867853930092,51.97053213689467,283.39119132938265,8744.2109375,169.60853576660156,73.83182870287273,302.84315842409643,52.48738748596904,1108600.0,22600204051,9209827928,28458000.0,48914900.0,8124500.0
2020-01-23,277.5076904296875,8406.515625,162.92855834960938,73.58203125,302.3691711425781,51.22198486328125,280.1288885183047,8687.7470703125,168.31224060058594,74.01866551266389,302.77936593801815,51.74774998377302,274.90533953079586,8333.6376953125,160.29531860351562,73.36545345637307,300.2635638696882,50.45561501991562,279.96858669546384,8680.650390625,168.2957000732422,73.72377971062164,301.37561848363805,51.56061411022004,713000.0,25770680779,10396868698,26650000.0,51963000.0,9999200.0
2020-01-24,278.93145751953125,8445.4345703125,163.05117797851562,72.66416931152344,299.68017578125,51.444766998291016,282.23152899852545,8514.6669921875,164.3094482421875,74.05334797496889,303.1074970853696,51.81012897277049,277.66800503478,8266.8408203125,156.74974060058594,72.51597775102503,298.3949302922052,51.20416227372451,279.93093421127634,8405.5673828125,162.8993682861328,73.98495419699645,303.02546369041266,51.76557329771302,977800.0,24397913026,10657671162,29786000.0,87578400.0,10402200.0
2020-01-25,,8367.84765625,161.283935546875,,,,,8458.453125,163.22723388671875,,,,,8296.21875,158.63247680664062,,,,,8440.119140625,163.06729125976562,,,,,19647331549,8256956802,,,
2020-01-26,,8596.830078125,168.0771026611328,,,,,8602.4013671875,168.22032165527344,,,,,8325.498046875,160.2811279296875,,,,,8364.41015625,161.17681884765625,,,,,22177678796,9261861590,,,
2020-01-27,268.0411682128906,8909.8193359375,170.93089294433594,70.95731353759766,294.8765563964844,49.243682861328125,272.13325240257365,8977.7265625,172.92291259765625,71.19768245755475,296.3532135264237,49.89420864649694,267.56029156323143,8597.30859375,166.90109252929688,70.35118456784836,294.1108833593813,49.065460157896844,270.7566595473591,8597.30859375,168.00885009765625,70.94789842652807,294.4481411214826,49.5644891665127,889100.0,28647338393,11004476145,34132000.0,84062500.0,9675500.0
2020-01-28,273.6041259765625,9358.58984375,176.3703155517578,71.88756561279297,297.9665222167969,50.874454498291016,273.679572273628,9358.58984375,176.3703155517578,72.10067230733206,298.84157285281924,50.901187227810446,268.87089232446766,8908.447265625,170.73806762695312,70.88941257474418,294.96761628432836,49.43973909148367,269.879777933816,8912.5244140625,170.88485717773438,71.45341176845339,296.29842651664376,49.662520902493995,1636100.0,34398744403,11772875064,29724000.0,63834000.0,8124400.0
2020-01-29,279.2236633300781,9316.6298828125,175.0503387451172,72.19481658935547,297.72039794921875,50.96355056762695,281.25084352261763,9406.431640625,178.8429718017578,72.5635485325451,299.55256045074896,51.25762410160516,276.93244990242846,9269.4677734375,175.0503387451172,71.6342886794074,297.5198626116515,50.660567259609856,279.15765502130057,9357.470703125,176.34788513183594,72.28204057329175,299.324680649757,51.25762410160516,965500.0,30682598115,10725267311,21566000.0,53888900.0,7693400.0
2020-01-30,277.56414794921875,9508.9931640625,184.6904754638672,72.07341766357422,298.68670654296875,49.72489547729492,277.8658755081936,9553.1259765625,186.26048278808594,72.1229736667599,298.8963660446492,49.9387674941284,273.9435035644922,9230.8974609375,172.3746337890625,71.11937574477422,294.91303023429634,49.06546327420409,274.1792228247556,9316.0166015625,174.91770935058594,71.27301221062503,295.6604550917531,49.08328622555525,794100.0,32378792851,12604789338,27110000.0,75491800.0,10295700.0
2020-01-31,264.6280212402344,9350.529296875,180.16017150878906,71.00935363769531,293.2631530761719,48.06739044189453,271.7844585163299,9521.7060546875,185.4058380126953,72.83763974165787,298.2218209474655,49.439726874451914,264.1660204404845,9230.7763671875,176.29681396484375,70.72586425069801,292.35163365596884,47.76440711781537,271.54873912472857,9508.3134765625,184.73690795898438,72.74793528121658,298.06685040639036,49.395171203136115,1272600.0,29432489719,11728616394,43822000.0,113845600.0,13467200.0
2020-02-01,,9392.875,183.6739501953125,,,,,9439.3232421875,183.84555053710938,,,,,9313.2392578125,179.74517822265625,,,,,9346.357421875,180.11376953125,,,,,25922656496,11569697182,,,
2020-02-02,,9344.365234375,188.61753845214844,,,,,9468.7978515625,193.0803985595703,,,,,9217.82421875,180.1739501953125,,,,,9389.8203125,183.53250122070312,,,,,30835736946,14054425389,,,
2020-02-03,271.6995544433594,9293.521484375,189.8650665283203,73.47843170166016,295.4416198730469,48.807037353515625,272.3501421498849,9540.3720703125,193.4368896484375,73.66181078669611,297.30112696346464,48.95852734643869,267.13603129024915,9248.6337890625,188.0126953125,72.19035413986362,294.6212580975968,48.24562626337026,267.42832098166383,9344.68359375,188.60740661621094,72.44013809708815,294.73976005288546,48.43276216029188,823200.0,30934096509,12392875241,71636000.0,69083000.0,9594300.0
2020-02-04,282.1371765136719,9180.962890625,189.25059509277344,71.63529205322266,299.944580078125,51.25762939453125,282.1654616808641,9331.265625,191.1114959716797,72.7221511823301,300.8105346597248,51.36456369093838,277.4227901527637,9112.8115234375,185.40362548828125,70.47656803193662,298.7231473854342,50.70513156381774,278.0639397920078,9292.841796875,189.86172485351562,72.08530406404785,299.0421847479902,50.722951113735604,795300.0,29893183716,11714191695,95880000.0,62573200.0,12746600.0
2020-02-05,288.8221740722656,9613.423828125,204.23023986816406,71.66700744628906,303.40826416015625,51.614078521728516,289.79333651551224,9701.2998046875,206.8040008544922,72.58536256030895,303.61792358805616,51.819040740311536,285.73894696436486,9163.7041015625,188.752685546875,70.85570477873623,301.41206272649225,50.94573321587435,289.79333651551224,9183.416015625,189.29910278320312,72.53728878225081,302.8704711762649,51.77448166708392,1042000.0,35222060874,14865434435,36376000.0,65951100.0,6594400.0
2020-02-06,291.8677062988281,9729.8017578125,212.33908081054688,73.14986419677734,304.4292907714844,51.70319747924805,291.9242766444939,9824.619140625,214.59771728515625,73.42691043576079,304.62070207645655,51.93488904175139,289.10508224624834,9539.818359375,201.90406799316406,71.88656813376596,303.35367662683126,51.04376189471033,289.96310418796145,9617.8212890625,204.12969970703125,71.96090591264428,304.3654777307045,51.92597926600831,698000.0,37628823716,16425589683,37822000.0,50359700.0,4236300.0
2020-02-07,287.5493469238281,9795.943359375,222.72605895996094,73.30548095703125,302.806640625,50.081336975097656,288.17164951505754,9834.716796875,223.14093017578125,73.60978185657574,304.438239701868,50.91899511284248,285.8804641389428,9726.0029296875,212.30419921875,72.6265040449633,302.259723629564,49.95657974175052,287.2664951888771,9726.0029296875,212.31588745117188,72.72463293664772,303.37177798725406,50.91899511284248,1775900.0,34522718159,16673443564,28360000.0,64139400.0,6808400.0
2020-02-08,,9865.119140625,223.14651489257812,,,,,9876.7490234375,226.5880889892578,,,,,9678.91015625,215.38629150390625,,,,,9793.0703125,222.51097106933594,,,,,35172043762,16741203125,,,
2020-02-09,,10116.673828125,228.5785675048828,,,,,10129.435546875,229.86424255371094,,,,,9850.392578125,222.98223876953125,,,,,9863.89453125,222.98223876953125,,,,,35807884663,15031356241,,,
2020-02-10,291.9902038574219,9856.611328125,223.522705078125,74.77000427246094,305.06732177734375,50.81205749511719,292.00907981695775,10165.765625,229.1846160888672,74.78090916442083,305.1311348147873,50.83879021497301,286.63466827703195,9784.5634765625,218.08004760742188,73.11171202305549,301.88612780958465,50.206090916269424,286.67239142177516,10115.5595703125,228.54913330078125,73.21232137301007,301.9225963763189,50.29520224870844,373000.0,39386548075,16210008511,38302000.0,42070000.0,4281200.0
2020-02-11,297.95867919921875,10208.236328125,235.8511962890625,74.83938598632812,305.59600830078125,52.27351760864258,298.20380774253516,10210.052734375,236.54713439941406,75.82168077098233,307.20026355708615,52.48738961679246,295.1300471623392,9729.3349609375,218.61761474609375,74.61091262722508,305.0673114617923,51.51606090356472,295.1583323317347,9855.8916015625,223.3849334716797,74.99847489323436,306.41637021168424,51.640818158577055,789900.0,37648059389,16964695963,34852000.0,54864500.0,6523200.0
2020-02-12,299.30694580078125,10326.0546875,265.4061279296875,75.26412200927734,307.5648193359375,53.13790512084961,299.5615122903868,10393.611328125,272.3988342285156,75.34688423463207,307.77445094789596,53.2448394113557,297.2420423954376,10202.3876953125,235.89627075195312,74.7704979689078,306.66239641614675,52.48738280458624,297.60034034147225,10202.3876953125,235.89822387695312,75.12683532807398,307.0269985310537,52.79927590163724,656100.0,43444303830,24545049386,31042000.0,43992700.0,5962900.0
2020-02-13,299.12774658203125,10214.3798828125,268.0992431640625,75.00443267822266,307.2367248535156,52.87057113647461,300.1837642828576,10457.626953125,273.7410583496094,75.62691146706999,308.20293318619815,53.2002872033026,296.0822433266316,10116.1611328125,258.9225158691406,74.53905391439585,305.8694457619048,52.34480602480725,296.9591408588573,10323.9609375,265.0527038574219,74.83642019839783,306.1428904532812,52.69234504110974,742200.0,49356071373,25801317504,22914000.0,54501900.0,6460100.0
2020-02-14,298.23211669921875,10312.1162109375,284.2174987792969,75.26907348632812,307.7289733886719,51.85468292236328,300.98533142875385,10321.99609375,285.0564270019531,75.33449526939701,307.84747536853007,52.72798704207503,296.5443868334521,10125.5341796875,262.76251220703125,74.6158614465477,306.4528517159032,51.569522532228014,299.2410024453488,10211.55078125,268.0232849121094,75.06092014232502,307.64693997585454,52.59432002135037,661400.0,43338264162,23558253463,23198000.0,64582200.0,6932400.0
2020-02-15,,9889.4248046875,264.72857666015625,,,,,10341.5556640625,287.1236877441406,,,,,9874.427734375,264.2796630859375,,,,,10313.8564453125,284.5613098144531,,,,,43865054831,23682452994,,,
2020-02-16,,9934.43359375,259.89471435546875,,,,,10053.96875,272.8824462890625,,,,,9722.38671875,242.48440551757812,,,,,9889.1796875,264.904052734375,,,,,43374780305,25152366643,,,
2020-02-17,,9690.142578125,266.3634338378906,,,,,9938.8154296875,266.8712463378906,,,,,9507.6376953125,244.3353271484375,,,,,9936.560546875,259.89056396484375,,,,,45998298413,26024080089,,,
2020-02-18,291.5188293457031,10141.99609375,281.944580078125,75.30426025390625,306.9359130859375,50.06351852416992,292.4899919224582,10161.935546875,283.1961364746094,75.85537316720415,307.79274347896046,50.40214775894119,289.3596608044881,9632.3828125,261.4638977050781,74.8864637897621,305.550385905375,49.57339932083622,289.84050871477683,9691.23046875,266.5088195800781,75.05150424505347,306.7353777212436,49.99222672763704,757100.0,47271023953,26511477187,25642000.0,57226200.0,10989000.0
2020-02-19,299.2599182128906,9633.38671875,259.76397705078125,75.5733642578125,308.4034729003906,51.36457061767578,299.48619961619977,10191.67578125,283.5379333496094,75.86428734845984,309.077988360176,51.63190809443524,293.2349168807323,9611.2236328125,259.76397705078125,75.38057760977838,307.6195795625174,50.79424976075415,293.3763427578005,10143.798828125,282.0362854003906,75.68884113834758,307.9021483533661,51.01703155795044,1093900.0,46992019710,22679414413,22746000.0,48814700.0,7866300.0
2020-02-20,295.563720703125,9608.4755859375,257.949462890625,75.18283081054688,307.13653564453125,50.33085632324219,298.49605501983956,9643.216796875,263.6954040527344,75.6823987740962,308.67700597033553,50.829888704410166,292.7068039026418,9507.900390625,250.95126342773438,74.55192018289029,304.1558487950499,49.7338028202087,297.8077730708678,9629.3251953125,259.8198547363281,75.2829410240114,307.8566160889996,50.74077395810518,1118400.0,44925260237,23229828870,25962000.0,74163400.0,7192900.0
2020-02-21,288.5204162597656,9686.44140625,265.6006164550781,73.52106475830078,303.9735107421875,49.53776168823242,293.0745003655145,9723.0146484375,267.0048522949219,74.88348786244822,306.0973387829116,50.48235775362468,287.3229726033279,9589.7431640625,255.6890869140625,73.27475187398645,303.1531209980254,49.475383055547894,292.48051191423866,9611.7822265625,257.89111328125,74.56778297216329,305.7874255135602,50.48235775362468,1134600.0,40930547513,20867593292,42520000.0,113788200.0,6816600.0
2020-02-22,,9663.181640625,262.33172607421875,,,,,9698.2314453125,266.38720703125,,,,,9600.728515625,258.91314697265625,,,,,9687.70703125,265.55157470703125,,,,,35838025154,16906032862,,,
2020-02-23,,9924.515625,273.754150390625,,,,,9937.404296875,273.754150390625,,,,,9657.791015625,261.96051025390625,,,,,9663.318359375,262.2784118652344,,,,,41185185761,19585998814,,,
2020-02-24,273.81158447265625,9650.1748046875,265.2164306640625,70.36901092529297,293.8919982910156,48.22780227661133,278.36569831630715,9951.74609375,275.5395202636719,71.1877548802108,304.0463065249934,48.73574449986063,271.80325105614355,9537.04296875,259.6251525878906,69.72125896753626,292.8163846197698,47.390143946901006,272.5386942590871,9921.5830078125,273.705078125,70.52710913822696,294.5482931508626,47.71986005336203,1347400.0,45080496648,22400845640,49560000.0,161088400.0,9968800.0
2020-02-25,268.33343505859375,9341.705078125,247.81759643554688,68.7067642211914,284.9865417480469,47.9961051940918,279.0256596977383,9652.7373046875,265.4314880371094,71.21105502268838,295.8883062471929,49.43082034042126,268.1920092249404,9305.021484375,246.85899353027344,68.41435887341959,284.11149089171784,47.96937246942579,278.6673617362631,9651.3125,265.28338623046875,70.92113012166743,295.2776038121276,49.30606309280653,1166700.0,42515259129,21878882134,51580000.0,218913200.0,12670700.0
2020-02-26,269.9646301269531,8820.5224609375,225.68026733398438,68.91242980957031,283.938232421875,49.038719177246094,275.6124558349763,9354.7783203125,249.6497039794922,70.06223775405306,289.9633610159589,49.377348399120024,269.27631935274474,8704.4267578125,221.2665557861328,68.22254806781541,283.2090281846531,48.45948864968735,272.9158406217447,9338.2900390625,247.74020385742188,69.13594979993545,286.3810972156628,48.55751316649663,861100.0,50420050762,26235617201,49776000.0,194773800.0,10969300.0
2020-02-27,261.3939208984375,8784.494140625,226.75338745117188,65.16963195800781,271.1861572265625,47.4881591796875,270.464397192685,8932.892578125,237.2289276123047,67.8682070863749,283.99299421889395,48.65553338720747,260.11159262793757,8577.19921875,212.66452026367188,65.13444439685422,271.1861572265625,47.47033623156158,262.9307869425454,8825.09375,225.68704223632812,67.35971544400063,278.43272007694435,48.2990846228283,1373900.0,45470195695,25645522790,62290000.0,284353500.0,11878900.0
2020-02-28,260.90362548828125,8672.455078125,226.760498046875,66.37394714355469,270.0467529296875,47.978275299072266,261.61078361469094,8890.4560546875,234.2089385986328,66.53253692106605,271.5325340386913,48.16541114340413,250.78656830868968,8492.9326171875,216.34620666503906,62.85316484722115,260.27526361074985,45.447474615860905,252.51202147642064,8788.728515625,226.98760986328125,63.15548440926263,263.15566832306206,45.75936768974734,1647400.0,44605450443,22563530559,80198000.0,384975800.0,13604500.0
2020-02-29,,8599.5087890625,219.8485107421875,,,,,8775.6318359375,232.25662231445312,,,,,8599.5087890625,219.8485107421875,,,,,8671.212890625,226.8334503173828,,,,,35792392544,18181296376,,,
2020-03-01,,8562.4541015625,218.97059631347656,,,,,8726.796875,226.67788696289062,,,,,8471.212890625,214.13043212890625,,,,,8599.7587890625,219.752685546875,,,,,35349164300,18179807469,,,
2020-03-02,271.06781005859375,8869.669921875,230.5697784423828,68.7067642211914,281.7414855957031,49.88529586791992,271.06781005859375,8921.30859375,232.81158447265625,68.76375399776019,281.80529862026447,49.91202859377091,259.73443425581144,8532.630859375,217.28428649902344,65.67762449941802,268.40595433040124,47.96937459577477,263.64736964656873,8563.2646484375,218.7116241455078,66.97561657220051,271.8241515658398,48.45058065799352,1081300.0,42857674409,20305587789,55430000.0,238703600.0,13797700.0
2020-03-03,268.0599670410156,8787.7861328125,224.47962951660156,66.2981185913086,273.6746520996094,48.90504837036133,279.8930927502547,8901.5986328125,232.3258056640625,69.7906479427087,286.0713249612982,50.23282563313765,266.0987951945599,8704.990234375,221.732666015625,65.87784169688798,271.240910200409,48.15650159022489,276.1970015952877,8865.3876953125,230.5239715576172,69.26976927543198,282.1153329998057,50.17044701807458,1916300.0,42386715821,19853178572,56602000.0,300139100.0,14661800.0
2020-03-04,284.3812255859375,8755.24609375,224.51797485351562,68.47283935546875,285.1779479980469,50.865543365478516,284.7395235851795,8843.3662109375,228.04042053222656,68.53131891334556,285.3967315712866,50.8744531419539,273.41558610399767,8712.431640625,222.08888244628906,66.26243609006487,276.49116917188974,49.50211640686614,275.6879239853128,8788.5419921875,224.56533813476562,67.35078505307477,279.0343161033958,49.87639160706306,1289500.0,34746706368,16567075208,47598000.0,176613400.0,9878200.0
2020-03-05,271.7843933105469,9078.7626953125,229.2681884765625,65.16020965576172,275.69818115234375,49.66251754760742,279.0351223585754,9142.0546875,234.3644561767578,67.08663199651346,281.17642226819964,50.25066135296814,269.70064244553424,8757.25390625,224.6418914794922,64.50997717418309,273.4649750598973,49.234776907288754,274.4150291464977,8760.28515625,224.6418914794922,66.68617596648993,277.99522810355086,50.00114682929402,1453900.0,39698054597,18201291785,54380000.0,186366800.0,10004200.0
2020-03-06,271.65234375,9122.5458984375,243.52529907226562,64.21756744384766,271.1405944824219,49.07436752319336,271.7749223932631,9167.6953125,243.5549774169922,64.56498121361302,272.3438069509594,49.08328069755529,265.22194293767177,9032.0791015625,228.7435760498047,62.307997902917315,264.55032601369834,48.094129104941764,268.21084763023424,9078.30859375,229.16842651367188,62.93940012057122,267.2119474918185,48.655536712062954,1148400.0,40826885651,19374772256,64640000.0,228667200.0,12971200.0
2020-03-07,,8909.9541015625,237.85308837890625,,,,,9163.220703125,249.97848510742188,,,,,8890.744140625,237.55128479003906,,,,,9121.6005859375,243.7501983642578,,,,,36216930370,19431652027,,,
2020-03-08,,8108.1162109375,200.68905639648438,,,,,8914.34375,237.7806854248047,,,,,8105.2529296875,200.6029815673828,,,,,8908.2060546875,237.7806854248047,,,,,39973102121,21381823651,,,
2020-03-09,248.8348388671875,7923.64453125,201.986328125,60.25520324707031,249.96592712402344,46.18712615966797,260.5830860839945,8177.79345703125,207.45140075683594,62.08596950725931,259.04465081754387,48.24562789414733,248.7876777210671,7690.09814453125,192.2698974609375,59.37550300597867,249.25494324110963,45.500957781714646,250.28687847467566,8111.146484375,201.31849670410156,59.71846256922305,250.9412315537288,45.93760822262455,1759600.0,46936995808,23645428606,69252000.0,309417300.0,13781100.0
2020-03-10,263.7793884277344,7909.7294921875,200.76724243164062,63.19811248779297,262.90045166015625,48.57533264160156,264.335682636166,8136.9453125,205.71424865722656,63.23181404799084,262.9915813511426,48.673357158261574,249.86250891223207,7814.76318359375,198.0644989013672,60.191769215403774,249.30056924454237,46.77525904238614,262.11047702810504,7922.14697265625,202.86395263671875,62.168246803240756,259.4549092564181,47.86243170141033,1699200.0,42213940994,18344930072,54872000.0,276444100.0,11698700.0
2020-03-11,249.0516357421875,7911.43017578125,194.8685302734375,60.01285171508789,250.0844268798828,46.55248260498047,258.6595294162078,7950.814453125,202.9542999267578,62.29412541390752,256.9937588920719,47.72877014053798,245.67611873316002,7642.8125,184.36215209960938,59.03353654424814,246.91235745450595,46.41881217619339,256.94351451664795,7910.08984375,200.76803588867188,61.864932499631436,255.8634838386491,47.32776225355696,1175900.0,38682762605,16984790291,54732000.0,255316300.0,14498000.0
2020-03-12,226.99769592285156,4970.7880859375,112.34712219238281,55.089012145996094,226.1570587158203,43.388973236083984,240.3016943777626,7929.1162109375,195.14793395996094,58.91508605796514,243.06574485920348,45.43856809478847,223.98049162706286,4860.35400390625,111.21070861816406,54.93636636348303,225.7650981762707,43.22857010106572,231.4009309148122,7913.6162109375,194.73892211914062,55.63764838838644,233.34894558391483,44.25336753041797,2779800.0,53980357243,22134741655,94326000.0,392220700.0,15942200.0
2020-03-13,242.27235412597656,5563.70703125,133.20181274414062,60.179874420166016,245.4904022216797,46.54356002807617,243.13034721974364,5838.11474609375,137.42953491210938,60.18631753199108,247.45928738947632,46.74851881793505,220.4824429272404,4106.98095703125,95.1843032836914,55.125688027826726,226.53079663529957,43.92364802799975,242.37605682602137,5017.8310546875,112.68999481201172,58.23313582495067,239.8116265596918,46.24948990328023,2637200.0,74156772075,27864623061,79400000.0,329566100.0,14948700.0
2020-03-14,,5200.3662109375,123.30602264404297,,,,,5625.2265625,134.484375,,,,,5125.0693359375,122.41447448730469,,,,,5573.07763671875,133.5824737548828,,,,,36154506008,12740784545,,,
2020-03-15,,5392.31494140625,125.21430206298828,,,,,5836.64501953125,132.2421417236328,,,,,5169.283203125,121.85365295410156,,,,,5201.06689453125,123.24606323242188,,,,,33997889639,12719251813,,,
2020-03-16,216.2583465576172,5014.47998046875,110.60587310791016,53.17845916748047,218.62794494628906,40.01161575317383,234.03159011228826,5385.2294921875,124.9961166381836,56.77010841763743,234.16934039210489,43.08600211289649,197.64594274862768,4575.35791015625,105.17144012451172,52.88505935869878,216.35825651592697,40.01161575317383,208.04587862321637,5385.2294921875,124.9961166381836,54.00165747110648,219.84025357126822,41.294837797248135,1496800.0,45368026430,15984904590,96520000.0,297240000.0,16628200.0
2020-03-17,224.7253875732422,5225.62939453125,113.9427490234375,55.41164779663086,230.43211364746094,43.25530242919922,226.27170587533755,5371.3486328125,118.98828125,55.805157781992705,233.5039435706242,43.2731253759024,212.16626856103665,4981.9091796875,110.40678405761719,51.99395547610947,216.0939169725968,40.12744497006973,218.32325659946014,5002.578125,110.40678405761719,54.05269962443052,223.35871400097514,40.76905745386645,1642500.0,38622642935,12087490572,83194000.0,262070500.0,13415700.0
2020-03-18,185.7374267578125,5238.4384765625,114.84226989746094,54.0799674987793,218.76466369628906,39.539310455322266,213.36372344772343,5331.833984375,116.02162170410156,54.763901592375014,226.39407689191867,41.07205023188428,180.32530522805803,5069.3359375,111.74311065673828,51.39427867918627,207.84466479454713,38.55015878088423,201.17232540402767,5227.11376953125,113.8576431274414,52.531200617401105,215.34646582603455,39.031368254834675,3131900.0,37878801016,11617854009,93044000.0,327597100.0,15018500.0
2020-03-19,201.8040313720703,6191.19287109375,136.59385681152344,55.09495162963867,219.22955322265625,39.482635498046875,206.71642853289137,6329.73583984375,140.52772521972656,57.12396050693502,225.49170173938887,40.643096574560936,189.13175790669007,5236.96875,114.73286437988281,52.31361506255511,211.67306257425594,38.412134639652955,194.0535786613184,5245.41650390625,114.83982849121094,53.93275665236226,218.08104364257395,39.34770031831382,1634600.0,51000731797,16396753275,74064000.0,289322000.0,11182600.0
2020-03-20,203.7558135986328,6198.7783203125,132.73716735839844,52.941062927246094,209.78199768066406,40.05835723876953,223.76367334490797,6844.26171875,150.8538055419922,56.4236822135708,224.14949538908877,43.43178737044127,203.2749369128247,5865.78173828125,122.60565948486328,52.638248003789414,209.50693107809147,40.013378856673356,212.28884263025043,6191.65380859375,136.64927673339844,56.048011724837686,222.37074721498362,43.19789772456282,2316700.0,54442976103,18960388062,82878000.0,347158800.0,14157700.0
2020-03-21,,6185.06640625,132.81871032714844,,,,,6378.13525390625,135.972412109375,,,,,5932.8232421875,127.16375732421875,,,,,6206.521484375,133.1017608642578,,,,,42494390880,13684083308,,,
2020-03-22,,5830.2548828125,123.32115173339844,,,,,6359.697265625,136.15164184570312,,,,,5823.7138671875,122.90933227539062,,,,,6185.55810546875,132.85113525390625,,,,,40099664740,12497707224,,,
2020-03-23,219.8318328857422,6416.31494140625,134.91160583496094,52.243247985839844,204.4182586669922,40.715057373046875,221.85902767749815,6443.9345703125,134.91160583496094,52.8766315654061,210.58885308857097,41.02991295851775,209.9504829834019,5785.00439453125,121.86788177490234,50.00013767795823,200.1180920586079,39.14978747734186,212.45854001034704,5831.37451171875,123.36598205566406,52.35426310073486,209.22271174158334,40.589116511510966,1731500.0,46491916000,14149877968,83672000.0,326025200.0,10508600.0
2020-03-24,245.34609985351562,6734.8037109375,138.76144409179688,56.00389862060547,222.93923950195312,43.96255874633789,245.64782750233724,6789.02294921875,141.9485321044922,56.1684399560884,223.81028619851725,44.00753714708658,236.47363518945212,6411.06640625,133.1687774658203,53.84404970701331,214.3664247760725,42.730132721337334,239.80199098449728,6436.642578125,135.1941375732422,54.71383949660357,214.93488557553914,43.17992359208826,1427600.0,48221910672,14609068673,72468000.0,235494500.0,12216200.0
2020-03-25,247.0998077392578,6681.06298828125,136.19589233398438,54.59687805175781,226.27664184570312,44.07949447631836,256.78314516757746,6892.51123046875,141.40379333496094,56.80479702099747,235.04201992086357,45.02405438591323,237.5578817334733,6536.92626953125,134.30422973632812,53.67455646153341,219.82181757105965,43.2248913460635,245.779785558202,6738.716796875,138.9149627685547,55.73478676010555,224.5162352253458,44.349368245969586,1211300.0,44590107888,13433092920,90324000.0,299430300.0,9796600.0
2020-03-26,260.1398620605469,6716.4404296875,138.36155700683594,57.63493347167969,239.48892211914062,44.86213302612305,261.3090495723318,6735.4638671875,138.83056640625,58.0591730147804,240.95590684573168,45.39288630259661,246.66613631224277,6590.962890625,134.8860321044922,54.121588919875315,228.34882847309677,44.0075298275122,247.87304697584884,6675.1708984375,136.190673828125,55.24611599341707,228.7797629312914,44.16945478858084,1018600.0,35319797642,11367261176,76562000.0,257632800.0,10577500.0
2020-03-27,238.18966674804688,6469.79833984375,133.9379425048828,55.02507781982422,232.35557556152344,42.199363708496094,248.64617289568517,6793.83642578125,139.90269470214844,57.04665313941578,239.13131375893414,43.26087004437804,237.4259384119004,6466.70166015625,133.9379425048828,54.71482915567299,230.18257586335054,41.8395297726738,247.23185689921652,6719.38916015625,138.36993408203125,55.87801492498947,232.21804924789328,42.48722948450163,1518300.0,34585598367,11396286629,62794000.0,224341200.0,12158500.0
2020-03-28,,6242.19384765625,130.9864959716797,,,,,6467.5009765625,134.03274536132812,,,,,6117.837890625,126.96218872070312,,,,,6467.25390625,134.03274536132812,,,,,34885225901,12162403960,,,
2020-03-29,,5922.04296875,125.58373260498047,,,,,6250.46728515625,131.17408752441406,,,,,5920.0859375,125.4500503540039,,,,,6245.62451171875,131.0153350830078,,,,,28373690931,9938133669,,,
2020-03-30,252.71942138671875,6429.841796875,132.904541015625,56.81174087524414,239.90142822265625,43.01799392700195,254.69946962686387,6517.19580078125,133.91146850585938,57.044180684671595,240.61659285300317,43.32385182312379,245.79870491490405,5903.234375,125.28968048095703,54.44175700603659,232.4563738706009,42.073433887447706,248.51419635575064,5925.53857421875,125.57789611816406,56.13424989783676,234.44599998225482,42.44226222409771,1142400.0,37101651525,11841123306,58736000.0,171369500.0,8428300.0
2020-03-31,246.69447326660156,6438.64453125,133.59356689453125,57.58686447143555,236.3256378173828,42.991004943847656,253.24745437079523,6504.51513671875,134.27413940429688,58.154330943122716,241.44181196172076,44.10648419202562,244.20526295224076,6374.162109375,131.65289306640625,56.33645085139658,234.92281361805342,42.87405837646997,252.8043008121478,6430.6064453125,132.8209228515625,56.93167488332719,238.90206639274638,42.99999924981605,881800.0,32786468812,11065246317,65228000.0,194881100.0,9595700.0
2020-04-01,234.785888671875,6606.7763671875,135.63455200195312,54.620662689208984,225.6898193359375,41.83953857421875,242.96063374148895,6612.57373046875,135.63455200195312,55.97465756314441,236.2431083425227,42.784101996547,233.2490083423918,6202.37353515625,129.73094177246094,54.19394647198858,223.62684104588152,41.650627262405685,238.67055321868077,6437.3193359375,133.61231994628906,55.70603956639152,227.36771002403904,42.127407842412445,715700.0,40346426266,12456564435,51970000.0,189554600.0,8755200.0
2020-04-02,233.15472412109375,6793.62451171875,142.02914428710938,55.3606071472168,230.897705078125,43.296871185302734,237.56739786848874,7088.24755859375,146.78709411621094,55.64508338449243,231.67704405266247,43.37783368118426,228.41205191345142,6595.91845703125,135.732177734375,54.17611063573357,224.2594942177443,41.92950649465466,229.93950870935058,6606.7763671875,135.732177734375,54.516589764619354,224.80962736839078,42.20837464475498,788600.0,47660646124,15322861686,56410000.0,177660400.0,6174700.0
2020-04-03,230.63717651367188,6733.38720703125,142.09130859375,54.154788970947266,227.56028747558594,42.33431625366211,233.8335294250847,7003.220703125,146.89987182617188,55.447823761533954,232.26388300481995,43.31486044893672,228.62884361270127,6673.3359375,139.619384765625,53.28153570728026,224.83715469449982,42.082431042865636,232.00434548166814,6797.396484375,142.11045837402344,55.24561822270651,229.91666012342145,42.991010486221164,571700.0,38976504903,13184603402,51374000.0,135561200.0,5486200.0
2020-04-04,,6867.52734375,145.21939086914062,,,,,6878.95361328125,145.37730407714844,,,,,6696.48486328125,140.121826171875,,,,,6738.3828125,142.21517944335938,,,,,33185988584,11946658257,,,
2020-04-05,,6791.12939453125,143.54664611816406,,,,,6883.4140625,146.12852478027344,,,,,6715.92919921875,142.10208129882812,,,,,6862.53759765625,145.26101684570312,,,,,29510409856,11280993591,,,
2020-04-06,255.642333984375,7271.78125,169.13587951660156,58.63953399658203,242.84463500976562,44.952091217041016,257.1980758172996,7271.78125,169.27264404296875,59.014210036271294,244.80677011871967,45.069034347936686,244.6012485545011,6782.8896484375,143.5446014404297,55.755606124149715,227.54193143111638,43.63869954408986,245.14810474283652,6788.0498046875,143.60821533203125,56.1520919468335,236.40815247528656,43.746651801021486,807600.0,46896904615,21636382525,63320000.0,188061200.0,7370300.0
2020-04-07,257.01885986328125,7176.41455078125,165.10194396972656,58.608306884765625,243.09214782714844,44.72719955444336,265.21246399294574,7427.939453125,175.20413208007812,60.50251369057454,252.1692448567199,46.166528783764065,255.51968875853944,7136.71435546875,164.2033233642578,58.34514131104988,242.8721058082998,44.67322342148199,264.4392978812701,7273.64404296875,169.14744567871094,60.315667229775336,251.4173973177496,46.139542433099166,768200.0,44243482668,21659346091,61620000.0,201427200.0,6568700.0
2020-04-08,262.66668701171875,7334.0986328125,172.64173889160156,59.81956481933594,251.2525177001953,45.221946716308594,265.2690369873106,7356.2236328125,173.21026611328125,60.21109350341691,253.05877164603706,45.51880672379439,258.7349056609357,7153.3056640625,164.49319458007812,58.67719432513304,243.2023158663454,44.56525286110011,262.1481161220669,7179.283203125,165.24032592773438,59.62627903343339,245.6870517677705,45.167970609661225,891700.0,37563249549,17063110836,40334000.0,153774500.0,6325900.0
2020-04-09,260.99786376953125,7302.08935546875,170.80714416503906,59.79825973510742,255.07577514648438,43.47677993774414,268.8426098311626,7341.4482421875,172.8977813720703,60.56248317290745,257.8264124285201,45.57280326020676,259.40439882656455,7179.09423828125,167.98712158203125,59.09697763876301,252.5726851466973,42.92803461820427,266.0988334283204,7337.96630859375,172.76126098632812,60.3736591485406,254.50728660421632,45.230961294789374,728900.0,34815139178,14901696210,54028000.0,189999200.0,12274000.0
2020-04-10,,6865.4931640625,158.41244506835938,,,,,7303.8154296875,170.94976806640625,,,,,6802.47509765625,154.9144744873047,,,,,7303.8154296875,170.8292694091797,,,,,43622840992,17980944616,,,
2020-04-11,,6859.0830078125,158.2160186767578,,,,,6926.06982421875,161.16757202148438,,,,,6789.9208984375,155.29833984375,,,,,6867.4404296875,158.5389862060547,,,,,31222085946,13555089447,,,
2020-04-12,,6971.091796875,161.14242553710938,,,,,7119.947265625,164.51695251464844,,,,,6811.078125,156.3205108642578,,,,,6858.06787109375,158.23239135742188,,,,,35759567632,15123721386,,,
2020-04-13,258.44268798828125,6845.03759765625,156.27955627441406,59.98856735229492,252.74697875976562,43.85459899902344,260.37557505052354,6965.61669921875,160.74969482421875,60.192262693866695,254.44321124594032,44.160456852384435,256.47207777513836,6668.259765625,151.61448669433594,58.59690819494701,248.85024130979565,43.1439287762683,259.14984600241866,6965.61669921875,160.72067260742188,59.54698356017191,254.10397034489313,43.84560469376186,789400.0,38619308647,16465282133,38702000.0,114839100.0,9873200.0
2020-04-14,272.4255065917969,6842.427734375,157.5963897705078,62.70547866821289,260.201171875,45.54581069946289,277.92249686418353,6958.55712890625,160.94427490234375,63.22685269710416,261.2188944182337,46.12154229009595,268.76713839682395,6793.8212890625,155.86593627929688,60.887099444718835,252.60941275513804,44.93409502650752,270.5963224943104,6843.28173828125,156.35595703125,61.453579036793315,257.6247434043118,44.979073413594925,1700600.0,34110434052,14723156630,63358000.0,134143400.0,11068800.0
2020-04-15,266.3533935546875,6642.10986328125,153.28689575195312,62.31245803833008,254.67242431640625,44.673221588134766,268.2863092428164,6928.66455078125,160.71112060546875,63.19513022880909,260.3387321420968,44.95209311620984,259.33838429124575,6633.40283203125,152.80284118652344,61.15769674468202,252.5635849639978,44.115481963616055,261.10158897485536,6845.5615234375,157.56564331054688,61.77769872269355,254.49821499657006,44.76317837441373,1487600.0,32288311031,14171753737,42236000.0,121775000.0,9398100.0
2020-04-16,275.69732666015625,7116.80419921875,172.15737915039062,62.31890106201172,255.90097045898438,47.13806915283203,275.83875250536585,7134.45068359375,173.1572723388672,63.10840152659315,256.7536613333941,47.80375750129684,269.8232192859016,6555.50439453125,150.3594207763672,61.36585370716055,252.8385975263279,46.49036941345577,273.2741250063458,6640.4541015625,153.20042419433594,62.80013418506722,255.94680322305484,46.60731596231668,1212000.0,46783242377,22910469236,57896000.0,131798300.0,18615900.0
2020-04-17,278.76165771484375,7096.1845703125,171.63858032226562,63.38792419433594,262.8143005371094,48.29852294921875,284.2114871569871,7167.18310546875,174.27590942382812,63.93308931599049,263.4194162623719,48.74831363821675,276.8381800369312,7050.33203125,169.75157165527344,62.74363573527321,258.9267132107058,47.677813033788524,284.04177615508235,7116.552734375,172.2794189453125,63.52173597337611,261.65902364519036,48.69434095178059,899100.0,32513423567,16714684266,51050000.0,146684800.0,11288500.0
2020-04-18,,7257.6650390625,186.91400146484375,,,,,7269.95654296875,187.9404754638672,,,,,7089.2470703125,171.61807250976562,,,,,7092.29150390625,171.61807250976562,,,,,32447188386,20160323443,,,
2020-04-19,,7189.4248046875,181.61495971679688,,,,,7280.52197265625,188.0989227294922,,,,,7167.0546875,180.12081909179688,,,,,7260.92236328125,186.8619842529297,,,,,31311210215,19146038381,,,
2020-04-20,274.92413330078125,6881.95849609375,172.2971649169922,62.503265380859375,258.1840515136719,47.30898666381836,280.9868558295791,7240.29052734375,186.0835418701172,63.27987960151955,262.95183530213035,48.41547139040754,274.79214544967806,6835.5029296875,170.32127380371094,62.26983493676543,257.96400942467557,47.28200031954057,274.99014161349777,7186.87353515625,181.480224609375,62.93642471323275,259.11925837284326,47.67781490601475,510100.0,37747113936,21266681335,35292000.0,100109300.0,9901700.0
2020-04-21,265.0334167480469,6880.3232421875,172.73770141601562,60.075294494628906,250.34469604492188,46.21150207519531,271.12439696722356,6934.5517578125,175.178466796875,61.95066327946131,254.92909188820968,46.60732014326842,262.65737595270616,6834.4423828125,170.55284118652344,59.720439401400704,249.4094613850949,45.446859149996044,269.7289567684849,6879.7841796875,172.01771545410156,61.58936885642568,253.72798241574282,46.418405414582985,663700.0,32589741511,16458767984,49648000.0,126385700.0,13102500.0
2020-04-22,278.1205749511719,7117.20751953125,182.59957885742188,62.36747741699219,255.90097045898438,47.632843017578125,278.5920136971464,7145.86572265625,183.75100708007812,63.43153994426798,257.6430352076185,47.776775926073036,271.76558986322357,6867.78173828125,171.82659912109375,61.31629733223083,253.89300292832246,47.1470681645461,273.43447266521184,6879.4404296875,172.67039489746094,61.51007845827195,255.21331111234483,47.21003859753567,596100.0,33249153866,17994666395,46296000.0,92951600.0,8255500.0
2020-04-23,272.86871337890625,7429.724609375,185.02867126464844,62.9998664855957,255.88265991210938,47.35397720336914,280.18545119926443,7491.78515625,189.0888671875,63.84140722065894,260.3387078110824,47.79477371896128,271.84098046743173,7081.5947265625,180.3406524658203,62.472544668602076,255.5801020580558,47.01213521770371,274.3207526294519,7121.30615234375,182.62017822265625,62.73075313152235,257.1754630685727,47.50690786733722,730500.0,43500782316,21275740032,34202000.0,104709700.0,7619900.0
2020-04-24,276.5626220703125,7550.90087890625,189.2369384765625,63.268978118896484,259.4493713378906,47.434932708740234,277.15016139813525,7574.19580078125,190.21038818359375,63.32399034066813,260.11870338954105,47.57886561337307,270.99991215556275,7434.181640625,185.22210693359375,61.65330368753236,255.35091919954365,46.77823861687598,274.7147189186147,7434.181640625,185.22210693359375,62.19846879323134,257.39557038512345,47.31798615134132,464200.0,34636526286,16788555028,37402000.0,85063200.0,5701800.0
2020-04-25,,7569.93603515625,195.5153045654297,,,,,7641.36376953125,196.79237365722656,,,,,7521.67236328125,188.45953369140625,,,,,7550.48291015625,189.2073974609375,,,,,32941541447,18260969748,,,
2020-04-26,,7679.8671875,197.31753540039062,,,,,7700.59423828125,199.344970703125,,,,,7561.40771484375,194.76806640625,,,,,7570.13916015625,195.41358947753906,,,,,33070154491,18335367012,,,
2020-04-27,275.6717834472656,7795.60107421875,197.22471618652344,62.984500885009766,263.1902160644531,48.1366081237793,279.3297328494901,7795.60107421875,199.55279541015625,64.1362902612002,264.3088100325091,48.3525092097032,275.0842442129249,7679.4189453125,193.45416259765625,62.697048874068805,260.9622058760842,47.65083668580535,278.4105098447883,7679.4189453125,197.47572326660156,64.03220981010499,261.4206455682229,47.81276164234045,689100.0,36162144725,18670194595,44186000.0,77896600.0,5812300.0
2020-04-28,276.16461181640625,7807.05859375,198.41539001464844,61.08782196044922,261.97991943359375,47.4619255065918,282.0116053542049,7814.52734375,198.7865447998047,63.67339274554905,267.1786091367333,48.33452078981654,275.8518706273661,7730.806640625,194.84942626953125,60.97829284393305,261.6773336103177,47.38996076031012,282.0116053542049,7796.97021484375,197.2735137939453,63.59608296834432,266.83019054311086,48.13661173218661,532000.0,33187959921,18217507467,80700000.0,105270000.0,8561100.0
2020-04-29,287.8112487792969,8801.0380859375,216.96823120117188,66.51914978027344,268.83819580078125,49.00920104980469,288.80630027480987,8871.75390625,218.4546356201172,67.40975100521514,270.36939668055743,49.19811234638457,279.88889557556394,7786.04931640625,198.12451171875,65.75344053982592,266.2709447231819,48.06464113527409,280.7891472105169,7806.71240234375,198.46519470214844,66.65890931799292,267.29784515422165,48.35250694862377,968000.0,60201052203,26397548759,108358000.0,118745600.0,8565500.0
2020-04-30,273.3312072753906,8658.5537109375,207.60205078125,66.7431640625,266.3351135253906,47.79477310180664,285.74545189111564,9440.650390625,227.52969360351562,66.90671471706656,268.9390474225819,48.9462364934345,272.0329289102722,8533.255859375,206.43692016601562,65.4942366036605,264.60219818898923,47.641842439813296,285.58433835703215,8797.669921875,216.9091339111328,65.98290723515986,267.462857175173,48.75732517417648,846300.0,66964629541,28089191904,55842000.0,122901700.0,6337900.0
2020-05-01,264.45166015625,8864.7666015625,214.21910095214844,65.28707885742188,259.2842712402344,45.96862030029297,269.00037638819146,9048.0234375,217.62802124023438,66.97759396680019,266.5001059124838,47.28201209898858,263.6366936403738,8667.763671875,207.7808837890625,64.90744952945606,258.1198167734185,45.959625993836525,269.00037638819146,8672.7822265625,207.9017333984375,65.62260463477621,261.5947967015309,47.210043920810584,862800.0,44068389997,20816320834,48872000.0,125180000.0,10238700.0
2020-05-02,,8988.5966796875,215.32537841796875,,,,,9007.1875,215.8475341796875,,,,,8811.3662109375,212.87867736816406,,,,,8869.0576171875,214.23008728027344,,,,,40134388683,18260876092,,,
2020-05-03,,8897.46875,210.9331512451172,,,,,9167.78125,219.2708740234375,,,,,8830.9716796875,208.69236755371094,,,,,8983.6142578125,215.35206604003906,,,,,47101785174,20469034664,,,
2020-05-04,268.35601806640625,8912.654296875,208.17401123046875,65.56363677978516,259.99945068359375,46.91318130493164,268.4034180063594,8956.90625,211.82838439941406,65.64145324251461,260.30200851871746,46.94016765451751,261.5139712123377,8645.0244140625,199.0477294921875,64.23095612274317,255.92850465269154,46.13054285062714,264.96343749534753,8895.7451171875,210.89085388183594,64.83163266643618,257.40466678621465,46.589331383375495,1036900.0,45718796276,22602446422,30806000.0,80873200.0,7514000.0
2020-05-05,273.25543212890625,9003.0703125,206.77439880371094,66.85813903808594,262.4017639160156,46.51736068725586,277.66200769570014,9062.4150390625,211.77862548828125,67.94797757548697,265.2074131354292,47.29999909913337,269.4458529684189,8856.8271484375,204.0311279296875,66.16479379429924,260.1278925305998,46.40041755763565,269.4458529684189,8912.83203125,208.01300048828125,66.28720533242121,262.81437091102384,46.96715145800472,821600.0,43148462663,19004689099,39666000.0,79569900.0,7780700.0
2020-05-06,276.6195068359375,9268.76171875,204.0557861328125,66.68021392822266,260.6229553222656,46.89518356323242,280.2963998117737,9411.4677734375,211.5346221923828,67.83299368674318,264.4830095523587,47.3359765671888,275.5676274013212,8966.7060546875,204.04087829589844,66.66534637634712,260.192020908388,46.77823700985111,278.50535325768755,9007.44140625,206.48135375976562,67.30319157621601,264.09793589455825,46.87719152181753,552400.0,49371886931,20343543799,31732000.0,73632600.0,8206700.0
2020-05-07,283.9069519042969,9951.5185546875,212.28941345214844,67.86225128173828,263.7679443359375,47.075103759765625,284.4092061176634,9992.6640625,214.39247131347656,68.19530421185752,265.69339729450144,47.65982970333185,279.1307795318838,9138.322265625,202.07484436035156,67.0326098611395,263.2636716953138,46.868196985183445,282.3433324792903,9261.8955078125,203.91285705566406,67.4672552406405,263.8321326301108,47.63284335518255,570800.0,61112700562,23594744655,30652000.0,75250400.0,5493400.0
2020-05-08,288.4651184082031,9842.666015625,212.9915771484375,68.60862731933594,268.1321105957031,47.59685516357422,288.569375114362,9996.7431640625,216.3276824951172,69.21821972421975,268.5997278633129,47.98367546795465,283.76477494210127,9767.1728515625,208.8307342529297,67.99754513410797,265.7665469864243,47.20104055446374,284.50394197475447,9936.162109375,212.1982421875,68.48373532754027,266.8943182867482,47.33597571520026,680600.0,51780748042,20445139356,33326000.0,76452400.0,6086000.0
2020-05-09,,9593.896484375,211.60012817382812,,,,,9913.86328125,214.73912048339844,,,,,9580.64453125,209.07151794433594,,,,,9840.90625,213.1421661376953,,,,,46566121841,18950547549,,,
2020-05-10,,8756.4306640625,188.5995635986328,,,,,9595.5810546875,211.5522003173828,,,,,8395.107421875,182.71116638183594,,,,,9591.1689453125,211.5522003173828,,,,,63325279337,25211575193,,,
2020-05-11,288.4556579589844,8601.7958984375,185.912841796875,69.56265258789062,268.1872253417969,47.13806915283203,289.79182114285226,9033.470703125,191.36233520507812,70.15440536470928,269.56254444611375,47.524889449222755,282.7318347221557,8374.3232421875,180.7183380126953,68.17050218936608,265.7850057832069,47.12007711211259,282.96874760043477,8755.53515625,188.63218688964844,68.2344341762699,266.20676247386785,47.32698043293981,513600.0,57119858802,20054601647,32718000.0,79514200.0,6459300.0
2020-05-12,281.1018371582031,8804.4775390625,189.3125,68.15464782714844,262.8418884277344,45.96862030029297,289.88655515464785,8949.8984375,191.60134887695312,70.09493912167385,269.78264576548486,47.35397684553497,280.7322392335505,8569.6435546875,185.70179748535156,68.12144160874564,262.7043341023588,45.95063168738008,289.39378684180303,8610.3857421875,185.87733459472656,69.79212805419837,269.37006673219304,47.35397684553497,481700.0,42142717533,15899726284,33918000.0,95870800.0,8584500.0
2020-05-13,278.8275146484375,9269.9873046875,199.1932830810547,66.82395935058594,258.19329833984375,45.80669021606445,285.68850233749936,9317.87890625,200.19732666015625,68.65770538437538,263.31865189419375,46.796231965726065,275.52967697710557,8805.3876953125,189.12770080566406,65.81689032510918,255.7727227895186,45.410875575178544,282.86449042193203,8805.3876953125,189.3740997314453,68.20323154118306,262.2825734797414,46.69727744759678,1142300.0,45558144023,17054662289,40368000.0,144721100.0,8611000.0
2020-05-14,286.7120361328125,9733.7216796875,202.9490966796875,67.24671173095703,261.2830810546875,46.86819076538086,287.85871561568564,9793.2685546875,204.1175994873047,67.27198506358019,261.41142959963264,46.91317258183524,268.4792250343442,9255.03515625,196.8688201904297,65.5834587375986,250.29885756390482,44.7901598745064,271.1895241792729,9271.3291015625,198.89151000976562,66.08996899266552,255.76347804149395,45.365891436162194,1296800.0,56426907637,20150524861,36660000.0,121977900.0,13695600.0
2020-05-15,277.22607421875,9328.197265625,195.62266540527344,68.04957580566406,262.48419189453125,44.79916000366211,280.7134260094844,9755.828125,203.56639099121094,68.1249042358689,262.53002466488874,45.923636928611614,274.91380144184075,9261.3984375,193.75567626953125,66.3615413837583,257.95480613821377,44.42133740406207,277.42507300527615,9734.291015625,202.9553985595703,66.82047687656434,258.89919065123917,45.48284389574491,957200.0,48158802327,16602342092,41544000.0,111146300.0,17777200.0
2020-05-16,,9377.013671875,200.6771240234375,,,,,9564.205078125,202.7711944580078,,,,,9260.6943359375,194.5015869140625,,,,,9333.240234375,195.61338806152344,,,,,36164766408,15379081645,,,
2020-05-17,,9670.7392578125,207.15869140625,,,,,9823.001953125,209.1609344482422,,,,,9349.5458984375,200.10279846191406,,,,,9374.9296875,200.60887145996094,,,,,40084250663,15470397303,,,
2020-05-18,288.9295349121094,9726.5751953125,214.52505493164062,68.65027618408203,270.47943115234375,46.66129684448242,290.5120970242172,9906.0302734375,215.90846252441406,69.02594292518434,272.0839701507051,46.94916268326805,282.07800284702034,9570.359375,207.10906982421875,67.11488697978334,268.3706196611589,45.67175845261076,282.10643124065,9675.6953125,207.17977905273438,67.48064705708735,268.6915050760796,45.82468567812685,997000.0,41827139896,17411566928,47094000.0,119703800.0,12726500.0
2020-05-19,290.2183532714844,9729.0380859375,213.45111083984375,68.11600494384766,267.7012023925781,45.70774841308594,295.6578651526753,9836.0478515625,214.6049346923828,69.01255036140522,271.58876097438247,46.29247447190847,287.8302812329208,9539.6240234375,210.14305114746094,68.0842884983356,267.68287488299757,45.69875067417511,287.915566421437,9727.0634765625,214.6049346923828,68.66513655434181,269.8833792126806,46.193519933680925,687400.0,39254288955,14346192779,31586000.0,95189300.0,12940300.0
2020-05-20,308.5931701660156,9522.9814453125,210.09674072265625,69.83871459960938,272.2489013671875,46.63430404663086,309.18070931997033,9804.7939453125,214.71682739257812,69.98095458703384,273.11076994991015,46.859199416564145,300.92664602354324,9447.201171875,207.97581481933594,68.76127070528746,271.00195923614234,45.42886472652322,301.58052770649834,9725.3291015625,213.4462432861328,68.84750402851577,271.2311790085488,46.40041437181789,1084900.0,36546239703,12730175511,38262000.0,85861700.0,8406200.0
2020-05-21,302.2913513183594,9081.76171875,199.88360595703125,69.71928405761719,270.3693542480469,45.65376281738281,307.47500632742253,9555.2421875,211.62518310546875,70.20051340358503,272.9274551573874,46.96715103247859,300.6898179242593,8869.9306640625,193.346435546875,69.10671203417986,269.2782657160711,45.59978668999473,305.71238836896225,9522.740234375,210.129150390625,69.92941872936086,272.1205969507901,46.86819651474938,639200.0,39326160532,13308321229,30894000.0,78293900.0,7842600.0
2020-05-22,302.6419982910156,9182.5771484375,207.169189453125,70.04093933105469,270.8828430175781,44.79916000366211,302.7746833954018,9232.9365234375,208.59153747558594,70.22728290602076,271.0570523361643,45.752717671406536,297.86585509367984,9008.638671875,198.04086303710938,69.18403566778795,268.8473696991475,44.62824074645703,299.4294744351897,9080.3349609375,199.8371124267578,69.57804104903495,270.08516244349306,45.734725628811596,365400.0,29810773699,12041592114,28544000.0,63958200.0,12462300.0
2020-05-23,,9209.287109375,208.69439697265625,,,,,9302.501953125,210.38645935058594,,,,,9118.1083984375,205.29421997070312,,,,,9185.0625,207.19448852539062,,,,,27727866812,10665476768,,,
2020-05-24,,8790.3681640625,202.37034606933594,,,,,9288.404296875,210.59507751464844,,,,,8787.2509765625,202.37034606933594,,,,,9212.283203125,208.716064453125,,,,,32518803300,11833299572,,,
2020-05-25,,8906.9345703125,205.3197479248047,,,,,8951.005859375,206.3614501953125,,,,,8719.66796875,200.6675567626953,,,,,8786.107421875,201.98265075683594,,,,,31288157264,10415044124,,,
2020-05-26,303.1158447265625,8835.052734375,201.90231323242188,70.44384765625,274.22027587890625,45.716739654541016,308.3469003751236,8991.9677734375,205.75254821777344,71.6204186984946,277.07178533427884,46.238498664157554,302.66099044062395,8757.2939453125,200.2642822265625,70.34621788850302,270.9011769612808,45.689753302882124,305.57974481551906,8909.5859375,205.2595672607422,71.46430181814073,276.8333877387792,46.148538439241754,540400.0,29584186947,10159741290,44590000.0,88951400.0,8872000.0
2020-05-27,301.85546875,9181.017578125,208.86343383789062,70.38984680175781,278.30035400390625,46.54435729980469,302.8694629221526,9203.3203125,208.86343383789062,70.64112062612338,278.3370370080894,46.54435729980469,294.82388101903734,8834.1572265625,201.78506469726562,69.11713546623467,272.1939349208289,45.653769933064375,302.29138039670744,8837.380859375,201.89300537109375,70.3759699104432,277.0075509205538,45.90565170353843,808100.0,32740536902,10631034756,31684000.0,104817400.0,11405700.0
2020-05-28,303.2200927734375,9525.7509765625,219.84042358398438,70.28874206542969,277.7869873046875,45.230960845947266,311.85318522875207,9546.3193359375,220.27650451660156,71.58821644638739,281.3353065447308,46.436400303122085,302.6894101750005,9148.45703125,206.24266052246094,69.33916194732967,277.11765518674065,45.069035886652784,304.44257147199505,9184.9453125,208.88543701171875,69.38475528420979,279.3273381718324,46.29246738726381,797900.0,34367073114,12212469604,35170000.0,90405200.0,8178700.0
2020-05-29,312.2607421875,9439.1240234375,220.6751251220703,71.04602813720703,279.02471923828125,45.27593994140625,312.70613967363454,9573.6669921875,224.2168731689453,71.20511704791316,279.61150744849493,45.63577049354792,307.26659887955844,9379.3388671875,218.23805236816406,70.17673735022835,274.5778489741923,44.85313552521781,308.4132783370765,9528.35546875,219.925048828125,70.39727782191743,277.3193091660714,45.28493424676654,649500.0,32896642044,12265816557,37044000.0,119090800.0,10918500.0
2020-05-30,,9700.4140625,242.34559631347656,,,,,9704.0302734375,243.94314575195312,,,,,9366.7294921875,218.7444610595703,,,,,9438.9140625,220.7172088623047,,,,,32722975141,15027397867,,,
2020-05-31,,9461.05859375,230.9757080078125,,,,,9700.34375,244.04525756835938,,,,,9432.296875,230.05282592773438,,,,,9700.10546875,242.35137939453125,,,,,27773290299,12234904813,,,
2020-06-01,309.626220703125,10167.2685546875,246.99176025390625,71.11292266845703,280.1524353027344,45.905643463134766,310.033703954297,10199.5654296875,248.2362823486328,71.4454764506555,280.75757894742645,46.13053884115386,306.5652955940196,9450.8994140625,230.48805236816406,70.4889542189017,277.8694149921172,45.464850443930786,306.9254078327416,9463.60546875,230.86026000976562,70.65845644685386,278.3828651183529,45.79769464254232,526100.0,35198901068,13951727936,25162000.0,55758300.0,6187300.0
2020-06-02,317.2073974609375,9529.8037109375,237.21905517578125,71.48165893554688,282.4722595214844,46.78723907470703,317.48219557391076,10182.3408203125,252.2220001220703,71.51585582679853,282.51812029080867,46.81422885712131,311.5593736904202,9460.5712890625,233.2252960205078,70.45575219799714,279.7399761761647,46.13954263450126,314.32652879919965,10162.9736328125,246.82818603515625,71.11937002152804,281.06943482955415,46.28347555806161,717200.0,39137252109,13782107567,23442000.0,74267200.0,6063600.0
2020-06-03,328.1717834472656,9656.7177734375,244.1793212890625,71.33000183105469,286.23138427734375,47.73179626464844,329.27106292753916,9682.859375,244.1793212890625,71.8137116263457,287.18494662104723,47.90271551655033,321.111795391075,9471.8466796875,235.46444702148438,70.9518547053143,284.1775835194625,47.15606121436763,322.6849007376715,9533.7607421875,237.3952178955078,71.50098628255836,284.45263612777273,47.35397024514013,693900.0,25007459262,9861760817,27732000.0,92567600.0,8380200.0
2020-06-04,334.6253356933594,9800.63671875,244.4263916015625,70.09347534179688,285.47955322265625,48.829288482666016,334.8907059784208,9887.6103515625,245.92897033691406,71.43260677648456,286.9832488519643,48.91025096448306,328.83519668805053,9525.2470703125,236.7653045654297,69.68262102414685,283.38906933428206,47.70481147500233,329.6407065561647,9655.8544921875,244.10528564453125,71.20759694071805,285.2503333753304,47.73180125669567,884600.0,25921805072,10170414304,26982000.0,75794400.0,13269500.0
2020-06-05,338.52008056640625,9665.533203125,241.22198486328125,71.36817169189453,292.7962646484375,49.65689468383789,345.0967844955471,9869.2373046875,247.32949829101562,71.67941486247041,294.565835177491,50.68241694559515,337.5155722586151,9663.216796875,240.6820526123047,69.76240739637808,290.7974742690629,49.53095383507904,340.2068991323224,9800.2158203125,244.34959411621094,70.15988391423575,290.8616625425781,49.92676842141126,899200.0,23509628646,9293963914,42642000.0,150524700.0,9776100.0
2020-06-06,,9653.6796875,241.9313201904297,,,,,9773.431640625,245.98104858398438,,,,,9591.0244140625,239.7245330810547,,,,,9664.904296875,241.20135498046875,,,,,20438419222,8114873845,,,
2020-06-07,,9758.8525390625,245.16725158691406,,,,,9768.498046875,245.4352569580078,,,,,9458.150390625,236.32525634765625,,,,,9653.0029296875,241.9080810546875,,,,,25015250846,9544883157,,,
2020-06-08,330.9673156738281,9771.4892578125,246.30990600585938,71.76564025878906,296.3354187011719,49.98974609375,333.16587428926204,9782.306640625,246.64419555664062,71.81321492577551,296.52795553104175,50.178657394278325,325.1487210671242,9675.8857421875,241.5421905517578,70.59799261823765,293.0621526886974,49.216105417341126,332.5972775549214,9760.0634765625,245.17857360839844,70.6872055170517,293.60310815038525,50.14267674058097,1001700.0,21486346312,8076783299,33878000.0,73641200.0,6302100.0
2020-06-09,331.0430603027344,9795.7001953125,244.9114532470703,71.96585845947266,294.1257629394531,50.92531204223633,334.65363884639555,9836.369140625,248.34243774414062,72.74495316037958,296.4087837876376,50.943304085013594,327.11031266429006,9664.7197265625,242.3385467529297,71.48412999551343,292.8146040767573,49.43200680803592,328.4749330329108,9774.3603515625,246.17501831054688,71.62686911667684,293.67647298750563,49.73786467198691,737200.0,23717842783,8446545788,33624000.0,77479200.0,9355100.0
2020-06-10,329.7069091796875,9870.0947265625,247.4449462890625,72.59131622314453,292.4845275878906,51.77092361450195,334.91899221746,9908.896484375,248.65115356445312,72.99126556620439,295.5927621739855,52.2117201358431,329.50788155037094,9728.291015625,242.8197479248047,72.07886198518231,291.7693627776029,51.114229417442765,332.63514872505095,9794.119140625,244.8220672607422,72.43321799548916,294.70338803982554,51.114229417442765,997900.0,25706567601,8792990206,31762000.0,95000800.0,9194300.0
2020-06-11,315.46380615234375,9321.78125,231.70266723632812,69.47891235351562,275.62310791015625,49.51296615600586,326.7692846325142,9938.2978515625,249.8883056640625,71.9420714461508,286.2039042091924,50.745391839506134,315.37849204488367,9263.0693359375,229.94297790527344,69.30594657750737,275.07300264511355,49.4859763777298,323.7178448289774,9870.078125,247.5485382080078,71.41821322493519,285.57125517345406,50.24162496846939,919300.0,30247143440,12356528860,47144000.0,209243600.0,9877100.0
2020-06-12,325.1108703613281,9480.84375,237.4932098388672,70.02507781982422,278.92388916015625,50.37657165527344,329.09099008444144,9540.4658203125,239.3546905517578,71.09508812261465,283.3890875968667,51.15920671834673,319.59553061640577,9285.8515625,229.6450653076172,68.68099326977082,273.78020888553783,49.79184221876494,328.1338815486635,9320.6904296875,231.62545776367188,70.6663867539515,282.61891221793167,50.826362473624094,845000.0,22610564515,8868955009,36676000.0,194678900.0,9838800.0
2020-06-13,,9475.27734375,238.90884399414062,,,,,9493.2119140625,239.19309997558594,,,,,9396.009765625,235.88967895507812,,,,,9480.7353515625,237.54461669921875,,,,,17564322315,7141624980,,,
2020-06-14,,9386.7880859375,234.1147003173828,,,,,9482.2705078125,239.10145568847656,,,,,9347.59375,232.95819091796875,,,,,9477.5537109375,238.9681854248047,,,,,18991732746,7439385176,,,
2020-06-15,331.68756103515625,9450.7021484375,229.9289093017578,70.41263580322266,281.5278015136719,50.39455795288086,331.68756103515625,9504.8603515625,234.2378387451172,70.62376113767836,282.65557322051234,50.484514733639806,319.0079774164182,8990.17578125,221.24176025390625,68.75037355248693,272.0747773753375,49.04518565170935,319.84191549000235,9386.03515625,234.0583038330078,68.8638691116069,273.2483818586524,49.21610490780384,598200.0,26699704768,10536099884,30468000.0,135782700.0,7509700.0
2020-06-16,333.62066650390625,9538.0244140625,234.41616821289062,71.68783569335938,286.946533203125,50.19666290283203,336.4162497245573,9579.4306640625,236.39430236816406,72.21812953766074,289.4037909524716,51.2761617308608,328.87295261707305,9400.4453125,228.4261474609375,70.82151691176658,282.0962619316776,49.96277314871468,332.86255694577676,9454.2666015625,229.76229858398438,71.81321926135442,289.25708690915724,50.90733333637779,863900.0,21565537209,7965648016,30648000.0,137627500.0,8827200.0
2020-06-17,343.4384765625,9480.2548828125,233.0282745361328,71.98865509033203,285.7546081542969,50.91631317138672,346.6036299589801,9540.4228515625,235.9540557861328,72.46741153025238,288.25769873534205,51.11422220589896,341.54317304939553,9327.33984375,229.34164428710938,71.12580754686152,285.0210879201945,50.2776111093551,342.46239641005263,9533.7841796875,234.49237060546875,72.00848353832393,287.96429064170104,50.511504228620694,710400.0,20177709879,7701391592,30610000.0,83398900.0,8248700.0
2020-06-18,340.0932922363281,9411.8408203125,232.10116577148438,71.07575988769531,285.8646240234375,50.88912582397461,342.8604193754205,9482.7822265625,234.57064819335938,72.00997330472221,286.34139118127837,51.24258490628551,337.8568188866131,9328.3955078125,228.95143127441406,70.68521806962335,283.78331810749904,50.56285483806119,340.75663116307885,9481.5673828125,232.89869689941406,71.85534618092774,284.2417577526698,50.7894315274693,494700.0,17770083003,6713800872,34862000.0,80828700.0,6831500.0
2020-06-19,341.7895202636719,9288.0185546875,227.13829040527344,70.60592651367188,284.23095703125,50.12783432006836,348.86847897534403,9440.8759765625,232.15411376953125,71.59019503933153,289.5169952642536,51.206338252805246,340.766040325581,9274.2958984375,226.79518127441406,70.32639981826522,282.2878135586834,50.0915812154504,345.63698350198035,9410.2939453125,231.95497131347656,71.36717413263463,289.323611161699,51.18821170049626,786900.0,19632223107,6946372590,52784000.0,135549600.0,6965100.0
2020-06-20,,9332.3408203125,229.27426147460938,,,,,9394.9716796875,231.4490203857422,,,,,9247.3798828125,226.640625,,,,,9290.9599609375,226.9763641357422,,,,,17130541557,6252830566,,,
2020-06-21,,9303.6298828125,228.9898223876953,,,,,9401.107421875,232.35894775390625,,,,,9300.4306640625,228.4929962158203,,,,,9330.9267578125,229.2161407470703,,,,,15324301169,5600408178,,,
2020-06-22,345.219970703125,9648.7177734375,242.53318786621094,71.89549255371094,286.0543212890625,50.7531852722168,345.82645262061766,9655.0732421875,243.77601623535156,71.90986855922523,286.45030759053503,50.7531852722168,340.98396736990765,9296.8720703125,228.9347381591797,70.33582829633444,282.490388367676,50.13689631732839,343.40995287993525,9300.9150390625,229.0033721923828,70.62427101191889,283.6323128106449,50.30003183228629,554500.0,21104009514,9079586552,29442000.0,74649400.0,4480400.0
2020-06-23,347.4469299316406,9629.658203125,244.14215087890625,72.55563354492188,287.3713073730469,51.44197463989258,352.33678580107204,9670.541015625,244.86441040039062,73.11170737614935,289.6275587383942,51.804498758262305,347.3616158543596,9547.2470703125,239.75973510742188,71.61497701926105,286.966102816788,51.23352448188016,351.2090782995485,9644.076171875,242.53701782226562,71.96189927090062,288.6974262655169,51.33321878729615,604100.0,17006433272,6624530348,37752000.0,68471200.0,7836500.0
2020-06-24,342.6518249511719,9313.6103515625,235.7724609375,71.00536346435547,280.0407409667969,51.278839111328125,348.3187914697512,9680.3671875,248.50802612304688,73.14092168287546,285.95302134093265,51.71386594949161,340.70915089709234,9278.2333984375,232.8077392578125,70.87154793471706,278.2081310603143,50.89818846713134,346.4519168126964,9632.1494140625,244.18592834472656,72.52092359316619,285.3359965817493,51.39665650311329,613500.0,18961716076,8815030025,31592000.0,132813500.0,7080200.0
2020-06-25,347.3616943359375,9264.8134765625,232.94448852539062,71.42169189453125,283.0428771972656,51.695743560791016,347.72180658350425,9340.1611328125,236.05340576171875,71.48215278669201,283.30995008269394,51.741058211839935,339.80890966787035,9095.32421875,230.29660034179688,70.35316378712089,277.4529233871567,50.70786895586499,343.49528840002864,9314.126953125,235.70285034179688,70.93203051023997,279.4697269654065,51.260716687606106,465100.0,18616048626,7010426122,23958000.0,89468000.0,4509600.0
2020-06-26,342.822509765625,9162.91796875,229.6680450439453,67.52821350097656,276.32025146484375,51.0522575378418,348.9253894103099,9310.5166015625,233.9019317626953,71.21948135641514,282.1588713157659,51.895119579344936,342.10228517400486,9101.73828125,229.25946044921875,67.15452813817328,275.7400992165521,50.943498245730844,348.1956790466832,9260.9951171875,232.8774871826172,71.00191289630564,281.9470509652658,51.65948136100918,493000.0,18341465837,7187490226,97640000.0,127961000.0,6229300.0
2020-06-27,,9045.390625,222.9597930908203,,,,,9207.810546875,232.49342346191406,,,,,8998.216796875,220.5645751953125,,,,,9167.82421875,229.63148498535156,,,,,17273093144,6918380955,,,
2020-06-28,,9143.58203125,225.34716796875,,,,,9197.546875,228.59828186035156,,,,,8975.525390625,219.47267150878906,,,,,9048.4609375,222.91448974609375,,,,,14560870760,6205925718,,,
2020-06-29,345.71270751953125,9190.8544921875,228.1948699951172,69.24449157714844,280.38153076171875,51.10664367675781,345.98753452520464,9237.5732421875,229.90321350097656,69.28563069385827,280.5196622715444,51.124770228972096,339.36343152378595,9041.8759765625,222.25498962402344,66.98849501522294,275.28887633629,50.445040078724844,343.93111824693284,9140.029296875,225.36143493652344,67.41917770561653,277.5727536803356,51.06132902486526,612800.0,16460547078,6726164653,45074000.0,79773300.0,5016600.0
2020-06-30,348.7641906738281,9137.9931640625,226.31500244140625,70.27930450439453,283.9731140136719,51.4510383605957,349.5981286456269,9217.8359375,229.476806640625,70.57419025687216,285.66762102118946,51.6504269664527,343.2299092210165,9084.837890625,224.815185546875,68.73698108421948,279.7921834155964,50.92537874780404,343.2583376100538,9185.5810546875,227.9684295654297,69.23011349005918,279.94872310498295,50.97975840138853,678600.0,15735797744,6094093001,40286000.0,113394800.0,7158700.0
2020-07-01,348.3471984863281,9228.3251953125,231.11341857910156,71.4662857055664,285.9622497558594,51.4963493347168,350.8110980788908,9309.7548828125,232.75611877441406,71.7874430351496,287.22392574002134,52.085450106004,346.14864014711674,9104.7353515625,224.8357391357422,70.08751285337333,284.62694111006857,51.44196968501331,348.7641674444554,9145.9853515625,226.13458251953125,70.33482396172218,285.08739818187286,51.63229673033258,516600.0,15971550355,6463737443,42182000.0,72396500.0,6866500.0
2020-07-02,353.6825256347656,9123.41015625,229.39219665527344,72.85051727294922,287.5370178222656,53.1276969909668,356.2032823207296,9274.962890625,232.39688110351562,73.77185199898827,290.7325908541107,53.53553569132111,352.9149301646825,9036.623046875,225.4619598388672,71.91580477152797,286.8739585501112,52.52047317055032,354.0047237031929,9231.1396484375,231.28890991210938,71.95397188987388,289.38803604130976,52.52047317055032,449400.0,16338916796,6212210566,57218000.0,69344200.0,10021200.0
2020-07-03,,9087.3037109375,225.38706970214844,,,,,9202.3447265625,229.6293182373047,,,,,9058.794921875,224.91397094726562,,,,,9124.8427734375,229.31895446777344,,,,,13078970999,5109032700,,,
2020-07-04,,9132.48828125,229.07411193847656,,,,,9183.2958984375,230.05413818359375,,,,,9053.6298828125,225.13331604003906,,,,,9084.2333984375,225.28848266601562,,,,,12290528515,5228310135,,,
2020-07-05,,9073.9423828125,227.6645965576172,,,,,9162.18359375,229.85671997070312,,,,,8977.015625,224.54449462890625,,,,,9126.0908203125,228.9761962890625,,,,,12903406143,5292172429,,,
2020-07-06,365.2818603515625,9375.474609375,241.51022338867188,74.32345581054688,291.9757995605469,56.08226776123047,369.1008960075306,9375.474609375,242.13270568847656,74.83640917181805,292.5559799310515,56.308844469347754,363.4244708925905,9058.6640625,227.02952575683594,73.19991930923392,290.6036465664798,54.8859430189541,366.05894178032975,9072.849609375,227.6850128173828,73.75351267291511,291.3495847273951,54.9856338664053,752900.0,17889263252,8782917553,44712000.0,61713800.0,12725600.0
2020-07-07,362.0219421386719,9252.27734375,239.07553100585938,73.84123229980469,288.96441650390625,55.02187728881836,368.2669642357866,9360.6171875,242.68185424804688,75.39743275025508,292.4086261412663,55.73786039024649,361.87980014800166,9201.8154296875,234.21865844726562,73.83032740946122,288.58683836174674,54.994689194959385,365.2250099552886,9349.1611328125,240.97259521484375,74.1490043020227,290.43788464051073,55.52034526751792,410900.0,13839652595,6441497597,42364000.0,82910000.0,6672300.0
2020-07-08,371.4130859375,9428.3330078125,246.67001342773438,74.51922607421875,291.1746826171875,56.725746154785156,371.62157044702553,9450.3359375,248.30886840820312,74.89440122654209,291.28518783880827,56.8616935658587,366.6369426793303,9249.5,238.39837646484375,73.95918956859587,287.96991877388723,55.73787154520471,368.4753601832878,9253.0205078125,239.15997314453125,74.380457171251,289.72884039147516,55.864753951654,599300.0,19702359883,9892586411,31766000.0,54638600.0,8721900.0
2020-07-09,374.0570373535156,9277.9677734375,243.01596069335938,75.2656021118164,289.5169677734375,58.71055221557617,374.9667747837464,9431.37890625,247.2916717529297,75.7849985849552,292.0218551502653,58.88275271677213,365.88828526199427,9234.9990234375,239.89865112304688,74.12224472312172,286.1095744969354,56.997632951230266,374.7488334265216,9427.994140625,246.748291015625,74.83293808896195,291.78240850045916,57.05201260275836,644200.0,18000702524,8429099199,41836000.0,83354200.0,16903300.0
2020-07-10,375.1278991699219,9278.8076171875,240.9849853515625,76.27416229248047,292.4731140136719,57.8676872253418,378.2930521070182,9287.4716796875,242.8837890625,76.38963919030913,292.74018697945144,58.51116421723547,371.4320636397814,9118.001953125,236.73052978515625,74.37649193816277,288.02511114921197,57.2695248815432,378.18879539051005,9273.357421875,242.86801147460938,74.9974808669184,289.45251680342045,58.429599925035966,667200.0,16860035605,7281370522,35918000.0,57550400.0,10700000.0
2020-07-11,,9240.3466796875,239.4581756591797,,,,,9293.5322265625,241.52748107910156,,,,,9199.4853515625,238.33123779296875,,,,,9277.51171875,241.04478454589844,,,,,13249910444,5643067316,,,
2020-07-12,,9276.5,242.13169860839844,,,,,9319.4189453125,243.31114196777344,,,,,9197.4501953125,237.7702178955078,,,,,9241.0546875,239.4596405029297,,,,,14452361907,6596394718,,,
2020-07-13,368.2763671875,9243.6142578125,239.60458374023438,74.94692993164062,289.9406433105469,58.9733772277832,381.78040274501,9306.4052734375,244.31051635742188,78.12524419545197,297.1882340667077,60.79505564740057,367.56562847394684,9224.29296875,238.2323760986328,74.66592103825721,289.2868020526864,58.89181294303702,377.0326588840646,9277.205078125,242.18186950683594,76.8158557336052,294.81228763297554,59.09119461060707,1083600.0,17519821266,7787751468,42954000.0,102997500.0,16667700.0
2020-07-14,376.0566101074219,9243.2138671875,240.21148681640625,75.37464904785156,293.69793701171875,60.68628692626953,376.7389204859031,9283.841796875,242.0037841796875,75.47079662526262,294.47150148289853,60.74972810940776,365.23444392544167,9171.6611328125,237.7961883544922,73.64350110242074,287.3251990766644,59.209009710581924,366.39058015231166,9238.703125,239.97561645507812,73.98348873693753,288.5223761645233,59.8162334512722,880100.0,18085038362,7357458555,38108000.0,93657000.0,10482700.0
2020-07-15,355.77685546875,9192.8369140625,238.42352294921875,75.1773910522461,296.39617919921875,59.870628356933594,367.39507406482545,9275.3251953125,241.40269470214844,76.14133958926885,297.49206911744704,60.91288261836818,353.0097288191351,9171.93359375,237.09617614746094,74.2332634031044,294.0202053194717,59.0549577227933,366.90230561325893,9241.8974609375,240.14364624023438,75.49209774784732,296.9118887955538,60.88569451917317,1640300.0,15844731575,6189328448,31026000.0,87196500.0,12432500.0
2020-07-16,365.0543518066406,9132.2275390625,233.64088439941406,75.08025360107422,295.42010498046875,60.350975036621094,373.242046621333,9214.3125,239.00625610351562,75.12931805048628,295.871343992354,60.387228143501936,353.30347770887033,9088.947265625,231.6211700439453,73.7594610074224,293.85453943512255,58.2936613517882,354.5164706043815,9191.98046875,238.45091247558594,74.41514596762937,294.49919068416483,59.254344483124704,2240900.0,15713967523,5832057567,26484000.0,54622500.0,15709400.0
2020-07-17,363.50970458984375,9151.392578125,232.77308654785156,75.17588806152344,296.27655029296875,60.178775787353516,366.7885713061982,9182.25390625,234.41506958007812,75.50199870551376,297.059333070297,61.62886535394358,360.2118663310607,9089.2021484375,232.10997009277344,74.24662813216946,294.45312985797676,60.1515876883819,365.2533802112587,9131.8125,233.69139099121094,75.17886005983264,296.42389995374253,61.00351141930655,1048700.0,13944570749,5859850529,34264000.0,62774900.0,11716600.0
2020-07-18,,9159.0400390625,235.4838104248047,,,,,9230.9833984375,236.54397583007812,,,,,9100.82421875,232.32489013671875,,,,,9151.18359375,232.85568237304688,,,,,12252601475,5397402117,,,
2020-07-19,,9185.8173828125,238.48751831054688,,,,,9201.3984375,239.1606903076172,,,,,9097.6328125,233.2797393798828,,,,,9158.005859375,235.4582977294922,,,,,12939002784,6251377305,,,
2020-07-20,370.9867248535156,9164.2314453125,236.15316772460938,77.50475311279297,298.6710205078125,60.62287139892578,371.9248908501968,9214.2705078125,239.5762481689453,77.76098024738981,299.41695906223595,60.704442620093495,362.0787750909467,9137.509765625,234.85264587402344,74.47462260455251,295.2636253523831,59.63500014133582,363.8129940230362,9187.220703125,238.494873046875,75.08421510478026,296.00956390680653,60.45067086557317,972600.0,13755604146,5600686192,30166000.0,56308800.0,6357300.0
2020-07-21,363.7276306152344,9374.8876953125,245.0167236328125,77.11222839355469,299.3063049316406,61.456668853759766,371.75424052750014,9407.2626953125,246.18626403808594,78.65505117777408,301.0744442907489,62.76175300619082,363.10217711193735,9149.3896484375,235.68096923828125,76.94867771392333,298.3209200855165,61.3660395464127,371.6120985767578,9162.5146484375,236.30250549316406,78.55494094995885,300.632423503006,62.39016385712306,823700.0,18069581956,6806696015,27486000.0,57292200.0,10619700.0
2020-07-22,372.04803466796875,9525.36328125,262.1906433105469,77.55480194091797,301.00994873046875,62.109214782714844,373.8959379892139,9530.5185546875,262.98504638671875,77.6603646078769,301.323084234717,62.44455084673065,369.3472217461138,9319.6533203125,242.48434448242188,76.48330192524752,298.8366050924752,61.656061303296724,372.06697728930334,9375.080078125,245.03726196289062,77.10181793412379,298.94711028029644,61.71950251383233,710100.0,16532254884,7702077383,24482000.0,57792900.0,7366100.0
2020-07-23,364.1161804199219,9581.072265625,274.6890563964844,75.17093658447266,297.4184265136719,61.05789566040039,373.5737247684709,9610.2470703125,277.5834655761719,77.82738133717842,301.3507479273714,62.082019923171536,361.8986791722652,9483.00390625,261.0470886230469,74.76651793434812,296.05549155599056,60.495982917835036,369.6314906881818,9527.1416015625,262.3886413574219,77.60832312561183,300.65084417889534,61.86450821280572,990800.0,18146399002,10281309262,33910000.0,75738000.0,8559500.0
2020-07-24,348.4324645996094,9536.892578125,279.2154235839844,74.7477035522461,295.5028991699219,66.97605895996094,355.5209075802332,9623.3369140625,286.1928405761719,75.10553072084302,296.52510025578465,69.68591375128807,347.570098343355,9481.4541015625,269.2397766113281,73.7257669453533,294.001804800679,64.66497436975557,351.5881600001916,9585.5146484375,274.7226867675781,74.3006710392535,295.56736989715625,64.71029246547356,1628900.0,16552768325,9466060358,29902000.0,73766600.0,41226800.0
2020-07-25,,9677.11328125,304.0567626953125,,,,,9704.556640625,306.7409973144531,,,,,9530.2119140625,279.0263671875,,,,,9539.4853515625,279.0263671875,,,,,16610070933,10785021813,,,
2020-07-26,,9905.1669921875,309.64361572265625,,,,,10023.8076171875,316.3863220214844,,,,,9652.84765625,300.267822265625,,,,,9680.234375,303.6923828125,,,,,20507998997,12003973026,,,
2020-07-27,361.7944030761719,10990.873046875,321.51409912109375,75.79937744140625,297.6578369140625,75.45003509521484,363.69919192225274,11298.2216796875,330.7012023925781,76.20230640806061,297.8328128298591,75.58598248730972,356.56337699682257,9903.9697265625,309.6579284667969,74.95189639606012,295.4015862760953,72.89425039920305,358.2027956489942,9905.2177734375,309.6579284667969,74.99798885025126,296.19358696402725,73.73711593270542,1080300.0,35359749590,15644257058,27124000.0,48293000.0,39899200.0
2020-07-28,356.6581726074219,10912.8232421875,316.6572570800781,74.52169799804688,295.7700500488281,69.71312713623047,361.7565432759469,11204.3271484375,325.9059753417969,75.62986776248196,298.04470943209714,72.12390688003883,356.4970880169488,10632.6318359375,307.7213439941406,74.3665717756482,295.4753507358692,69.32341488120028,361.15951808999955,11017.4638671875,321.8297424316406,75.57981265274391,296.93038292448483,71.91545324450371,502000.0,28766551142,12357108065,30910000.0,57495000.0,31500100.0
2020-07-29,345.5326843261719,11100.4677734375,318.1908874511719,75.50596618652344,299.4075927734375,74.92437744140625,346.992075729655,11304.3974609375,324.38079833984375,75.99264795596048,299.9693649980808,75.55879631581318,342.75607237982666,10856.1416015625,313.1095886230469,74.4899737531513,296.60800599281623,69.83999601542003,345.89279652235865,10912.953125,316.55535888671875,74.58860175422343,296.64485042658015,69.88531411879616,1446700.0,24617249715,10878845706,22676000.0,48454200.0,28304000.0
2020-07-30,343.7417297363281,11111.2138671875,334.5866394042969,76.242431640625,298.33935546875,72.44111633300781,343.82701492343557,11169.3564453125,338.6311950683594,76.36732362571118,298.7537780991364,73.66462935865279,336.28368616996454,10895.455078125,315.7510986328125,74.10141321799958,294.36102749576685,71.2447914101102,337.2218810682192,11099.8330078125,318.1449890136719,74.24018209031756,296.44227447076116,72.51362255004972,1010400.0,22857247901,11827689045,36042000.0,61861700.0,16820300.0
2020-07-31,335.2033386230469,11323.466796875,345.5546569824219,73.74359893798828,300.6968078613281,71.49855041503906,343.2015207631086,11415.8642578125,348.6113586425781,74.5895976539911,300.7981230082648,72.29609799363439,332.379326329981,10987.0537109375,329.3409423828125,72.06101661639134,295.9172622915835,70.2478493888065,343.0025220166945,11110.2109375,334.63372802734375,74.19460163241017,300.1258457184252,72.16921558146178,954900.0,23160469766,12030600492,91468000.0,84986800.0,12021200.0
2020-08-01,,11759.5927734375,385.19970703125,,,,,11794.775390625,388.84796142578125,,,,,11239.6826171875,343.5874328613281,,,,,11322.5703125,345.7986145019531,,,,,26075670303,14045259477,,,
2020-08-02,,11053.6142578125,370.6717224121094,,,,,12034.14453125,411.2283020019531,,,,,11018.1298828125,357.1436462402344,,,,,11758.7646484375,385.54986572265625,,,,,27410067336,18909744275,,,
2020-08-03,347.4185485839844,11246.3486328125,386.295166015625,73.48636627197266,302.7873840332031,71.55291748046875,347.93028855942396,11453.0791015625,396.5069885253906,74.22828438434372,303.551730444188,71.73418298512404,340.9840148685026,11012.4150390625,369.3363342285156,72.93921612706687,301.8112172413089,70.157211124769,342.1211794672174,11043.7685546875,371.13385009765625,73.89474754858149,302.35455324026356,70.48347520400453,862400.0,20271713443,12834648062,45482000.0,53077900.0,10129800.0
2020-08-04,350.9437561035156,11205.892578125,389.87548828125,73.01753997802734,303.9568786621094,72.67672729492188,352.4031474646873,11385.3818359375,400.70062255859375,73.99933560623647,303.9568786621094,72.67672729492188,348.9252827655655,11094.1455078125,382.985107421875,72.55811283263415,301.930856580021,71.36257859736705,349.14322409481247,11246.203125,386.1564636230469,73.68214847232768,301.930856580021,71.89730307832261,833400.0,21250197042,14086704221,37212000.0,41917900.0,12569400.0
2020-08-05,349.21893310546875,11747.0224609375,401.590576171875,73.30448913574219,305.84478759765625,73.98181915283203,353.6728761401503,11786.6171875,406.303955078125,73.84519626003934,306.10267054186585,76.12976868718052,347.51314369046946,11158.28515625,386.2184753417969,72.91444645952018,304.98834417548517,73.02113618920444,351.5880609707306,11203.8232421875,389.7108154296875,73.19199180453877,305.2554171505095,73.392725283934,591300.0,24411254471,12875466638,29134000.0,42697700.0,14436300.0
2020-08-06,349.9013977050781,11779.7734375,394.9619445800781,74.58612823486328,307.8891296386719,72.97582244873047,350.214109996669,11902.3359375,403.4886779785156,74.65155001959869,308.0088529414731,74.40778889059251,345.1157399505084,11598.7138671875,392.6001892089844,72.94815610602834,304.94222204199883,72.70393455018943,348.78314687931805,11749.87109375,401.5838623046875,73.15878990214848,305.2645475255263,74.35341269379877,402100.0,23400740340,11304626458,33306000.0,43679400.0,9838700.0
2020-08-07,346.9068298339844,11601.47265625,379.5128479003906,74.2600326538086,308.1102294921875,72.53173828125,351.7398588014125,11898.0380859375,398.2490234375,75.33648618211498,308.39571060773704,73.22053344405238,343.36259316718673,11408.59375,367.9355163574219,73.66034676370316,306.0197365507583,71.96983244267176,351.3323466322135,11778.89453125,395.22686767578125,74.7888443063818,306.9222424636981,72.94863861504354,572500.0,23132312867,12751687084,27718000.0,57308300.0,8705800.0
2020-08-08,,11754.0458984375,393.98736572265625,,,,,11800.064453125,393.98736572265625,,,,,11558.431640625,377.3497314453125,,,,,11604.5537109375,379.55157470703125,,,,,17572057837,9342060531,,,
2020-08-09,,11675.7392578125,391.1204528808594,,,,,11806.056640625,399.7370910644531,,,,,11548.7841796875,385.8307189941406,,,,,11737.3251953125,395.30523681640625,,,,,17489608833,9451065592,,,
2020-08-10,346.2813720703125,11878.111328125,395.8875732421875,74.18319702148438,309.0311584472656,72.38672637939453,347.5796501255241,12045.140625,399.3759460449219,74.69515210121888,309.21532440909493,73.27490316846296,340.7186618465789,11662.2568359375,391.04150390625,73.2251850652829,306.62755797641967,71.79762557831813,345.6654043188656,11662.2568359375,391.04150390625,73.8848401459376,308.56148325207386,73.00301527805456,547900.0,26114112569,11685827893,20546000.0,44282100.0,7421400.0
2020-08-11,342.39605712890625,11410.525390625,380.3840637207031,73.37635803222656,306.4801940917969,70.63756561279297,350.03412804634206,11932.7109375,398.4789123535156,74.8582208141743,310.8453459347755,71.77950738672726,341.78008926524916,11195.708984375,370.8606262207031,73.25989046753106,305.7526922046899,70.63756561279297,346.8784603915852,11881.6474609375,395.89471435546875,74.04343941326381,310.2099129722672,71.67981306946062,627000.0,27039782640,12792218737,31098000.0,69601100.0,7056300.0
2020-08-12,355.18927001953125,11584.9345703125,391.024169921875,74.69961547851562,310.7532653808594,71.95167541503906,356.3454060506592,11748.396484375,391.31231689453125,74.91917280883573,311.526829875344,72.09668777994422,346.49932162657035,11249.60546875,367.9236145019531,73.5973897350921,308.8838108265044,70.44721015928388,347.39957323406924,11404.5966796875,380.0638122558594,73.70246084546538,308.91143712616207,70.8369222467538,565400.0,25064548486,12408772745,22512000.0,53774400.0,8354400.0
2020-08-13,355.1419982910156,11784.1376953125,428.7417907714844,75.16598510742188,310.1914978027344,70.96382141113281,358.34506600644806,11796.396484375,432.90460205078125,76.17306163204127,311.4992082489788,71.6888626636189,353.47412186640275,11216.8720703125,379.71087646484375,74.74769707911409,309.2705836615696,70.5378561315792,356.8667025900626,11588.4052734375,390.8381042480469,74.74769707911409,309.9888955675153,71.59823337137962,470700.0,27522199497,18480303526,22388000.0,41816100.0,6551800.0
2020-08-14,351.67352294921875,11768.87109375,437.3978271484375,74.57026672363281,310.2006530761719,71.06352996826172,354.5638488302866,12150.994140625,444.5777587890625,75.32160764285088,310.73479890808306,71.80670137708115,350.3183880696378,11685.455078125,423.3458557128906,74.29123915630834,309.07713692746546,70.73725891906557,351.654551407945,11772.6591796875,428.6772766113281,75.01531784878155,309.8046668206931,71.07258805910323,543900.0,24237958589,15064589987,21942000.0,47260400.0,5611200.0
2020-08-15,,11865.6982421875,433.35491943359375,,,,,11963.203125,441.7546081542969,,,,,11768.697265625,429.8746032714844,,,,,11768.697265625,437.56298828125,,,,,23354924400,12416067894,,,
2020-08-16,,11892.8037109375,433.78662109375,,,,,11934.9013671875,436.2658386230469,,,,,11737.1884765625,415.08624267578125,,,,,11866.685546875,433.3505859375,,,,,20583375490,12168816874,,,
2020-08-17,358.6956481933594,12254.40234375,429.53125,75.14566802978516,311.18609619140625,72.67672729492188,360.5814657902562,12359.056640625,442.7349853515625,75.51936096663643,311.5820825212489,73.31113913886523,356.5539461329406,11806.6962890625,422.64727783203125,74.58861108119994,310.2099294645962,72.19638591099755,356.94248679381514,11895.658203125,433.9737548828125,75.13229025369915,311.2137224910681,72.32326827978622,428200.0,28227687027,13227089410,19990000.0,35481000.0,8663900.0
2020-08-18,357.47320556640625,11991.2333984375,423.6693115234375,77.10528564453125,311.8583679199219,71.96981811523438,363.8793408528656,12335.70703125,432.5802917480469,77.18408519615916,312.281980541681,73.24770696220479,357.2552352458185,11954.525390625,419.6741027832031,75.41477814265448,309.98888529540005,71.82480572474537,363.5286854014755,12251.8955078125,429.66961669921875,75.6353185768315,311.58207682428633,72.70392432701374,466500.0,26043227672,11978984079,28378000.0,38733900.0,6804800.0
2020-08-19,355.3125,11758.283203125,406.4637756347656,76.55169677734375,310.5599365234375,71.18132781982422,360.51509812889987,12028.923828125,427.024658203125,77.75354125629191,312.7516889289628,71.8066816446993,354.3837910030609,11687.3330078125,396.6783447265625,76.32322343836007,309.998164191715,70.91849805160963,360.47721288659955,11990.884765625,423.73858642578125,76.94223100784141,312.23597917424223,71.60729306780746,354400.0,24502851117,13137391167,30472000.0,68054200.0,7976800.0
2020-08-20,352.68756103515625,11878.3720703125,416.4397888183594,78.11979675292969,311.5268249511719,69.61339569091797,353.8342115437087,11900.4111328125,418.73443603515625,78.31407321175054,312.0056901723592,69.87622538919955,349.09595284055774,11710.0634765625,404.0260925292969,76.048661480078,308.70883001435334,68.86116659811972,350.19523233009306,11761.5,406.7589111328125,76.32173749907452,308.83774337602864,69.16930746982055,498200.0,20175242945,10043032427,26382000.0,42207800.0,11457100.0
2020-08-21,352.64013671875,11592.4892578125,389.1263427734375,78.08609771728516,312.6319580078125,71.00006103515625,352.6496224899121,11899.259765625,418.6379699707031,78.89442843243806,312.85296841916903,71.35352699699722,346.40460142127006,11564.9794921875,387.4411315917969,77.42892300821778,310.85457226958493,70.56503770678006,346.9826550614774,11878.0263671875,416.1487731933594,77.89924747722306,311.1953341258538,70.71004317804841,605400.0,23762425999,11781796374,34838000.0,55106600.0,7942300.0
2020-08-22,,11681.8251953125,395.83514404296875,,,,,11689.4072265625,396.4665832519531,,,,,11448.8056640625,382.81463623046875,,,,,11585.4775390625,389.0310974121094,,,,,20224191306,10131847985,,,
2020-08-23,,11664.84765625,391.3844909667969,,,,,11713.4296875,396.49041748046875,,,,,11559.9208984375,385.039794921875,,,,,11679.6962890625,395.5628356933594,,,,,18482062658,8137303970,,,
2020-08-24,358.2028503417969,11774.595703125,408.1441955566406,78.56087493896484,315.7998962402344,71.50761413574219,360.8657492569709,11807.6318359375,409.3885803222656,79.73199354637043,315.87355700727335,72.42298601960907,354.9239836167845,11623.25,389.3146057128906,78.0598171870898,312.604322979584,71.13602499635869,360.3445523994233,11663.689453125,391.6789855957031,78.92365536175714,315.0631480494956,72.25985050480678,590700.0,20681511755,10328860398,25638000.0,48588700.0,6405600.0
2020-08-25,360.8941345214844,11366.134765625,384.00103759765625,79.58677673339844,316.90496826171875,72.54080963134766,360.8941345214844,11778.2998046875,408.5279235839844,79.73694204689417,316.9878471615432,72.93958690488948,356.5728456777644,11189.8505859375,374.3553771972656,78.20056266328037,315.2012714878101,72.02421494270182,359.4442287768156,11773.5888671875,408.0716857910156,78.31058709527157,316.36163229349035,72.36860909694127,378200.0,26301509932,12428442042,25150000.0,38463400.0,6113100.0
2020-08-26,365.7177734375,11488.36328125,386.46612548828125,81.48395538330078,320.0821838378906,74.09058380126953,366.4285122448552,11530.052734375,391.8732604980469,81.9131558254161,320.3492287448196,74.47123101267775,360.1834618079292,11296.9931640625,378.7058410644531,79.3454247617791,316.95108089894495,73.41991867908754,360.1929475797722,11366.89453125,383.9774475097656,79.60908564477356,317.49441695300277,73.63743038352476,417600.0,22466660958,9967343483,52188000.0,50790200.0,7821600.0
2020-08-27,356.5254821777344,11323.3974609375,382.63262939453125,80.7103271484375,320.7820129394531,73.0483169555664,366.5516232703717,11570.7861328125,395.34918212890625,81.67526631440305,322.2278548973866,74.59810054714295,353.70147002966064,11185.94140625,374.8664855957031,80.22909022649999,319.1243787139967,72.65860480695444,366.47582386802145,11485.6083984375,386.60986328125,81.60687253223567,320.94779884525434,74.48028316810071,636100.0,23240415076,10457777652,31350000.0,58034100.0,8018200.0
2020-08-28,359.6053466796875,11542.5,395.8746643066406,81.25101470947266,322.8539733886719,72.90331268310547,360.0033730686107,11545.615234375,397.75762939453125,81.34617159068387,322.98291482090434,73.30208292658476,355.17980107060924,11316.4228515625,381.2738342285156,80.5660938852416,320.61615942116055,72.4229712415834,356.43070809861786,11325.2958984375,382.62957763671875,80.75739831375627,321.80414618704947,72.5589117140358,490200.0,19807127588,9120674421,22418000.0,48588900.0,5699500.0
2020-08-29,,11506.865234375,399.9214782714844,,,,,11585.640625,405.6163635253906,,,,,11466.29296875,393.03741455078125,,,,,11541.0546875,395.6875915527344,,,,,17485597759,8777703481,,,
2020-08-30,,11711.505859375,428.3957214355469,,,,,11715.2646484375,428.6639709472656,,,,,11492.3818359375,399.6083679199219,,,,,11508.7138671875,399.61669921875,,,,,19760127945,11211948040,,,
2020-08-31,354.5922546386719,11680.8203125,435.0797424316406,80.7603759765625,321.6845703125,71.82481384277344,358.62925954845764,11768.876953125,438.5603332519531,81.50229418365015,323.5171807672397,72.28703224648537,353.7678024066803,11598.318359375,419.7701721191406,80.55222264754329,321.4543417386252,71.3172842478409,356.24118802268566,11713.306640625,428.5090026855469,81.45620173894997,322.6423290489599,71.59823714295396,533300.0,22285928250,12774741797,26422000.0,66099200.0,9812900.0
2020-09-01,366.6464538574219,11970.478515625,477.0519104003906,82.02664947509766,324.71429443359375,73.90931701660156,366.6464538574219,12067.0810546875,487.2118835449219,82.23183081944713,324.81558148751446,73.95462820461564,362.31567844785815,11601.12890625,432.0791931152344,80.76038141438515,321.6200086611954,72.49547380787241,364.00249739486065,11679.31640625,434.87445068359375,80.89072586563118,322.5132963995055,72.61329810876664,634500.0,27311555343,18862763756,22652000.0,54908700.0,10193300.0
2020-09-02,377.62969970703125,11414.0341796875,440.0404968261719,85.11476135253906,329.4110107421875,74.47124481201172,380.15045658614673,11964.8232421875,480.33099365234375,85.54643467567958,330.37795938167653,74.96065142361057,370.0484864477486,11290.7939453125,424.46002197265625,82.27989831423639,325.4786892390397,72.39580094441747,374.9478582413747,11964.8232421875,477.00787353515625,82.66746052539978,326.6206419236981,73.72807334578539,904300.0,28037405299,19691854014,49522000.0,69540000.0,12567800.0
2020-09-03,356.4686279296875,10245.296875,385.67193603515625,80.75938415527344,318.074462890625,73.57398986816406,368.930240636854,11443.0224609375,449.532470703125,84.25290404476684,328.1952975781308,74.14496069060431,350.7068900290454,10182.46484375,381.12969970703125,79.67896062981355,315.4958871286197,71.03632793928473,368.73124189924266,11407.19140625,440.239990234375,84.22911293255147,327.7256224995525,73.51961367019047,1258500.0,31927261555,19622845896,63726000.0,148011100.0,20090100.0
2020-09-04,348.1861267089844,10511.8134765625,388.24114990234375,78.36561584472656,315.47760009765625,71.51668548583984,351.5787063527508,10663.919921875,402.4117431640625,81.03097686022531,320.3215899223895,73.83682908925952,334.38829426833684,10207.9404296875,371.6366882324219,76.22261573733604,308.38654915956926,70.15722504672861,346.3666231049338,10230.365234375,384.671630859375,79.74289901970272,318.75605256613443,72.95771023230253,1206300.0,29965130374,16747106257,55850000.0,139156300.0,13638700.0
2020-09-05,,10169.5673828125,335.26007080078125,,,,,10581.5712890625,394.1722717285156,,,,,9946.67578125,316.77435302734375,,,,,10512.5302734375,388.03839111328125,,,,,44916565292,29880047640,,,
2020-09-06,,10280.3515625,353.3622741699219,,,,,10353.927734375,359.7640380859375,,,,,10056.8857421875,319.0419006347656,,,,,10167.216796875,335.3345642089844,,,,,37071460174,27643678917,,,
2020-09-07,,10369.5634765625,352.6734924316406,,,,,10399.1533203125,358.2118835449219,,,,,9916.4931640625,326.2543640136719,,,,,10280.998046875,353.45025634765625,,,,,33703098409,21763614732,,,
2020-09-08,329.16680908203125,10131.5166015625,337.60211181640625,75.51042938232422,306.8577880859375,70.07564544677734,334.89063319207787,10414.775390625,355.5628662109375,77.09388450025051,315.54202965407626,71.73418864370038,325.2814315015026,9945.1103515625,328.8167724609375,75.158546265931,306.55389879011744,69.98501614458662,327.2904483885964,10369.306640625,353.2022705078125,75.57981382695054,310.0809875272591,70.71005747668491,1541000.0,33430927462,17991403432,54032000.0,114465300.0,11553500.0
2020-09-09,340.5574951171875,10242.34765625,351.1100158691406,76.68154907226562,312.9173889160156,71.96076202392578,342.6139114773761,10350.54296875,359.16448974609375,77.2509930776457,315.3762136597868,72.23264991790668,335.00427153183847,10017.2509765625,332.1650085449219,75.58823926894804,309.9888609153848,71.19040261912158,339.23078887836925,10134.1513671875,337.8249206542969,76.76431129264915,310.8545223596372,71.25384381917435,847300.0,24128292755,14547933520,39242000.0,91462300.0,7867500.0
2020-09-10,338.3116455078125,10363.138671875,368.1018981933594,75.63185119628906,307.4839782714844,71.50761413574219,347.60810605816397,10503.912109375,377.3935852050781,77.99142901908637,315.44066034104674,73.6193108233016,336.44477056487557,10238.1357421875,351.11175537109375,75.33201208144567,306.52621987560775,71.38073172584849,345.2010627236082,10242.330078125,351.4293212890625,76.82775166747923,314.78681929289183,73.17521547410092,678600.0,54406443211,31421134556,33024000.0,90569500.0,11241800.0
2020-09-11,340.4249267578125,10400.9150390625,374.6955871582031,75.12187957763672,307.6405944824219,71.43509674072266,347.9303119418351,10434.9228515625,376.6304016113281,76.25879385001623,310.32045816888535,72.77643375402498,338.87076410574684,10140.8369140625,355.58258056640625,73.99487196751262,304.8225992871863,71.23570815223175,344.9452149045526,10369.0283203125,368.1184997558594,75.735933828383,309.26141246287096,72.51360397052075,678700.0,45201121775,27296269329,30706000.0,84680200.0,7853500.0
2020-09-12,,10442.1708984375,387.18310546875,,,,,10578.837890625,387.5384521484375,,,,,10292.38671875,367.8421936035156,,,,,10409.861328125,374.59539794921875,,,,,36750077324,13295405814,,,
2020-09-13,,10323.755859375,365.57000732421875,,,,,10577.21484375,388.9598083496094,,,,,10224.330078125,354.3401794433594,,,,,10452.3994140625,387.519287109375,,,,,36506852789,15005899191,,,
2020-09-14,348.6788635253906,10680.837890625,377.26885986328125,74.77842712402344,311.692626953125,72.95767974853516,350.61208050725094,10800.0107421875,384.4851989746094,77.16575899280991,313.4607946662511,73.51959231783135,346.2339066824443,10266.0087890625,357.56976318359375,74.5940648803164,307.78795955439836,72.45920836330704,350.41305288792375,10328.734375,365.6995849609375,75.90939749332158,310.79933901286097,72.95767974853516,575700.0,35453581940,17536695361,42660000.0,65605700.0,7091100.0
2020-09-15,350.86798095703125,10796.951171875,364.8392028808594,76.08135986328125,313.2674255371094,77.80644989013672,355.1418986357925,10938.6318359375,381.50830078125,76.86788828127027,314.97109448568426,78.6583806315907,349.7781874754043,10656.4599609375,363.6068115234375,75.43608833739093,311.7018600067676,73.7552567373223,354.9428709909511,10677.7548828125,377.1540222167969,75.72304121338455,314.142277247769,73.91839226409917,717100.0,32509451925,16140584321,23042000.0,52920900.0,21048400.0
2020-09-16,343.40997314453125,10974.9052734375,365.8122863769531,74.93998718261719,312.0242004394531,75.34129333496094,353.45508535351564,11100.1240234375,372.7674255371094,77.03540497341557,315.9288682104032,78.38648520256606,343.3910016047214,10704.884765625,356.6827392578125,74.9152054033124,311.7479092776505,75.25972902946216,352.526376423769,10797.76171875,364.7439880371094,76.44613252697442,314.50146223868563,78.38648520256606,973900.0,30769986455,16107612177,22128000.0,82096000.0,14492600.0
2020-09-17,347.5417175292969,10948.990234375,389.01922607421875,73.69849395751953,309.2798156738281,74.61888885498047,348.38514128394803,11037.4208984375,393.901611328125,74.27438863369424,310.9927306673699,74.96506113614605,336.54898276956095,10774.6279296875,364.7951354980469,72.48029972090434,306.65520463292705,73.43460392159906,336.8996092131692,10973.251953125,365.86578369140625,73.63753395614539,307.1801324619214,73.78988801155876,901000.0,38151810523,19899531080,40008000.0,91523300.0,10090200.0
2020-09-18,347.16265869140625,10944.5859375,384.3645324707031,71.91680145263672,305.71923828125,73.08843994140625,351.4934331325668,11034.908203125,391.9041442871094,74.10292221630368,310.19430261216667,75.46610798645793,341.0882089021262,10829.6572265625,376.9649963378906,70.951862206745,303.2413149951069,72.97911907428195,350.9058938100518,10951.8203125,389.3374938964844,73.76095327714144,310.0833550346641,75.03795022833869,912200.0,26341903912,14108357740,63056000.0,105877900.0,10528300.0
2020-09-19,,11094.3466796875,385.54437255859375,,,,,11134.0927734375,387.07635498046875,,,,,10909.6181640625,378.72406005859375,,,,,10933.7529296875,384.0416564941406,,,,,22764204008,11049507684,,,
2020-09-20,,10938.271484375,371.0528259277344,,,,,11095.8701171875,385.5979919433594,,,,,10814.4775390625,367.0943603515625,,,,,11095.8701171875,385.5979919433594,,,,,24699523788,12292195784,,,
2020-09-21,343.63739013671875,10462.259765625,341.78607177734375,70.87849426269531,302.316650390625,73.41636657714844,343.99750234213286,10988.3046875,375.7370300292969,71.37012929524799,302.4645898682485,73.47103046941874,334.11350391261357,10380.2607421875,336.0689697265625,69.51756113248283,297.4717524188794,72.04078256820331,336.71005982739825,10934.92578125,371.400146484375,70.95184136058226,301.142417821237,72.69669367326789,657900.0,28884999244,17398267133,56908000.0,99450800.0,8417100.0
2020-09-22,345.5516052246094,10538.4599609375,344.503173828125,72.3494644165039,305.3955993652344,73.316162109375,345.98751675188674,10568.0771484375,346.600830078125,72.55514489120695,305.9503654275353,73.68966278463476,339.95098222580276,10382.7265625,336.85504150390625,70.84679000199299,301.2903700074111,72.33229548386242,344.93560870560134,10459.6240234375,341.72381591796875,71.87864080173308,303.79605821576513,73.63500584441923,971200.0,23621787804,12732578043,33950000.0,63612100.0,6375200.0
2020-09-23,338.84228515625,10246.1865234375,321.1163024902344,69.85011291503906,298.3131408691406,70.98403930664062,347.390091707166,10537.828125,344.67138671875,72.0154140991599,306.22771947563723,72.8151234185173,338.2452600538634,10197.865234375,318.9692077636719,69.5175667204066,297.8138486616711,70.95671083412009,346.09181371373734,10535.4921875,344.58990478515625,71.96634965856373,305.9503223752341,72.60559354540521,709800.0,23788661867,12899346599,37726000.0,93112200.0,9094700.0
2020-09-24,341.3062438964844,10760.06640625,349.3555908203125,70.51770782470703,299.1082763671875,71.40308380126953,344.5566823262375,10771.056640625,351.46148681640625,71.26755903816468,302.1594468796686,71.96789765202894,335.1654503945315,10231.490234375,318.54510498046875,69.49130946306941,295.6872430633771,69.38980547313781,336.08467371152085,10248.7861328125,320.9850158691406,69.5175810262179,297.0001882528296,69.98194779324055,768400.0,47144380902,15714304470,34552000.0,76681300.0,9940900.0
2020-09-25,341.60943603515625,10692.716796875,352.1832580566406,71.3205795288086,303.9439392089844,71.85857391357422,342.2064322098831,10777.6962890625,357.7727355957031,71.66155016887853,304.7298270780176,71.89501418797988,332.7109742324122,10578.9140625,339.01593017578125,69.76536984836896,297.38852490576954,70.50120670575384,334.350421800551,10761.109375,349.41143798828125,70.62623601637378,298.25762343564503,71.21177468098503,724100.0,39348590957,14381086966,30326000.0,71069400.0,6057500.0
2020-09-26,,10750.7236328125,355.48809814453125,,,,,10772.9990234375,355.8547668457031,,,,,10667.28125,348.10711669921875,,,,,10695.5751953125,352.35089111328125,,,,,46852525493,13049148579,,,
2020-09-27,,10775.26953125,357.4385070800781,,,,,10803.9765625,361.9844055175781,,,,,10622.921875,349.8340759277344,,,,,10746.892578125,354.95989990234375,,,,,53745972818,13598126926,,,
2020-09-28,351.6356506347656,10709.65234375,355.159423828125,72.29196166992188,308.9923095703125,72.66935729980469,352.0431339401916,10945.34765625,366.4321594238281,73.00216340239244,309.7042419499173,73.21595451371131,345.2769155876456,10703.8935546875,354.5476379394531,71.67840660128883,307.1061162454565,72.39606564312366,346.7457642095465,10776.61328125,357.9259338378906,72.95260740958123,308.09544576444915,73.16129062215727,821900.0,47762394731,14258455166,30784000.0,64584600.0,5999300.0
2020-09-29,354.4217224121094,10844.640625,359.75738525390625,72.65673828125,307.3094482421875,73.34349060058594,356.20331216801736,10860.0009765625,360.3533630371094,72.95310628877834,309.5284836874694,74.00850654097349,350.22363248049595,10649.4951171875,352.1468505859375,72.0610151428717,306.6159979020015,72.2503031440556,350.6974583125977,10709.650390625,354.3630065917969,72.55216627798126,308.788814611231,72.60558715610311,608800.0,46582396602,11600013236,31816000.0,51304000.0,6114600.0
2020-09-30,349.9393615722656,10784.4912109375,359.9378662109375,72.63591003417969,309.6395568847656,73.85363006591797,353.7110260590721,10847.2568359375,361.17877197265625,73.65685572078714,312.7831937729049,74.64619033783448,348.26202833679565,10669.3212890625,353.32794189453125,72.14823763564146,307.78110035892524,73.39813709475769,349.47502145556183,10843.87109375,360.03851318359375,72.4049562752615,307.9752586146386,73.41635375548478,867800.0,44171073700,11818610610,40924000.0,104081100.0,5878900.0
2020-10-01,362.0124206542969,10619.4521484375,353.2059020996094,73.74111938476562,311.6273193359375,75.26568603515625,362.6189026795582,10933.6240234375,369.264404296875,74.09647363654604,313.19912304877136,75.35678326956665,354.8197480101355,10472.3564453125,346.47705078125,73.19099712373635,309.7503816970542,74.46401369168844,355.87162747333724,10795.2548828125,360.30914306640625,73.5309847051695,312.2283039383906,74.75552901196579,891600.0,40023134100,14679481911,32884000.0,88698700.0,6253800.0
2020-10-02,350.631103515625,10575.974609375,346.2389221191406,72.14031982421875,308.6686706542969,73.60767364501953,356.05167200245165,10657.837890625,354.11541748046875,73.30152440996176,311.5996670640401,74.88304852058025,350.631103515625,10416.689453125,336.4671630859375,71.73144688729637,306.2184846303253,73.43458407607694,352.90546164631445,10619.8212890625,352.9496765136719,72.34004873717964,306.6900399805022,73.52568128857817,711600.0,48661453918,14215390463,31222000.0,89431100.0,6145900.0
2020-10-03,,10549.3291015625,346.5220947265625,,,,,10598.9404296875,351.3077087402344,,,,,10511.1298828125,344.66656494140625,,,,,10575.1005859375,346.2186279296875,,,,,44660271563,10060167889,,,
2020-10-04,,10669.5830078125,352.5790100097656,,,,,10686.0,354.0457458496094,,,,,10534.3916015625,345.1310119628906,,,,,10550.4404296875,346.60223388671875,,,,,71251776995,10696959020,,,
2020-10-05,362.107177734375,10793.33984375,353.956787109375,73.48985290527344,314.142333984375,77.01475524902344,362.3820048253862,10793.5078125,355.2140808105469,73.58252935432779,314.3272371892056,77.09674065073736,355.28410283642825,10634.6005859375,349.6799011230469,72.36284527360293,310.6750814573515,74.2909091267197,355.51152999034935,10676.529296875,352.73681640625,72.48971861393626,310.7213002044158,74.2909091267197,649900.0,47537578009,11809507622,21602000.0,45713100.0,10129100.0
2020-10-06,350.7353210449219,10604.40625,340.81585693359375,71.913330078125,309.6764221191406,75.7211685180664,357.6247667103063,10797.578125,354.989013671875,73.5736034655769,316.3705485681372,76.93277477100413,349.2664726276974,10528.890625,338.0032958984375,71.61547229083051,309.16790315798374,75.40231781702083,354.6112415523693,10796.306640625,353.95648193359375,73.12657100866626,314.28094252067115,76.31330393367107,686600.0,42623695307,12830796112,26096000.0,90128900.0,7795600.0
2020-10-07,356.1275329589844,10668.96875,341.80865478515625,72.31575775146484,315.0668640136719,79.18290710449219,356.8193291804819,10680.5078125,342.4508361816406,72.80293864392578,315.87126190492677,79.25578765776004,352.1758411694328,10562.5068359375,334.5455627441406,71.0316426314214,312.598168352672,77.23339748134607,354.82925462716435,10603.35546875,340.9430847167969,72.32418219519838,312.6259052380061,77.23339748134607,550900.0,37799458436,11929918060,36108000.0,56999600.0,11446400.0
2020-10-08,360.95111083984375,10915.685546875,350.7661437988281,73.51957702636719,317.8592224121094,79.98458862304688,361.00796763469066,10945.7373046875,352.21148681640625,73.7475512259205,317.92395123204756,80.95023174057131,356.7340487284588,10562.6064453125,335.6474914550781,72.62847665384128,316.0839766813295,78.81852048551283,357.04676110011667,10669.37109375,342.0446472167969,72.62847665384128,316.9993505468978,80.95023174057131,686700.0,63314794397,13461017711,26076000.0,45242500.0,10920800.0
2020-10-09,368.6269836425781,11064.4580078125,365.5904846191406,74.85871124267578,320.6977233886719,80.87734985351562,369.56517838459746,11102.671875,368.3103332519531,74.92809569109109,321.1600236881462,80.89557346879648,365.5755443585029,10846.8505859375,348.2058410644531,73.69651605996611,318.8855141153723,79.83882619123673,365.60397274947127,10927.9130859375,351.1128845214844,73.98694007707145,319.50498071538817,80.47651372061051,539300.0,22799117613,13043501763,32966000.0,59528600.0,7608800.0
2020-10-10,,11296.361328125,370.96759033203125,,,,,11442.2109375,378.26715087890625,,,,,11056.9404296875,365.3540344238281,,,,,11059.142578125,365.4024658203125,,,,,22877978588,13618484324,,,
2020-10-11,,11384.181640625,375.1420593261719,,,,,11428.8134765625,377.2467956542969,,,,,11288.6279296875,369.8280334472656,,,,,11296.08203125,370.9284362792969,,,,,19968627060,12584512533,,,
2020-10-12,378.1509094238281,11555.36328125,387.73126220703125,77.54192352294922,325.85693359375,82.8177490234375,380.00829849592486,11698.4677734375,395.1221618652344,78.72294898922016,327.3270449402805,83.14569762255877,374.72987204733084,11240.6865234375,366.642333984375,75.79292865342877,322.74103455582997,80.78624697859792,374.72987204733084,11392.6357421875,374.7987365722656,76.2241104850655,323.23107167134015,81.1870830834728,840300.0,26163972642,15867455424,55344000.0,80388500.0,10022000.0
2020-10-13,383.9410400390625,11425.8994140625,381.1907653808594,77.6648178100586,323.7303161621094,81.66080474853516,387.69373227826554,11548.984375,387.37567138671875,78.56137061464591,325.89387753565416,82.58090278293837,377.430678172859,11321.224609375,375.58245849609375,77.24652985318345,322.7687239239019,81.4694984750941,380.4916032527327,11548.7197265625,387.1429443359375,78.15745109713406,325.71820121665775,82.44425345897379,1027900.0,24241420251,14226744838,39072000.0,73255500.0,8247000.0
2020-10-14,377.1937561035156,11429.5068359375,379.4840393066406,77.48492431640625,321.6963195800781,80.71337127685547,384.7465403303486,11539.9775390625,387.2961730957031,78.49645507443054,325.39472243527376,81.87943243358886,374.79619877008093,11307.8310546875,374.1750183105469,76.61563357234498,320.96590533211065,80.41274418012094,381.56244491267785,11429.0478515625,381.9714660644531,78.0380261496372,324.30370036496896,81.66990951182072,954800.0,24103426719,13918846567,33174000.0,57727900.0,8159000.0
2020-10-15,366.3337097167969,11495.349609375,377.44183349609375,77.08993530273438,321.2986755371094,80.30342102050781,367.6130452437934,11569.9140625,381.2087707519531,77.8794358912877,321.7794576418191,81.52413898108526,360.7899417131675,11303.603515625,371.3541259765625,76.37924184483666,317.2581758442864,79.42887525391383,363.70869610569247,11426.6025390625,379.1922302246094,76.54625609304018,317.79443172197927,79.51997246809138,786200.0,24487233058,14964182545,31210000.0,60357700.0,10327900.0
2020-10-16,366.6464538574219,11322.123046875,366.22900390625,77.696044921875,321.10455322265625,78.98249053955078,371.8395958241661,11540.0615234375,380.0215148925781,78.19214177327355,324.30366342738694,80.70425367873266,365.6703737182019,11223.0126953125,362.597412109375,77.19845829014193,320.9288768497177,78.74563916239602,370.30440462656156,11502.828125,377.8684997558594,77.40512182812182,322.6486204375523,80.66782035168748,594500.0,25635480772,14670784817,34194000.0,89501900.0,7457200.0
2020-10-17,,11358.1015625,368.8559265136719,,,,,11386.26171875,369.76812744140625,,,,,11285.345703125,364.489013671875,,,,,11322.123046875,366.0157165527344,,,,,19130430174,10951115359,,,
2020-10-18,,11483.359375,378.21368408203125,,,,,11483.359375,378.59765625,,,,,11347.578125,368.129150390625,,,,,11355.982421875,368.7275390625,,,,,18283314340,11047103109,,,
2020-10-19,365.13958740234375,11742.037109375,379.93560791015625,75.82514953613281,316.22271728515625,79.76592254638672,371.73523356863507,11799.0927734375,383.3176574707031,78.5004327006998,322.99077345358967,81.64255821166604,363.6991675720126,11408.2900390625,373.7022705078125,75.47674503291947,315.32585341268987,79.5199594134594,371.6594341754715,11495.0380859375,378.4696350097656,78.1039468484506,322.3620517041388,80.47649043069983,392700.0,23860769928,12811242092,29734000.0,68425600.0,7994500.0
2020-10-20,364.80792236328125,11916.3349609375,369.13690185546875,76.87234497070312,317.4893493652344,80.40365600585938,368.8922981156765,11999.91796875,380.7610168457031,78.00034307715951,320.7254513716909,81.05956728018563,364.14458364889555,11681.48046875,367.60107421875,75.35678468297974,316.8051539703146,79.95726769677535,366.5705692352825,11745.974609375,379.7196960449219,75.48613844813754,317.5633049958053,79.97549131565896,356800.0,30915821592,13741586582,41670000.0,60051900.0,7357600.0
2020-10-21,362.95062255859375,12823.689453125,392.1899719238281,78.6025161743164,316.88836669921875,79.83882141113281,368.911360201618,13184.56640625,400.62725830078125,80.04721007346663,319.6066946596672,80.95933737454249,362.9316799346864,11900.9287109375,368.72796630859375,77.66830276739462,316.58323270677243,79.7750526620134,365.46189392805974,11913.0771484375,369.0594177246094,77.80260988770006,317.4431044735385,80.1667769638248,359100.0,43414712626,20241324322,60322000.0,63575000.0,7387600.0
2020-10-22,355.8431091308594,12965.8916015625,413.7729797363281,79.6269302368164,318.62652587890625,80.35807800292969,362.08812853441725,13161.59375,420.14166259765625,79.96195691622499,319.2090286374741,81.02310087230637,355.7483382046089,12717.09375,391.27630615234375,78.18075417230419,314.9651162463488,80.05745094073454,361.14996288059785,12801.6357421875,391.4886169433594,78.55344885519195,317.1009408833877,80.56760785089745,611700.0,34729759598,15772846485,30512000.0,55399300.0,5656200.0
2020-10-23,358.742919921875,12931.5390625,409.7666931152344,80.93136596679688,319.70831298828125,80.44918060302734,359.69057134367205,13015.9619140625,418.9599304199219,80.98786419123687,319.902471164237,80.5767181015384,354.55431683274696,12752.6474609375,403.08203125,79.88712057504252,317.2581276650549,79.64751533377607,359.0082611631771,12971.548828125,414.05133056640625,80.04274592114754,319.84699739967823,80.39452366088615,467600.0,28974975003,14256222052,30548000.0,49143900.0,4165400.0
2020-10-24,,13108.0625,412.4576110839844,,,,,13145.06640625,416.59967041015625,,,,,12885.7470703125,407.8517150878906,,,,,12931.57421875,409.7672424316406,,,,,24542317940,12201739194,,,
2020-10-25,,13031.173828125,406.2177734375,,,,,13329.18359375,417.1592102050781,,,,,12910.0615234375,405.35064697265625,,,,,13108.0634765625,412.4576416015625,,,,,24406920575,10890207469,,,
2020-10-26,348.25244140625,13075.248046875,393.8883056640625,78.51825714111328,313.8001708984375,79.00982666015625,355.25559989147825,13225.2978515625,411.2798767089844,80.76284956365737,317.1194832403807,79.96635788469065,344.94514691686834,12822.3828125,383.78289794921875,77.70001225842906,310.31440902526583,78.13527389733581,352.0999041928743,13031.201171875,406.2179870605469,80.04026068394055,316.333567187947,79.44709609129418,900400.0,29461458313,15155684229,35826000.0,91473000.0,5568000.0
2020-10-27,347.1910705566406,13654.21875,403.9970397949219,79.24134826660156,312.7183837890625,78.9916000366211,351.1427899810099,13759.6689453125,409.7728576660156,79.39597538099545,314.4751191044585,79.45620487099197,345.38105274663207,13060.837890625,390.60845947265625,78.15647045681439,312.5057155150436,78.32658410827318,349.1242876871253,13075.2421875,393.88818359375,78.74822336439603,314.1422764667609,79.21934655049105,968700.0,33749878156,13940434102,25902000.0,65994100.0,5315800.0
2020-10-28,343.86492919921875,13271.28515625,388.6507568359375,74.87606811523438,302.030029296875,76.38618469238281,345.9592605662331,13837.6953125,408.9647521972656,77.00766449579079,312.7461466489848,77.80732776428789,338.67181567893317,12932.2509765625,381.1463317871094,74.76109031919373,301.5399921174108,76.377072885116,340.65240453349946,13654.21484375,403.9971008300781,76.81933957769026,307.05985871686283,77.57046942725829,953100.0,35867318895,15276441134,45174000.0,127094300.0,8727300.0
2020-10-29,351.44610595703125,13437.8828125,386.7301025390625,77.15980529785156,305.0997009277344,77.33360290527344,354.2322043508952,13612.0478515625,393.2276916503906,78.73879863480163,308.2618190207296,77.73443897931882,343.25841006570295,12980.0595703125,381.28875732421875,75.16102661851583,300.57839067530114,76.54104256348509,344.3197753738348,13271.298828125,388.65106201171875,75.18431861733673,302.26117045534187,76.76878906914328,808800.0,56499499598,12920477749,55406000.0,90597700.0,5845600.0
2020-10-30,342.30120849609375,13546.5224609375,382.8199768066406,80.09527587890625,301.9190979003906,76.40440368652344,346.6793540326798,13651.5166015625,391.4647216796875,83.32712413026837,304.8315842442729,77.20606892071135,340.21639243678294,13136.1982421875,375.0924072265625,79.37466827076221,298.27616915749184,75.75760441514365,344.7651083116704,13437.8740234375,386.7302551269531,82.63922363317832,303.52789396877716,76.91455365825465,821100.0,30581485201,13688056970,99878000.0,120287300.0,4963600.0
2020-10-31,,13780.9951171875,386.59033203125,,,,,14028.2138671875,393.0101318359375,,,,,13457.5302734375,381.2952575683594,,,,,13546.5322265625,382.8200378417969,,,,,30306464719,11276963426,,,
2020-11-01,,13737.109375,396.3581848144531,,,,,13862.033203125,397.1161193847656,,,,,13628.3779296875,385.16552734375,,,,,13780.9951171875,386.59033203125,,,,,24453857900,10475146018,,,
2020-11-02,347.4345397949219,13550.4892578125,383.15673828125,80.50216674804688,305.3031005859375,78.0805892944336,350.39318538932287,13808.3232421875,403.2407531738281,82.18325914696204,307.30021286282704,78.30833573629705,344.1144138965646,13243.16015625,381.01763916015625,80.00259120096713,302.56626275236454,77.00562581082731,346.74008883751804,13737.0322265625,396.3559875488281,80.46350808110766,305.3031005859375,77.06939453653828,893200.0,30771455468,13997574252,44228000.0,86068300.0,6597100.0
2020-11-03,353.951171875,13950.30078125,387.6021728515625,81.55977630615234,310.6934509277344,79.88438415527344,358.07043928683083,13984.9814453125,389.515380859375,82.22091357337322,312.74606480991656,80.38542240798724,349.955581775761,13325.44140625,371.312744140625,79.89702269613626,305.3862540087451,78.39947216293346,350.5263845088284,13550.451171875,383.1560363769531,80.821329273043,308.52988951947157,78.51790482015222,813500.0,29869951617,12588494762,31432000.0,93294200.0,6274700.0
2020-11-04,364.3587646484375,14133.70703125,402.1419982910156,86.5252685546875,317.63726806640625,81.48770904541016,366.2233601191784,14218.7666015625,407.6656494140625,87.72364199998071,321.7055046793928,81.77922433793212,354.1985846541764,13580.4716796875,377.8276062011719,84.40159768740916,313.98508475423665,80.58583469515044,355.4733611823938,13950.48828125,387.60321044921875,84.52946169743666,315.1593172475223,80.8226930422848,2451500.0,35116364962,15126077675,71342000.0,126959700.0,7620800.0
2020-11-05,378.8094177246094,15579.8486328125,414.0673522949219,87.3504638671875,323.8321228027344,82.38047790527344,380.22688759989086,15706.404296875,417.52593994140625,88.80358248949051,325.63510535784354,82.86329945321486,374.30962441845867,14102.0888671875,397.2458190917969,86.28639735281467,322.5561693903892,81.77922370953847,377.86761199885706,14133.7333984375,402.1429443359375,87.74446930736303,322.90752215223176,82.37136609768791,1115500.0,40856321439,15440711038,39758000.0,82039700.0,6670100.0
2020-11-06,386.46759033203125,15565.880859375,454.71929931640625,87.21316528320312,323.7581787109375,83.27324676513672,387.6662732525261,15903.4375,456.20062255859375,87.64781063793222,325.0063952769409,83.3552321819717,378.8094093076668,15226.83984375,412.9822998046875,86.0707909999368,321.4374219661164,81.12331890912088,382.5291063582034,15579.7294921875,414.06671142578125,86.79735014914868,323.54551039577217,81.81566337441413,710700.0,39837841971,16738305610,28622000.0,74973000.0,6403000.0
2020-11-07,,14833.75390625,435.713134765625,,,,,15737.095703125,465.67547607421875,,,,,14423.203125,428.45635986328125,,,,,15565.880859375,454.7225646972656,,,,,35024953706,18873289788,,,
2020-11-08,,15479.5673828125,453.5547790527344,,,,,15637.3203125,457.78045654296875,,,,,14744.1103515625,433.1537780761719,,,,,14833.75390625,435.71881103515625,,,,,26632075029,11292383601,,,
2020-11-09,386.55316162109375,15332.3154296875,444.1630554199219,87.29692077636719,327.826416015625,81.10511016845703,400.1761879507774,15785.13671875,457.349609375,90.04604232881928,336.90600149766686,84.24801711204306,386.543668081334,14865.529296875,435.16387939453125,87.10512476391894,327.36411567397204,81.02312473658624,396.7419072007296,15479.595703125,453.57415771484375,89.00973736210345,336.5269118315226,83.99293510669463,1273700.0,34149115566,13704320630,53440000.0,172304200.0,8978000.0
2020-11-10,379.8653564453125,15290.90234375,449.67962646484375,86.12232971191406,327.34552001953125,79.85702514648438,390.14921244657353,15450.3291015625,453.75836181640625,87.1958110224123,328.3995497594577,80.89554848806486,378.6096252269733,15124.9599609375,439.6001281738281,85.05182039988732,324.08168187076836,78.98247259016019,389.2074067747606,15332.3505859375,444.1663818359375,85.72832438783556,326.8369728905607,80.53115274797489,1323100.0,25574938143,12090381666,43022000.0,85552000.0,8350100.0
2020-11-11,397.7027893066406,15701.33984375,462.9605407714844,86.59365844726562,329.77728271484375,82.79042053222656,398.26409855921247,15916.2607421875,473.578857421875,87.37026514561057,330.60016251209254,83.06371916302122,387.45699383574015,15290.0068359375,449.5249328613281,86.38698732276887,328.2886611922482,81.40572461354016,387.57114858804766,15290.9091796875,449.6796569824219,86.65163888970832,329.5276225136965,81.53326212117155,933300.0,29772374934,14075403511,31838000.0,58649000.0,7707300.0
2020-11-12,392.6322021484375,16276.34375,461.0052795410156,86.37509155273438,326.5781555175781,81.82479095458984,400.68043113016796,16305.00390625,467.6778259277344,87.473354716202,329.8235125087104,83.71053235829213,391.9567672102484,15534.771484375,452.0724182128906,86.1347226524478,324.7752013576145,81.78835066777023,398.6065424830758,15701.298828125,462.95953369140625,86.33445155052767,328.76945432758134,82.79043422935048,800800.0,34175758344,12877327234,26474000.0,67546200.0,7474600.0
2020-11-13,399.1678466796875,16317.80859375,474.6264343261719,87.83415222167969,331.0994567871094,84.922119140625,400.87073250311244,16463.177734375,475.2172546386719,88.07551178373636,331.8391259274995,85.45959756416907,396.1140908986467,15992.15234375,457.2982482910156,86.03610062019943,327.96504743366876,83.09103526752196,399.14883056487474,16276.4404296875,461.0054931640625,86.63181619049185,328.48282147525566,83.39166232659163,582700.0,31599492172,13191505725,29744000.0,62892200.0,9170900.0
2020-11-14,,16068.138671875,460.14984130859375,,,,,16317.80859375,475.16143798828125,,,,,15749.193359375,452.986083984375,,,,,16317.80859375,474.6264343261719,,,,,27481710135,10312037942,,,
2020-11-15,,15955.587890625,447.55908203125,,,,,16123.1103515625,460.99407958984375,,,,,15793.5341796875,440.25433349609375,,,,,16068.1396484375,460.14990234375,,,,,23653867583,10308617165,,,
2020-11-16,405.7510681152344,16716.111328125,459.9403076171875,87.92188262939453,335.2323913574219,90.43359375,405.8842389888713,16816.181640625,463.8310241699219,88.92846007684724,335.42654955095253,93.32142518191769,399.2059243532551,15880.7060546875,445.5016174316406,87.2924616688754,332.47707186315154,87.78262761787788,399.5103563961931,15955.5771484375,447.5589904785156,87.4317296869086,333.7622800304141,87.83728456381662,547300.0,31526766675,11441239444,25468000.0,74541100.0,18436200.0
2020-11-17,405.7225036621094,17645.40625,480.3600769042969,87.3088150024414,333.4294128417969,87.19046783447266,406.6452932740042,17782.919921875,482.2322082519531,88.07601416521123,334.6314103678308,89.35861197777292,401.6983745032253,16564.544921875,460.776611328125,87.20127099757448,331.32132492500256,87.17225117288288,404.2384338373229,16685.69140625,464.4066467285156,87.61608790911133,332.82842818706325,89.25840991362195,524600.0,39006849170,14593057877,21314000.0,66111000.0,10843700.0
2020-11-18,403.1824035644531,17804.005859375,479.48406982421875,86.26704406738281,329.4166259765625,88.30187225341797,406.55960707366415,18393.94921875,491.9999084472656,87.47434095308526,334.2430411433111,90.00541855613483,400.5281897479151,17352.90625,465.8309631347656,86.16445340083658,329.3796340603069,87.79172232330875,403.4773129849315,17645.19140625,480.3468322753906,87.06001562220402,333.6975302989405,89.7503366408087,543600.0,49064800278,17880199224,20108000.0,70591300.0,8526600.0
2020-11-19,402.7543029785156,17817.08984375,471.63043212890625,87.15567016601562,330.8035888671875,88.0103759765625,402.77334812362506,18119.546875,480.1217346191406,87.39951018398297,331.173423449706,88.23812252303941,396.58019209504965,17382.5546875,465.7042541503906,85.7407189638763,327.44728430310664,87.10850159859034,396.99877883618973,17803.861328125,479.48101806640625,85.89980786283361,328.7879664083773,88.15613015216574,914100.0,36985055355,12473929218,20106000.0,59940900.0,5542800.0
2020-11-20,402.97314453125,18621.314453125,509.74456787109375,86.05591583251953,328.538330078125,86.84430694580078,407.5490312569318,18773.2265625,513.6103515625,87.64086066015253,330.7481391320541,88.54784651178112,402.9065445836012,17765.794921875,471.6314697265625,85.9875220571306,328.4643744428736,86.81697847472958,403.4012538721518,17817.083984375,471.6314697265625,87.32565489367907,330.5447258643978,88.05592013195478,484000.0,36992873940,18629943296,27694000.0,70417300.0,5329800.0
2020-11-21,,18642.232421875,549.4866333007812,,,,,18936.62109375,550.2274169921875,,,,,18444.359375,504.2377624511719,,,,,18621.31640625,509.7445983886719,,,,,39650210707,20757099184,,,
2020-11-22,,18370.001953125,558.068115234375,,,,,18688.96875,579.3724975585938,,,,,17671.384765625,514.5172119140625,,,,,18642.232421875,549.4866333007812,,,,,41280434226,21967049601,,,
2020-11-23,406.35986328125,18364.12109375,608.4540405273438,85.6187973022461,330.50775146484375,89.39506530761719,408.728690407059,18711.42578125,609.9876098632812,86.53219912341163,331.7652230633756,90.12385698253688,401.4129737141551,18000.796875,551.2652587890625,84.7574394883768,328.11303908751194,88.2290041879637,407.15897554134455,18370.017578125,558.0595092773438,86.24623688977317,330.341330114274,88.51141461088815,596000.0,42741112308,27272302872,22530000.0,63230600.0,8802400.0
2020-11-24,403.6200256347656,19107.46484375,603.8977661132812,87.41983032226562,335.83343505859375,88.03771209716797,406.79745850163755,19348.271484375,621.1734008789062,87.54769432891005,336.3789460330993,89.81413253388095,402.4308653238599,18128.65625,593.8351440429688,85.28030128891842,332.19976142931375,87.47289811074643,404.7140763465862,18365.015625,608.5227661132812,85.61582709012495,333.05037819016013,89.72303529743196,610400.0,51469565009,23281758100,27984000.0,62415900.0,7022800.0
2020-11-25,402.8684997558594,18732.12109375,570.6866455078125,87.43121337890625,335.315673828125,88.81204223632812,404.0100762421698,19390.96484375,605.0941772460938,87.74096668564188,335.7779741513508,89.2675353339915,400.2713631688989,18581.146484375,559.67138671875,86.64964589230644,334.2246518372895,87.58221226269164,402.659206378534,19104.41015625,603.9020385742188,87.61360181278931,335.7502372606201,87.63686921032385,308200.0,43710357371,20088492893,19600000.0,45330900.0,5194900.0
2020-11-26,,17150.623046875,518.8011474609375,,,,,18866.28515625,575.6414794921875,,,,,16351.03515625,485.497314453125,,,,,18729.83984375,570.514892578125,,,,,61396835737,31104004592,,,
2020-11-27,416.4630126953125,17108.40234375,517.4937133789062,88.565673828125,336.2495422363281,89.95076751708984,417.366786265376,17445.0234375,530.7771606445312,89.06078767442922,336.721069396595,90.43358904850865,407.9105798856885,16526.423828125,497.24261474609375,87.45155234828248,335.2417026629686,89.3221918206543,408.43379887957497,17153.9140625,519.1080932617188,87.45155234828248,336.4067085508926,89.76857307325078,432500.0,38886494645,16831105703,14790000.0,28514100.0,4367100.0
2020-11-28,,17717.4140625,538.2297973632812,,,,,17853.939453125,548.0448608398438,,,,,16910.65234375,508.1253662109375,,,,,17112.93359375,517.5973510742188,,,,,32601040734,14770243833,,,
2020-11-29,,18177.484375,575.758056640625,,,,,18283.62890625,576.6024169921875,,,,,17559.1171875,531.987548828125,,,,,17719.634765625,538.2645874023438,,,,,31133957704,15017517758,,,
2020-11-30,416.4249572753906,19625.8359375,614.842529296875,86.94900512695312,334.7609558105469,88.38386535644531,419.8116837826673,19749.263671875,615.2405395507812,88.23460252032878,335.7410303790285,89.23108267862797,412.5625666066174,18178.322265625,571.5377807617188,86.62388510850603,332.088874231672,87.63685705787464,419.09818754042243,18178.322265625,575.757080078125,88.00216651160646,335.4728882524585,88.875798667739,508500.0,47728480399,20276867833,32418000.0,83872700.0,13840500.0
2020-12-01,427.37469482421875,18802.998046875,587.3241577148438,88.97899627685547,338.42230224609375,91.88204193115234,429.7435219146493,19845.974609375,635.1605834960938,90.28541271304861,339.95714263167446,95.01583577065105,422.8463920846467,18321.921875,571.7539672851562,87.37670339819209,337.41449097572354,89.75033122978347,425.3388674608143,19633.76953125,615.0703125,87.55661139988837,338.00624890506265,89.90520412089069,685100.0,49633658712,27178964465,37350000.0,74231400.0,16157300.0
2020-12-02,429.0491027832031,19201.091796875,598.3523559570312,90.44648742675781,339.1341857910156,90.67955780029297,430.10506335790467,19308.330078125,604.0224609375,90.8315767801654,339.2913520564298,92.95702306466559,422.63715874146004,18347.71875,578.7410278320312,88.47398023306226,336.73947416095587,90.66133418602543,425.39600525889546,18801.744140625,587.2615966796875,88.97900069788912,337.3127218895292,92.92058278640293,1050700.0,37387697139,16883292129,29424000.0,45927000.0,8676300.0
2020-12-03,430.8565673828125,19445.3984375,616.708740234375,90.29137420654297,339.04180908203125,90.64311218261719,436.86896901284985,19566.19140625,622.4526977539062,91.38120542558583,340.42871003443537,92.18268083473059,430.29528718776334,18925.78515625,588.3463745117188,90.05149684455593,337.94153206913154,90.579343436982,434.76654166660893,19205.92578125,598.459228515625,90.22694308661454,339.03255404637883,92.06424819978525,677900.0,31930317405,16146190946,24728000.0,62882000.0,7359000.0
2020-12-04,441.78729248046875,18699.765625,569.3541870117188,90.38652038574219,341.9635314941406,94.49659729003906,441.89192464125307,19511.404296875,618.983154296875,90.67099282129256,341.9635314941406,94.51481395509109,431.3987763325896,18697.193359375,569.2835083007812,89.88248305416691,339.53182744457604,91.73630339124193,431.9029790896208,19446.966796875,616.7227783203125,90.211074164492,339.6242931462519,92.47420690589611,660800.0,33872388058,16337589997,20544000.0,50749900.0,10824500.0
2020-12-05,,19154.23046875,596.595458984375,,,,,19160.44921875,596.595458984375,,,,,18590.193359375,563.1066284179688,,,,,18698.384765625,569.34765625,,,,,27242455064,13498010566,,,
2020-12-06,,19345.12109375,601.9089965820312,,,,,19390.5,606.7919311523438,,,,,18897.89453125,584.4117431640625,,,,,19154.1796875,596.5686645507812,,,,,25293775714,11290893016,,,
2020-12-07,446.8674621582031,19191.630859375,591.8433837890625,90.052978515625,341.2608337402344,96.9198226928711,448.0851612463856,19411.828125,602.9179077148438,90.66058963378225,341.75087093197277,98.0312269853232,441.5114790720087,18931.142578125,585.4286499023438,89.3596256167209,339.9941354266788,95.62622393783836,441.9490819701365,19343.12890625,601.797119140625,89.97962384343904,341.1961049259402,96.5827552917964,632900.0,26896357742,10720480962,22288000.0,48944300.0,11793000.0
2020-12-08,445.7638854980469,18321.14453125,554.8277587890625,89.7704849243164,342.2593994140625,96.23656463623047,447.93291274883916,19283.478515625,594.7515869140625,90.00044805346998,342.8233922079248,98.24073114259421,442.31055930207515,18269.9453125,552.46923828125,88.77680130408386,339.9478980295718,95.75374314744197,443.24287143957423,19191.529296875,591.9008178710938,89.63122447433899,339.99411677063375,98.18607420432288,738800.0,31692288756,14398919320,19936000.0,42458900.0,9876200.0
2020-12-09,430.84716796875,18553.916015625,573.4791259765625,88.11168670654297,339.1896667480469,95.12517547607422,443.2810091010824,18626.29296875,577.2883911132812,90.61499424253762,343.0729715480787,97.11112563125641,428.592495090734,17935.546875,532.9984130859375,87.32565738141666,338.35753202065183,94.2961816644245,441.22613610648926,18320.884765625,554.7929077148438,89.7224040243927,342.9158052793327,96.57364711989615,868800.0,34420373071,15855915840,31728000.0,74098300.0,8204100.0
2020-12-10,435.51806640625,18264.9921875,559.6785278320312,87.60568237304688,339.0787658691406,94.95208740234375,436.54551718649594,18553.298828125,574.6001586914062,87.96945350590143,340.1235407764272,95.75375269476655,427.2605440659781,17957.064453125,549.7840576171875,85.91467559079892,336.952167699225,93.1027797199358,429.18224573441654,18553.298828125,573.5040283203125,87.35539924282726,337.82129446332254,93.83157140415477,539300.0,25547132265,11672582040,28688000.0,57735400.0,7135000.0
2020-12-11,430.5997314453125,18058.904296875,545.79736328125,87.96002960205078,338.6812744140625,94.7698745727539,434.8997248934419,18268.453125,560.376708984375,88.08443004562467,339.0881010385968,95.76285294894876,429.8481739621294,17619.533203125,537.8116455078125,86.86672741795577,335.87050819292506,94.03197812045246,431.72229186732955,18263.9296875,559.67919921875,87.2265358498586,337.3868388889889,94.75165791046884,512100.0,27919640985,11098819124,18628000.0,57698600.0,7492600.0
2020-12-12,,18803.65625,568.5673217773438,,,,,18919.55078125,573.3394165039062,,,,,18046.041015625,545.24560546875,,,,,18051.3203125,545.5785522460938,,,,,21752580802,8534557897,,,
2020-12-13,,19142.3828125,589.6632080078125,,,,,19381.53515625,593.78125,,,,,18734.33203125,564.5659790039062,,,,,18806.765625,568.60986328125,,,,,25450468637,9070377862,,,
2020-12-14,430.942138671875,19246.64453125,586.0111694335938,86.84294891357422,337.1649169921875,94.34171295166016,434.5857418230023,19305.099609375,590.4929809570312,88.70345045595626,341.9173502325167,95.56243787070214,430.16207163654775,19012.708984375,577.118408203125,86.687822672267,336.98924059021937,94.28705601284119,430.3237811674857,19144.4921875,589.782470703125,87.75784057609782,340.8448381800256,94.5330191877985,546100.0,22473997681,8125837102,33050000.0,69216200.0,5878000.0
2020-12-15,446.4583435058594,19417.076171875,589.3555908203125,87.28006744384766,341.72314453125,95.73551940917969,446.7627755186372,19525.0078125,596.2477416992188,87.42478033349926,341.72314453125,96.91069223237828,439.4090266049824,19079.841796875,580.6287841796875,86.31810030713507,338.3298760097503,95.12516043170915,441.90150201610254,19246.919921875,586.0217895507812,87.21959899351037,339.69826688785116,96.27300478580783,639200.0,26741982541,9326645840,21352000.0,63865300.0,7399900.0
2020-12-16,448.579833984375,21310.59765625,636.1818237304688,87.08727264404297,342.2593994140625,95.83573150634766,449.25526895112955,21458.908203125,636.6403198242188,87.67803488029331,343.17474493301853,96.26389607005122,442.37718389444547,19298.31640625,582.0391235351562,86.6843513067573,341.05740176418556,94.70611072889527,445.2121236594852,19418.818359375,589.378662109375,87.67803488029331,341.93578357691985,96.24567940682371,524900.0,44409011479,15817248373,24676000.0,58420500.0,5986900.0
2020-12-17,454.0690002441406,22805.162109375,642.8689575195312,86.26061248779297,344.17327880859375,95.05081939697266,457.89335871093436,23642.66015625,673.834228515625,87.55910377145933,344.3766920459077,96.34987606221087,452.8418076017914,21234.67578125,628.7493896484375,85.7967310991824,343.0730019635639,95.00507511427652,455.42942182038473,21308.3515625,636.1541748046875,87.42132553147147,343.8959099470601,95.96564921411465,477300.0,71378606374,25479532147,34880000.0,64119500.0,7779300.0
2020-12-18,454.0118408203125,23137.9609375,654.8119506835938,85.55238342285156,342.7991027832031,95.39844512939453,456.1142969526375,23238.6015625,662.6990966796875,86.64965590183743,344.6283315180656,95.87416050755067,451.2339788570834,22399.8125,632.3560791015625,84.99631718680045,340.79344881476123,94.37384027723746,455.2010010177777,22806.796875,642.9169921875,86.54112123455688,344.4612007715748,95.14229391635526,730700.0,40387896275,15756303983,85256000.0,136542300.0,7417000.0
2020-12-19,,23869.83203125,659.2979125976562,,,,,24085.85546875,668.7695922851562,,,,,22826.47265625,646.6162109375,,,,,23132.865234375,654.6242065429688,,,,,38487546580,12830893778,,,
2020-12-20,,23477.294921875,638.2908325195312,,,,,24209.66015625,659.9237060546875,,,,,23147.7109375,625.0144653320312,,,,,23861.765625,659.18505859375,,,,,37844228422,13375855442,,,
2020-12-21,449.2743225097656,22803.08203125,609.81787109375,85.96571350097656,341.5734558105469,95.90161895751953,449.2933386245951,24059.982421875,646.8465576171875,86.0866428328885,351.4160069456763,96.0205443304572,437.1163477193662,22159.3671875,600.8360595703125,83.95553843795113,336.1600682714953,94.52022387057491,437.8583826490249,23474.455078125,638.315185546875,84.70538953138244,338.88998409270874,94.73978108968988,622800.0,45852713981,14419493621,33974000.0,96386700.0,6116400.0
2020-12-22,453.0035095214844,23783.029296875,634.8541870117188,85.2550277709961,340.9975891113281,95.08740997314453,455.32475292985794,23789.90234375,635.0765991210938,85.86908203246823,342.0096959984993,96.25839097981459,449.93073764837914,22430.60546875,589.552001953125,84.53937350209927,339.8740617722613,94.14513641245213,450.43494049343036,22794.0390625,609.4205322265625,85.70652202058871,341.89827554660366,96.12116511630853,431300.0,44171632681,14745890080,20370000.0,47949000.0,5597100.0
2020-12-23,451.5194396972656,23241.345703125,583.714599609375,85.6520004272461,341.30419921875,94.9227523803711,457.0086226490901,24024.490234375,637.122802734375,86.43902043412434,343.20769903686835,95.93821412776124,451.11989806348055,22802.646484375,560.3642578125,85.30358842239465,340.97920384235437,94.77637624616072,455.62918498104307,23781.974609375,634.8245849609375,85.43889376166366,341.9634561227385,95.75524395999828,389200.0,51146161904,15261413038,22974000.0,46201400.0,3320800.0
2020-12-24,459.57708740234375,23735.94921875,611.607177734375,85.94589233398438,342.63189697265625,96.94451904296875,461.0136021207103,23768.337890625,613.815185546875,86.35476521041882,342.6597520909689,97.28300161606305,453.85959624275927,22777.59765625,568.5963745117188,85.45970212371107,341.1926686317637,95.75523746181094,455.6386041731826,23240.203125,584.1356201171875,85.69015678249487,341.77762611632846,95.83757577661615,271900.0,41080759713,14317413703,9312000.0,26457900.0,3172100.0
2020-12-25,,24664.791015625,626.4107055664062,,,,,24710.1015625,633.0614013671875,,,,,23463.673828125,605.4244384765625,,,,,23733.5703125,611.5545654296875,,,,,42068395846,13520927700,,,
2020-12-26,,26437.037109375,635.8358154296875,,,,,26718.0703125,650.721435546875,,,,,24522.689453125,617.402099609375,,,,,24677.015625,626.498046875,,,,,48332647295,14761125202,,,
2020-12-27,,26272.294921875,682.642333984375,,,,,28288.83984375,711.3935546875,,,,,25922.76953125,628.3349609375,,,,,26439.373046875,635.8871459960938,,,,,66479895605,26093552821,,,
2020-12-28,456.86590576171875,27084.80859375,730.3973388671875,87.91840362548828,345.575439453125,97.10917663574219,464.9331804138096,27389.111328125,745.8777465820312,88.56467341724073,345.9654111690172,98.95712960790789,455.14400381509023,26207.640625,683.205810546875,86.32553337453282,344.5540377310399,96.92620650311392,463.43009443365787,26280.822265625,683.205810546875,86.47867070685578,345.1761449139129,98.43567694421189,449300.0,49056742893,24222565862,27650000.0,39000400.0,5157000.0
2020-12-29,460.452392578125,27362.4375,731.5201416015625,87.11553192138672,344.91607666015625,96.56942749023438,465.62762054704507,27370.720703125,737.952880859375,88.63753562271515,347.27458040793783,98.02401044191264,459.0254002124059,25987.298828125,692.1494140625,86.98419679793523,344.3310908811892,96.25838872120968,465.62762054704507,27081.810546875,730.3587036132812,88.57608406440532,347.09815522580993,97.88678458162643,377200.0,45265946774,18710683199,19726000.0,53680500.0,4602400.0
2020-12-30,466.0652770996094,28840.953125,751.6189575195312,86.04947662353516,345.4082946777344,99.62496185302734,468.681430071468,28937.740234375,754.30322265625,87.61112952417417,346.4389909289521,100.35682147027995,464.2482364607408,27360.08984375,720.9888916015625,85.64060373303981,345.0183229457008,98.25271721863191,464.3719137918412,27360.08984375,731.4728393554688,87.4743419671934,345.7332900123292,98.52716195775271,381900.0,51287442704,17294574210,21026000.0,49455300.0,9571800.0
2020-12-31,463.9818420410156,29001.720703125,737.8034057617188,86.86177825927734,347.16314697265625,99.75304412841797,466.64554968192107,29244.876953125,754.2994384765625,87.10263870414872,347.88740830602285,100.3293844007339,459.9196806305759,28201.9921875,726.5119018554688,86.04154446235164,344.702517336016,99.20414763388885,466.1508694149632,28841.57421875,751.6266479492188,86.10003157948303,345.2132038945642,100.32024112787003,312700.0,46754964848,13926846861,21070000.0,78520700.0,4909500.0
2021-01-01,,29374.15234375,730.3675537109375,,,,,29600.626953125,749.2018432617188,,,,,28803.5859375,719.792236328125,,,,,28994.009765625,737.7083740234375,,,,,40730301359,13652004358,,,
2021-01-02,,32127.267578125,774.5349731445312,,,,,33155.1171875,786.7984619140625,,,,,29091.181640625,718.1094970703125,,,,,29376.455078125,730.4026489257812,,,,,67865420765,19740771179,,,
2021-01-03,,32782.0234375,975.5076904296875,,,,,34608.55859375,1006.5650024414062,,,,,32052.31640625,771.5616455078125,,,,,32129.408203125,774.5118408203125,,,,,78665235202,45200463368,,,
2021-01-04,475.6641845703125,31971.9140625,1040.2330322265625,85.54793548583984,342.4369201660156,102.18647766113281,480.1829943237305,33440.21875,1153.189208984375,87.34994988769441,348.62101162593734,104.38207040071497,466.8263358919695,28722.755859375,912.3053588867188,84.60677983237008,338.75060828235917,101.04294050297511,475.654661996305,32810.94921875,977.058837890625,87.22654765590151,348.49100217915696,101.97607073260606,1527600.0,81163475344,56945985763,37324000.0,110210800.0,11262100.0
2021-01-05,480.7632751464844,33992.4296875,1100.006103515625,86.2378158569336,344.7953796386719,103.1653823852539,480.7632751464844,34437.58984375,1129.3714599609375,86.5738332163736,345.88178590422,105.15971218731352,469.8515669762531,30221.1875,986.811279296875,85.09048820170439,341.74976397277425,102.47011656772813,470.1084151760095,31977.041015625,1041.498779296875,85.4963891255804,341.79620806023695,102.836049986194,1029900.0,67547324782,41535932781,20360000.0,66426200.0,10583600.0
2021-01-06,466.3601989746094,36824.36328125,1207.1121826171875,85.38684844970703,346.8567810058594,105.76348114013672,475.51197333268277,36879.69921875,1209.4285888671875,86.43208444826773,350.04170094295614,106.47704731735294,465.9035509012208,33514.03515625,1064.2333984375,84.05962045926168,342.743347597711,102.9641039896429,467.9108688770718,34013.61328125,1101.0050048828125,84.26579245837004,343.29118386394964,104.1533786251373,977900.0,75289433811,44699914188,46588000.0,107997700.0,10609300.0
2021-01-07,477.02459716796875,39371.04296875,1225.6781005859375,87.9372329711914,352.01025390625,111.0877685546875,478.72748314914435,40180.3671875,1282.57958984375,88.10969962135877,352.7530761209453,112.46916332867322,471.4022427867823,36491.19140625,1167.443115234375,85.57913758743977,349.0482028609267,107.57481894672581,471.83035218373766,36833.875,1208.078369140625,85.57913758743977,349.2246280958658,109.1757708900852,936200.0,84762141031,40468027280,41936000.0,68766800.0,13556100.0
2021-01-08,483.9787292480469,40797.609375,1224.1971435546875,89.10142517089844,354.0158386230469,108.5811538696289,489.2491249647627,41946.73828125,1273.8275146484375,89.1772527342026,354.2293850911422,115.53385912494198,477.29089274781035,36838.63671875,1076.08154296875,87.2870085349712,350.1531015213458,107.01679571065328,487.6413778842922,39381.765625,1225.9678955078125,88.07700817599742,353.3937031789076,115.1862263050355,734500.0,88107519480,44334826666,35484000.0,71677200.0,18976800.0
2021-01-09,,40254.546875,1281.0772705078125,,,,,41436.3515625,1303.871826171875,,,,,38980.875,1182.2703857421875,,,,,40788.640625,1223.740478515625,,,,,61984162837,33233105361,,,
2021-01-10,,38356.44140625,1262.2467041015625,,,,,41420.19140625,1347.9261474609375,,,,,35984.62890625,1194.715576171875,,,,,40254.21875,1280.87109375,,,,,79980747690,40616938053,,,
2021-01-11,483.2271728515625,35566.65625,1090.1453857421875,87.04265594482422,351.6294860839844,112.15812683105469,484.1404397984092,38346.53125,1261.6229248046875,88.43481397680179,353.3844152987946,113.07295658820782,475.1218379725706,30549.599609375,924.922607421875,86.8369830874021,350.7287994312137,108.68177794163107,476.139766118622,38346.53125,1261.6229248046875,88.07004469056598,350.84951439553026,109.54171316722895,703000.0,123320567399,60733630300,34796000.0,51034700.0,12006800.0
2021-01-12,488.9161376953125,33922.9609375,1043.4345703125,86.10796356201172,351.70379638671875,112.5240478515625,489.73426608352224,36568.52734375,1149.240234375,87.61807170115141,352.7159036317569,114.53667030584946,478.9937906676885,32697.9765625,1012.76416015625,85.06471635577631,349.4660070637659,111.31647298307105,482.4185782942024,35516.359375,1088.5267333984375,86.50097826490368,351.8152452148604,114.50008326160108,651700.0,74773277909,37494601692,29528000.0,52547700.0,14163200.0
2021-01-13,489.039794921875,37316.359375,1130.7393798828125,86.59463500976562,352.6509094238281,109.07516479492188,490.51434208758485,37599.9609375,1134.3385009765625,87.04761895872393,353.64442764556827,114.17076671989896,484.5875857064729,32584.66796875,994.549072265625,85.60688800627246,350.8495360073249,107.94992102172327,486.3285036192863,33915.12109375,1043.740966796875,85.60688800627246,351.62950774382404,113.80483338831256,513700.0,69364315979,30109792795,23432000.0,45303600.0,20650500.0
2021-01-14,518.1410522460938,39187.328125,1218.4530029296875,85.78532409667969,351.4158935546875,115.68022155761719,519.8058769973754,39966.40625,1244.1630859375,87.60073138346526,353.8951124303812,123.18182287543064,504.0994353392533,36868.5625,1093.060791015625,85.54495518482686,351.0816321351394,111.30733637628711,504.3562545313194,37325.109375,1130.231201171875,86.67493484651867,353.3936919642144,112.93573224920779,1450300.0,63615990033,33410915929,29212000.0,49989100.0,37125400.0
2021-01-15,501.8255920410156,36825.3671875,1171.8345947265625,85.62177276611328,348.8531799316406,114.56413269042969,510.7204868921666,39577.7109375,1250.505859375,86.61298351886033,350.59881478443,117.59220995057271,499.7897358932837,34659.58984375,1090.7210693359375,84.8332704806772,346.9960962553196,112.71617268642129,506.40147805534195,39156.70703125,1221.877197265625,85.69115721631205,349.800282405299,117.52817912683864,869200.0,67760757881,35972039310,31444000.0,107160000.0,17343100.0
2021-01-16,,36178.140625,1233.53759765625,,,,,37864.3671875,1290.0535888671875,,,,,35633.5546875,1157.623779296875,,,,,36821.6484375,1171.443115234375,,,,,57706187875,32319240157,,,
2021-01-17,,35791.27734375,1230.1722412109375,,,,,36722.3515625,1265.6446533203125,,,,,34069.3203125,1174.3885498046875,,,,,36163.6484375,1233.453369140625,,,,,52359854336,29258032819,,,
2021-01-18,,36630.07421875,1257.279541015625,,,,,37299.28515625,1259.4500732421875,,,,,34883.84375,1187.31103515625,,,,,35792.23828125,1230.313232421875,,,,,49511702429,25817455560,,,
2021-01-19,522.7548828125,36069.8046875,1377.2958984375,88.43930053710938,351.5924072265625,120.1171646118164,523.6871659337011,37755.890625,1432.300048828125,89.39928644937088,352.13097743160114,122.6329467519911,504.7842779100972,36069.8046875,1254.52294921875,85.8799935070657,349.8281831712378,117.50075062766689,507.0579664041174,36642.234375,1257.4345703125,86.38402335551918,351.30456148612353,119.46762926267053,1504000.0,57244195486,47195935190,41660000.0,51233300.0,20443800.0
2021-01-20,522.6406860351562,35547.75,1382.2740478515625,93.1772689819336,356.45794677734375,119.51338195800781,530.9933173557126,36378.328125,1405.744140625,94.15113159683025,357.2936287805517,124.53580331839912,516.7233944956704,33570.4765625,1243.2999267578125,90.17588335880014,353.4866015027723,119.01937993594821,528.529409857979,36050.11328125,1375.2484130859375,90.51586333657515,353.87657321374,123.67586094740928,1121900.0,66834573161,46784030909,64152000.0,61836100.0,17360700.0
2021-01-21,542.961181640625,30825.69921875,1121.5709228515625,93.37948608398438,356.78277587890625,122.73357391357422,545.872244328819,35552.6796875,1382.6844482421875,95.75492235156246,357.442060744557,123.8679539741627,538.0808621244646,30250.75,1098.4761962890625,93.1445696134799,355.8635288643051,121.06857691482014,540.3545510193344,35549.3984375,1382.6844482421875,93.85031725362155,357.01491125324696,121.90107541419718,1272100.0,75643067688,45932464754,58634000.0,47840100.0,15460100.0
2021-01-22,541.73388671875,33005.76171875,1236.51220703125,93.79627990722656,355.52008056640625,118.14109802246094,542.9325696110202,33811.8515625,1271.6876220703125,94.38258034216909,356.68075778914084,120.0713891027858,535.3980080208844,28953.373046875,1046.5965576171875,93.00033636251251,354.55438918277406,117.83920256904227,536.0639494126422,30817.625,1118.8890380859375,93.74176301889445,354.9350947122526,118.96443910691738,901600.0,77207272511,43918338506,32744000.0,52860500.0,19163200.0
2021-01-23,,32067.642578125,1230.9906005859375,,,,,33360.9765625,1272.151123046875,,,,,31493.16015625,1200.893310546875,,,,,32985.7578125,1235.2679443359375,,,,,48354737975,27253895441,,,
2021-01-24,,32289.37890625,1391.609375,,,,,32944.0078125,1395.111328125,,,,,31106.685546875,1225.2740478515625,,,,,32064.376953125,1231.2105712890625,,,,,48643830599,36418163554,,,
2021-01-25,539.9833984375,32366.392578125,1324.414794921875,93.88152313232422,356.9222106933594,119.4035873413086,540.5636947177527,34802.7421875,1467.784912109375,95.24642668111035,357.27503278883,120.91305090154744,527.1499900062956,32087.787109375,1304.9739990234375,92.14096048462264,351.4159360582794,116.50357162092611,534.7891835039111,32285.798828125,1390.639892578125,94.79641468314033,356.25365943655754,120.6020121251289,966500.0,59897054838,43565777745,50586000.0,70402000.0,20469300.0
2021-01-26,522.2792358398438,32569.849609375,1357.05810546875,94.55902862548828,356.3650207519531,115.86318969726562,536.2162186376792,32794.55078125,1376.0850830078125,94.94560022121779,358.2778143535909,118.30579044403811,521.7464943153,31030.265625,1253.34033203125,92.98201646312953,356.1328853310083,115.49725639988122,535.7690641438904,32358.61328125,1323.74169921875,93.47067962234644,357.86925374578055,118.05878250197487,887700.0,60255421470,41572917750,31462000.0,42665300.0,17084600.0
2021-01-27,499.0953369140625,30432.546875,1253.1871337890625,90.14765930175781,347.6553039550781,111.37139892578125,513.2606282783588,32564.029296875,1368.0740966796875,93.19711967560787,353.1429888444501,114.4452281925197,497.0690031269712,29367.138671875,1215.311279296875,89.07417768018375,345.4268095254111,111.15184168661388,508.93203835457865,32564.029296875,1358.3333740234375,92.92156315732397,353.05012900637144,114.30800230069056,1506800.0,62576762015,39394416990,82512000.0,123351100.0,16732700.0
2021-01-28,520.5858764648438,33466.09765625,1332.4921875,91.8455810546875,350.645263671875,115.113037109375,526.8837236173996,33858.3125,1356.2886962890625,93.56978632762217,354.6379822958076,116.71398928302179,511.2248379333561,30023.20703125,1226.1739501953125,90.74533664502225,349.02960991918064,113.05467002897198,515.7246024884068,30441.041015625,1251.27978515625,90.74533664502225,349.46599738570745,113.89631178230002,968600.0,76517157706,34637234789,55278000.0,94198100.0,14148100.0
2021-01-29,508.1614990234375,34316.38671875,1382.5228271484375,90.56493377685547,343.62548828125,111.17009735107422,517.0469308910738,38406.26171875,1428.981201171875,91.56506801621617,349.75387014169314,113.76821721811046,502.5867291226242,32064.814453125,1292.2401123046875,89.28627865285289,341.95409595375736,110.2827184426265,514.6305779130263,34318.671875,1369.0867919921875,90.89500711521993,348.7881786860428,113.43887798173127,867300.0,117894572511,53611955259,44530000.0,126765100.0,15169200.0
2021-01-30,,34269.5234375,1376.115478515625,,,,,34834.70703125,1402.3997802734375,,,,,32940.1875,1328.529052734375,,,,,34295.93359375,1382.23193359375,,,,,65141828798,30616574234,,,
2021-01-31,,33114.359375,1314.9862060546875,,,,,34288.33203125,1378.916015625,,,,,32270.17578125,1288.5015869140625,,,,,34270.87890625,1376.8236083984375,,,,,52754542671,25198853581,,,
2021-02-01,527.40673828125,33537.17578125,1369.04052734375,93.82157135009766,349.3453369140625,115.87234497070312,528.4341307039851,34638.21484375,1373.8458251953125,94.93519367796942,350.3760048440203,116.04615788530556,518.0266582358578,32384.228515625,1274.3577880859375,91.41887289099441,343.91336101234145,112.87169738578832,520.7569649218447,33114.578125,1314.855224609375,91.41887289099441,347.01468762606163,113.93290329623333,849600.0,61400400660,29210670920,40252000.0,75817600.0,10179900.0
2021-02-02,526.5601806640625,35510.2890625,1515.1937255859375,95.11261749267578,354.2851257324219,117.50074005126953,529.6900296694083,35896.8828125,1542.990966796875,96.61182068763402,355.83580306474755,119.15657973192337,522.7073129062434,33489.21875,1362.771240234375,94.48071611878922,349.42887007201125,116.59505353701813,526.826580442118,33533.19921875,1369.505126953125,94.81575036485842,352.52090191367535,118.44301361494763,721600.0,63088585433,45437142801,66332000.0,64450700.0,9302400.0
2021-02-03,516.4856567382812,37472.08984375,1660.9095458984375,102.03919982910156,354.5636901855469,116.64080047607422,524.8668573055834,37480.1875,1660.9095458984375,104.40522092105503,356.2814981741382,118.14112080226141,515.572418669774,35443.984375,1510.01025390625,99.79261830171446,353.2915924599428,115.32344331957911,524.457793076652,35510.8203125,1514.7696533203125,102.37274430388717,355.11152644432576,118.01304518755744,635400.0,61166818159,41874566399,97882000.0,52427100.0,9676600.0
2021-02-04,528.40576171875,36926.06640625,1594.7626953125,101.77899932861328,358.5935974121094,117.23542785644531,528.919458066863,38592.17578125,1689.1866455078125,102.55560597377604,358.64001317221204,117.28117213616561,517.7889640731413,36317.5,1561.853515625,100.86063667469075,354.6751494739212,115.24110568522792,520.3385167971481,37475.10546875,1661.170166015625,102.12542242838796,355.59439688401244,116.64079409766434,554500.0,68838074392,44396871836,48596000.0,47142600.0,7445100.0
2021-02-05,525.9038696289062,38144.30859375,1718.65087890625,103.52352142333984,360.0049133300781,116.89695739746094,529.0718095743006,38225.90625,1756.510986328125,103.87589607151482,360.71061412663744,117.90327581855993,524.2010126341193,36658.76171875,1594.7933349609375,101.59908818939329,358.54712432112404,115.90893948198077,527.9492489891669,36931.546875,1594.7933349609375,102.0728837181395,360.4599180558391,117.8209305228731,461700.0,58598066402,40108628454,29866000.0,48669800.0,6226800.0
2021-02-06,,39266.01171875,1677.8468017578125,,,,,40846.546875,1738.314453125,,,,,38138.38671875,1649.0687255859375,,,,,38138.38671875,1717.7974853515625,,,,,71326033653,39873420648,,,
2021-02-07,,38903.44140625,1614.227783203125,,,,,39621.8359375,1690.03662109375,,,,,37446.15234375,1501.750244140625,,,,,39250.19140625,1677.605712890625,,,,,65500641143,39889440151,,,
2021-02-08,536.5491943359375,46196.46484375,1746.6168212890625,103.30992889404297,362.6048583984375,121.26069641113281,539.3365794593428,46203.9296875,1770.5908203125,104.82053612407776,362.6512741525483,121.90107449846013,530.812656461717,38076.32421875,1571.5799560546875,102.26073770644324,360.59920475972706,117.73859599203949,530.812656461717,38886.828125,1613.6422119140625,104.07712806646019,361.4534473259199,117.73859599203949,716900.0,101467222687,48012285956,28828000.0,38365200.0,11160000.0
2021-02-09,537.9761962890625,46481.10546875,1768.0350341796875,102.8574447631836,362.36346435546875,121.37960052490234,544.0932307751515,48003.72265625,1815.963623046875,104.00328263700314,362.95774475328056,122.96226599080518,537.9761962890625,45166.9609375,1711.62060546875,102.5903127397753,361.3606516052226,120.52881558588555,538.9655568962678,46184.9921875,1746.9261474609375,102.82820120258684,361.76918395765694,122.56888195250315,483300.0,91809846886,44180727529,21892000.0,35551100.0,7929100.0
2021-02-10,539.2985229492188,44918.18359375,1744.243408203125,103.40707397460938,362.20562744140625,122.3035888671875,545.1682024004131,47145.56640625,1826.69677734375,104.02162739873185,364.24843104388964,124.41684331053513,532.4584700351515,43881.15234375,1686.5423583984375,101.71012306578069,359.81000170472225,121.22408252674174,543.6175326003004,46469.76171875,1768.039794921875,103.24154195097537,364.09986093308623,122.69695895077098,458600.0,87301089896,41916084617,25102000.0,59154400.0,12196300.0
2021-02-11,562.7202758789062,47909.33203125,1783.7979736328125,103.51956176757812,362.7905578613281,127.30770874023438,562.9866176396047,48463.46875,1806.5390625,103.77975153703218,363.7005390243798,127.37173956263565,545.9007965940253,44187.76171875,1708.67919921875,102.5338035673193,360.3670773709089,122.64207152757477,546.6618477074925,44898.7109375,1743.7142333984375,103.6310759901082,363.2826838806573,123.86794001713999,975400.0,81388911810,36021495262,20480000.0,42913300.0,12347900.0
2021-02-12,568.8848266601562,47504.8515625,1843.5325927734375,103.83081817626953,364.5826416015625,126.30138397216797,572.1859662045886,48745.734375,1861.35693359375,104.05234930696858,364.82404318438233,127.90233591958118,560.4751166223692,46424.9765625,1744.1689453125,102.7672433912403,361.9177030106144,125.47804284003273,563.1578114534575,47877.03515625,1783.4891357421875,103.07452387303502,361.9920022182859,127.08813805897876,732400.0,76555041196,37905036865,18990000.0,50593300.0,11114100.0
2021-02-13,,47105.515625,1814.10986328125,,,,,48047.74609375,1871.603515625,,,,,46392.28125,1770.612060546875,,,,,47491.203125,1843.98681640625,,,,,70250456155,35359490535,,,
2021-02-14,,48717.2890625,1805.0841064453125,,,,,49487.640625,1848.154052734375,,,,,47114.5078125,1789.9141845703125,,,,,47114.5078125,1814.372314453125,,,,,71248675228,31439114900,,,
2021-02-15,,47945.05859375,1779.791015625,,,,,48875.5703125,1833.83056640625,,,,,46347.4765625,1683.9066162109375,,,,,48696.53515625,1804.6767578125,,,,,77069903166,38955610883,,,
2021-02-16,573.7841796875,49199.87109375,1781.0675048828125,104.60743713378906,364.2669677734375,128.1219024658203,579.0830854237462,50341.1015625,1824.5186767578125,106.31430228054721,366.0033648900088,130.08878074004411,570.0073760449646,47201.3046875,1729.6419677734375,103.66826276783938,363.55200072791945,127.5455552870283,576.1054231223164,47944.45703125,1778.945556640625,103.66826276783938,365.80835069289986,129.5490345664544,621600.0,77049582886,34269369268,31004000.0,50972400.0,11833600.0
2021-02-17,558.9815673828125,52149.0078125,1848.458251953125,104.99994659423828,364.3505554199219,124.66387939453125,569.3510122869006,52533.9140625,1853.6676025390625,105.18926972453114,364.6012515218009,127.74685181456017,553.1594421173484,49072.37890625,1736.705810546875,103.49975268099251,361.5091912477151,124.50835998038112,569.2273349475624,49207.27734375,1781.35009765625,103.77877270157512,362.5213268153556,127.35348164215637,825100.0,80820545404,35955412703,20294000.0,52290600.0,12311200.0
2021-02-18,554.1295776367188,51679.796875,1937.44921875,104.36505889892578,362.79986572265625,123.16353607177734,560.7698873128276,52474.10546875,1949.9034423828125,105.1669539793789,363.5426878534969,124.30707328121093,548.0125448714545,51015.765625,1848.206298828125,103.74654292601814,360.03280086210617,122.03828540707468,555.9180791244943,52140.97265625,1848.206298828125,104.32491801464802,361.7506089186291,123.3647997373732,716800.0,52054723579,28255902969,22546000.0,59712800.0,11614600.0
2021-02-19,565.4695434570312,55888.1328125,1960.164794921875,103.52253723144531,362.1591796875,125.02066040039062,571.5104547088149,56113.65234375,1969.5469970703125,104.99795680679689,364.34125872083973,126.20078485687131,560.703379563152,50937.27734375,1896.6844482421875,103.2559043418766,361.71346939446187,124.16071804086052,563.0341454232978,51675.98046875,1938.85986328125,104.46320124720552,364.05341301185115,124.5540882066218,821500.0,63495496918,26268814253,37938000.0,83241000.0,10771900.0
2021-02-20,,56099.51953125,1919.5340576171875,,,,,57505.2265625,2036.2864990234375,,,,,54626.55859375,1830.531494140625,,,,,55887.3359375,1959.9029541015625,,,,,68145460026,34696091102,,,
2021-02-21,,57539.9453125,1935.60107421875,,,,,58330.5703125,1974.2596435546875,,,,,55672.609375,1890.3681640625,,,,,56068.56640625,1918.673095703125,,,,,51897585191,23626547717,,,
2021-02-22,550.3433227539062,54207.3203125,1781.992919921875,101.81023406982422,359.37353515625,122.19379425048828,561.3977509702885,57533.390625,1936.4537353515625,103.10228226972528,361.7784550408201,123.75814502217551,548.4406664954658,48967.56640625,1580.6265869140625,101.49998913762553,359.1042500973584,121.83699731185993,559.019430647238,57532.73828125,1935.557861328125,101.77752695631393,359.4013902770424,122.21208079155257,753400.0,92052420332,42409646036,29466000.0,67414200.0,10363800.0
2021-02-23,548.0316772460938,48824.42578125,1570.2039794921875,102.10065460205078,359.8099365234375,118.10453033447266,550.9902941967387,54204.9296875,1781.4090576171875,102.71421734338914,361.15633342710237,120.51968039842941,532.867502471839,45290.58984375,1378.8409423828125,98.63686930885748,353.0315929249602,114.701355452137,543.8933644798848,54204.9296875,1781.4090576171875,99.81443122747064,357.1728812923066,118.10453033447266,1004800.0,106102492824,52029864713,34658000.0,107284100.0,18444700.0
2021-02-24,566.0498046875,49705.33203125,1626.57568359375,103.27474212646484,363.77484130859375,121.03199005126953,566.9535780953669,51290.13671875,1710.9837646484375,103.49826214728957,364.2019909749651,121.10517811322676,538.023654858054,47213.5,1511.0189208984375,100.48547967083988,357.7393191021612,116.80547369780884,545.4345387380966,48835.0859375,1571.4764404296875,100.60987256668675,358.7235712258007,118.47960699259465,1023000.0,63695521388,31329000537,22608000.0,72433900.0,12782900.0
2021-02-25,532.5248413085938,47093.8515625,1475.7037353515625,99.91156005859375,355.0093994140625,115.26853942871094,557.8587081279387,51948.96875,1670.22412109375,103.23459480191558,363.8769912428288,120.33668970281724,532.4201511097991,47093.8515625,1465.0589599609375,99.44271782605095,353.57017085547034,115.01238823560482,554.2721833363995,49709.08203125,1625.3939208984375,101.89299077097074,362.5120335653563,120.31840315987615,1288900.0,54506565949,24481681873,41548000.0,146670500.0,13581200.0
2021-02-26,539.4888305664062,46339.76171875,1446.03369140625,100.20693969726562,353.1801452636719,115.21367645263672,545.57729729205,48370.78515625,1559.0289306640625,101.92222910849493,358.0271345906392,116.54017697680347,533.4098283502972,44454.84375,1407.979248046875,99.17112631812763,351.20237503364604,112.36855498890439,544.483304505895,47180.46484375,1478.6533203125,100.60540682700322,356.8850463128118,114.74711126306443,946500.0,350967941479,31435997881,40042000.0,152701600.0,17281000.0
2021-02-27,,46188.453125,1459.97314453125,,,,,48253.26953125,1524.932373046875,,,,,45269.02734375,1433.7869873046875,,,,,46344.7734375,1446.929443359375,,,,,45910946382,20742103233,,,
2021-02-28,,45137.76953125,1416.0489501953125,,,,,46716.4296875,1468.3914794921875,,,,,43241.6171875,1300.47216796875,,,,,46194.015625,1459.8604736328125,,,,,53443887451,27637026080,,,
2021-03-01,555.1476440429688,49631.2421875,1564.7076416015625,102.5734634399414,361.7413330078125,118.13197326660156,555.9182176797442,49784.015625,1567.694580078125,102.89907502090055,362.98560406297776,119.20232242783061,541.1726283340739,45115.09375,1416.4161376953125,100.82694907500807,353.3751899411778,116.40293857129667,544.5118001149254,45159.50390625,1417.151123046875,101.49998201929594,358.03645997578053,118.5893881539231,679500.0,53891300112,24032838645,26060000.0,105348800.0,9714900.0
2021-03-02,535.7310180664062,48378.98828125,1492.6087646484375,102.31674194335938,358.9184875488281,115.26853942871094,551.6467215071392,50127.51171875,1597.610107421875,103.81644435737358,362.1962383505726,117.57391412585923,535.5978181725957,47228.84375,1461.325439453125,101.92967878703757,358.41706713717036,115.26853942871094,550.8476382732157,49612.10546875,1564.0634765625,102.33458149918383,361.96410294439573,117.49156884585197,696100.0,47530897720,22523669722,25564000.0,79595300.0,8274500.0
2021-03-03,517.1419677734375,50538.2421875,1575.8531494140625,99.68655395507812,354.1644287109375,112.42344665527344,538.4041871206375,52535.13671875,1650.360595703125,102.88716945584571,359.18781495345684,116.87867081273664,514.8588150138849,48274.3203125,1481.90576171875,98.82369885225702,354.06227437694446,112.25877699291385,537.1103947504447,48415.81640625,1491.451171875,101.69573836758674,358.22215187611573,115.9272468723922,1006900.0,53220811975,22674780680,33892000.0,119940200.0,10660300.0
2021-03-04,485.653076171875,48561.16796875,1541.914306640625,100.80266571044922,349.78173828125,105.74518585205078,514.9825426520201,51735.08984375,1622.953857421875,102.81779430199187,356.5600826850542,112.66130471158769,477.6524020306015,47656.9296875,1511.1033935546875,99.3901873806204,345.3061596092031,103.82404443868987,511.67188082718593,50522.3046875,1574.623779296875,99.85803897102821,353.9787373865895,111.56350463281125,1702500.0,52343816680,22906118718,49216000.0,183433000.0,24454200.0
2021-03-05,501.38818359375,48927.3046875,1533.2750244140625,103.93190002441406,356.216552734375,110.51144409179688,505.01274308646623,49396.4296875,1547.878173828125,104.38438487608283,357.26580967154143,110.96885899783975,483.5888343568511,46542.515625,1450.891357421875,100.49785050979133,346.0118857739026,105.55306120579799,502.2729121872255,48527.03125,1541.541748046875,102.15168816314645,353.27306228530506,110.60292567708593,1370100.0,48625928883,21067146937,53100000.0,152039600.0,17448700.0
2021-03-06,,48912.3828125,1654.7415771484375,,,,,49147.21875,1669.1065673828125,,,,,47257.52734375,1519.14111328125,,,,,48899.23046875,1532.372802734375,,,,,34363564661,22746262366,,,
2021-03-07,,51206.69140625,1723.15380859375,,,,,51384.3671875,1730.9241943359375,,,,,48918.6796875,1636.564453125,,,,,48918.6796875,1655.3924560546875,,,,,43137459378,23809935410,,,
2021-03-08,477.74761962890625,52246.5234375,1834.7279052734375,99.4927749633789,354.4429931640625,104.2265625,503.4144417159979,52314.0703125,1835.192138671875,104.75808274317625,359.977094609663,110.69440909961159,476.72016868141037,49506.0546875,1670.9420166015625,99.37828873496463,354.16444194612137,104.01614856870503,500.81733372054174,51174.1171875,1724.229248046875,103.28713246318019,357.17290844727864,110.27358821661933,1180700.0,48597428048,27630991158,36868000.0,123149200.0,17246900.0
2021-03-09,513.2605590820312,54824.1171875,1868.048828125,101.12132263183594,359.50347900390625,106.4678955078125,516.7709621208949,54824.1171875,1868.048828125,102.28897013180834,362.04767402813786,108.31585571473191,499.3997015895603,51981.83203125,1804.266357421875,100.88541553312906,357.7763768194202,105.50732835237228,501.9587765210295,52272.96875,1835.1480712890625,101.58670128057204,358.2777972390248,107.09913033824311,1240500.0,50912227385,23461244507,33920000.0,113633600.0,17717100.0
2021-03-10,497.8586120605469,56008.55078125,1799.166259765625,100.91466522216797,361.7413330078125,104.13507843017578,515.4486615025583,57258.25390625,1873.80322265625,102.16408434665642,363.4312860296286,107.97736082125256,495.7466332252849,53290.890625,1766.490478515625,100.07907232110979,360.43211389392627,103.75085158698761,513.7933596952932,54824.01171875,1868.489013671875,102.16408434665642,361.8434873497362,107.76695387457227,876500.0,57295577614,25154173185,27100000.0,109899400.0,15240300.0
2021-03-11,517.9031982421875,57805.12109375,1826.1949462890625,104.1038818359375,365.40911865234375,110.31018829345703,521.794098837427,58091.0625,1843.81884765625,104.63566538410922,367.3776230858602,110.51145198322338,513.7268526786418,54484.59375,1734.6170654296875,101.91875964200801,363.74702059931354,107.09913346945302,520.3671062538035,55963.1796875,1798.033935546875,102.00648275291233,364.20202543159564,108.16948275092167,1009700.0,56772343595,24013132909,27702000.0,86245000.0,15091600.0
2021-03-12,511.462646484375,57332.08984375,1772.1024169921875,101.5990982055664,365.9012451171875,108.22438049316406,512.8420841536034,57996.62109375,1839.497314453125,102.96746538300351,366.0405207448169,108.86475863446869,502.87212393156875,55376.6484375,1728.98095703125,100.72782616573727,363.2456286942137,107.29125008200786,508.12347480941634,57821.21875,1826.5467529296875,102.9079951600995,364.05345567131616,108.86475863446869,714900.0,55689944702,22435821312,33818000.0,64653600.0,8171000.0
2021-03-13,,61243.0859375,1924.6854248046875,,,,,61683.86328125,1937.6455078125,,,,,56217.97265625,1733.639892578125,,,,,57343.37109375,1772.1663818359375,,,,,60669829814,25014689475,,,
2021-03-14,,59302.31640625,1854.5643310546875,,,,,61597.91796875,1930.77978515625,,,,,59302.31640625,1845.1199951171875,,,,,61221.1328125,1923.86376953125,,,,,43901225564,19344589211,,,
2021-03-15,520.5572509765625,55907.19921875,1791.7022705078125,101.81914520263672,368.0832824707031,108.93792724609375,521.1375472106469,60540.9921875,1889.1966552734375,101.84639986684593,368.34327305827475,108.96537102159142,509.9214092629413,55393.1640625,1749.6063232421875,100.49836027807162,364.01626458616573,106.76977824701585,512.4519165850976,59267.4296875,1854.086669921875,101.35030296707097,366.15189953144346,108.54455017823398,582400.0,66419369890,26244738810,26168000.0,73427200.0,8935000.0
2021-03-16,522.6406860351562,56804.90234375,1806.9718017578125,103.2787094116211,367.61895751953125,109.18492126464844,528.6815968201215,56833.1796875,1817.0601806640625,104.75511215690847,369.401741761804,110.92309905818047,519.3871598811168,53555.02734375,1720.05322265625,102.05951689510228,366.84825201962127,108.04138416095584,519.7867014631478,55840.78515625,1792.413818359375,102.39157157977236,368.6960693202915,109.52341075999621,651600.0,59749798599,23828509590,31900000.0,73722500.0,10793400.0
2021-03-17,532.3348388671875,58870.89453125,1823.4493408203125,103.19593048095703,368.8725280761719,109.05455017089844,538.499428308265,58969.81640625,1839.8189697265625,104.02755311828832,369.6710604301495,109.75243546547996,516.4381204265096,54528.62890625,1749.179931640625,101.30767543125644,365.1954821103504,105.95995496213769,521.5372267065238,56825.828125,1807.05615234375,102.51447316939472,366.33759873657715,108.12708868001776,841400.0,60258313191,24512917348,26382000.0,97959300.0,9890400.0
2021-03-18,512.94677734375,57858.921875,1782.8551025390625,100.1786880493164,363.50555419921875,105.1426773071289,525.5899112468792,60116.25,1848.6461181640625,102.52835156310981,368.37110416522074,108.6596785875507,512.7850677690669,54253.578125,1705.716064453125,100.0716356052012,362.8277084837041,104.77536524286825,521.3089333214813,58893.078125,1823.158447265625,101.5088880221178,366.2911796002453,108.35664560909353,790000.0,55746041000,23263845504,31700000.0,115349100.0,10283800.0
2021-03-19,520.776123046875,58346.65234375,1817.6241455078125,100.45722198486328,362.83294677734375,104.3437728881836,529.975509537593,59498.375,1841.196044921875,100.95679000162345,364.77995178052817,105.50080342518383,514.963521054627,56643.703125,1746.473388671875,99.26628238475064,360.66234252833834,103.95809837781512,518.1790153619284,57850.44140625,1782.5687255859375,100.59450866025328,363.205574280837,105.0324803735108,1404600.0,49063873786,21249297710,46072000.0,113624500.0,11536000.0
2021-03-20,,58313.64453125,1812.6346435546875,,,,,60031.28515625,1874.708984375,,,,,58213.296875,1811.7286376953125,,,,,58332.26171875,1817.522705078125,,,,,50361731222,22677674970,,,
2021-03-21,,57523.421875,1788.217041015625,,,,,58767.8984375,1823.35302734375,,,,,56005.6171875,1764.1392822265625,,,,,58309.9140625,1812.6065673828125,,,,,51943414539,22977404620,,,
2021-03-22,547.9556884765625,54529.14453125,1691.333984375,100.64208221435547,365.7301940917969,107.60365295410156,549.8583454593812,58471.48046875,1811.96826171875,101.51682534830367,367.1089472702704,108.65967245201152,536.3875595693972,54288.15625,1674.2998046875,99.8149137452383,363.2894509967949,105.40897242658421,540.0121187990875,57517.890625,1788.3621826171875,100.49042709934655,363.34534370663016,105.40897242658421,1216800.0,56521454974,23599296129,33536000.0,73778600.0,9376400.0
2021-03-23,531.6688232421875,54738.9453125,1678.650146484375,101.1694107055664,362.8515930175781,105.50082397460938,543.4748395364176,55985.44140625,1725.1087646484375,102.29839969901126,366.54065388487237,107.20881943137536,528.4628516317215,53470.6953125,1662.5399169921875,100.50877242544003,362.06906667782835,105.25289231419325,541.8004924983584,54511.66015625,1690.871826171875,101.10101692123436,365.09671154896347,106.61193809331908,866300.0,56435023914,21998237965,28510000.0,90686600.0,8977400.0
2021-03-24,550.4196166992188,52774.265625,1593.4134521484375,100.73328399658203,361.0070495605469,100.05542755126953,565.5361812518319,57262.3828125,1740.42822265625,102.47136638997688,365.87923909623805,105.31715608068818,549.8678299543592,52514.33203125,1570.7879638671875,100.55832930680076,360.9604817803928,99.95441655464596,558.6010179329556,54710.48828125,1678.0025634765625,101.68632764385609,364.248968775631,103.27858070285995,2121400.0,70567223787,31228051473,25218000.0,97588600.0,24196100.0
2021-03-25,555.5757446289062,51704.16015625,1595.3592529296875,100.72980499267578,363.0379638671875,101.42366790771484,557.3262143041875,53392.38671875,1625.9114990234375,101.38300944915922,363.829786798647,103.5357073115505,541.3914647793002,50856.5703125,1560.3704833984375,98.92728405832933,357.634764555162,99.07288158447895,543.1228312428799,52726.74609375,1593.123291015625,100.56080187614467,359.5724734221165,99.17389259110823,1088900.0,67999812841,29650328701,35616000.0,116128600.0,16772400.0
2021-03-26,595.217529296875,55137.3125,1702.842041015625,100.34671020507812,368.88824462890625,107.03433227539062,596.7681989879105,55137.3125,1702.9228515625,101.07326181314708,369.28881849367565,107.16289045575992,560.0374292293019,51579.85546875,1594.7366943359375,99.31187989492297,363.5875351124933,102.11236849415197,560.0374292293019,51683.01171875,1595.2100830078125,100.69660445230305,364.18373344592686,102.84699267274401,1933600.0,56652197978,22548516548,27978000.0,114409100.0,12910900.0
2021-03-27,,55973.51171875,1716.49462890625,,,,,56568.21484375,1732.8243408203125,,,,,54242.91015625,1674.3193359375,,,,,55137.56640625,1703.0361328125,,,,,47266542233,18102277710,,,
2021-03-28,,55950.74609375,1691.35595703125,,,,,56610.3125,1728.5841064453125,,,,,55071.11328125,1672.660400390625,,,,,55974.94140625,1716.4056396484375,,,,,47686580918,16599472938,,,
2021-03-29,578.4075927734375,57750.19921875,1819.6849365234375,101.39044952392578,368.701904296875,105.04167175292969,586.8363473773934,58342.09765625,1837.18798828125,101.55995176525356,369.60554090899944,107.21799006649145,572.1668815950397,55139.33984375,1683.716552734375,99.39117913290644,365.93510175704296,103.20511834243224,584.8385812202469,55947.8984375,1691.26318359375,100.21933831690066,367.4163152580118,107.02515279909666,1214900.0,57625587027,22796570548,26492000.0,108107600.0,10863600.0
2021-03-30,572.0240478515625,58917.69140625,1846.03369140625,101.42415618896484,367.7237243652344,105.66609191894531,576.7521786649337,59447.22265625,1860.9747314453125,102.22703448790296,368.3944651831491,106.60273100236506,566.5349242415213,57251.55078125,1793.92236328125,100.91269258418674,366.1306971541533,104.9498372658782,570.720733009959,57750.1328125,1819.46630859375,101.74679577665506,367.4349359437374,105.85892917124072,1071600.0,54414116432,22512781703,27312000.0,76262200.0,8206200.0
2021-03-31,587.31201171875,58918.83203125,1918.362060546875,102.21959686279297,369.2142639160156,108.61376953125,590.7177832117409,59930.02734375,1947.8377685546875,103.39616804886353,370.77001997622074,108.68723335040733,575.7438854076582,57726.41796875,1793.002197265625,101.45041637085228,368.26405952663214,106.11605572706387,576.6571233931968,58930.27734375,1846.0982666015625,101.81716706219301,368.2920058783888,106.32726245566735,1579600.0,65520826225,30226902621,42570000.0,112734200.0,9806500.0
2021-04-01,606.0911865234375,59095.80859375,1977.27685546875,105.55302429199219,373.2014465332031,114.6009292602539,608.3648749076627,59586.0703125,1989.0550537109375,105.84890071738012,373.25736766767085,114.6743860681186,589.5856651107858,58505.27734375,1912.178466796875,103.65238219633088,370.93770669938243,111.69917166980456,589.6332199089543,58926.5625,1919.1572265625,103.69302219403144,371.14265609357545,112.77355367393255,1908300.0,61669163792,30914259795,39880000.0,99682900.0,17904000.0
2021-04-02,,59384.3125,2143.2255859375,,,,,60267.1875,2152.451904296875,,,,,58869.28125,1960.6787109375,,,,,59098.87890625,1976.9327392578125,,,,,58727860620,34862511022,,,
2021-04-03,,57603.890625,2028.4224853515625,,,,,60110.26953125,2144.96240234375,,,,,57603.890625,2028.4224853515625,,,,,59397.41015625,2142.89599609375,,,,,59641344484,32011518871,,,
2021-04-04,,58758.5546875,2093.122802734375,,,,,58913.74609375,2110.353515625,,,,,57168.67578125,2007.11181640625,,,,,57604.83984375,2027.6712646484375,,,,,50749662970,26006501902,,,
2021-04-05,609.3162231445312,59057.87890625,2107.88720703125,109.97284698486328,378.5579833984375,114.3254623413086,621.2173488734478,59891.296875,2140.9853515625,110.4699421342313,379.09831735793875,116.98846647975523,606.9759928046752,57694.82421875,2032.3876953125,106.31775738977792,375.7818847728783,112.65419883470763,619.9330789583789,58760.875,2093.2607421875,106.4139049523274,375.85639888988624,116.68543345237526,1529800.0,60706272115,28889391170,48510000.0,91684800.0,14113900.0
2021-04-06,597.4341430664062,58192.359375,2118.37890625,109.49209594726562,378.33447265625,112.43380737304688,604.8069370294072,59479.578125,2151.223388671875,110.42086434967698,379.3778410378448,113.87550158853077,588.2823699149095,57646.80859375,2057.609130859375,109.12188174590547,377.663731778131,111.6073568978883,602.5808033683414,59171.93359375,2109.4931640625,109.57436661004975,377.9991164320186,113.86631685939133,1281900.0,66058027988,29222865881,35240000.0,62021000.0,13042300.0
2021-04-07,596.064208984375,56048.9375,1971.0772705078125,110.96751403808594,378.7723388671875,110.09221649169922,600.6686631313194,58731.14453125,2133.1875,111.23860868671407,379.1170200378233,112.58993076955241,591.9069092956913,55604.0234375,1945.442138671875,109.6824083386153,377.7103490017058,110.0462998445444,596.6349826922965,58186.5078125,2117.728515625,109.6824083386153,378.16681558663885,112.43382537866077,820600.0,75645303584,36116271935,24134000.0,55836300.0,11193200.0
2021-04-08,608.7360229492188,58323.953125,2088.57373046875,111.53250885009766,380.5703430175781,113.34290313720703,610.362815421006,58338.73828125,2091.516357421875,112.5911226113418,380.6262357329122,113.70103052062436,601.9530467929835,55879.0859375,1959.0794677734375,111.16476752079966,379.0891292019,111.46043293748346,605.0068318687842,56099.9140625,1969.1331787109375,112.20504261453645,380.0207123636846,111.46043293748346,865900.0,53053855641,25312956529,28664000.0,57863100.0,10226700.0
2021-04-09,603.4465942382812,58245.00390625,2072.10888671875,112.5356216430664,383.33709716796875,112.7643814086914,607.6229395492715,58937.046875,2102.873779296875,112.69917231745536,383.5048037222059,113.35207793541892,597.9574111845903,57807.86328125,2055.163330078125,110.87980246049328,380.32810213483407,111.75427143535171,603.4656393855438,58326.5625,2088.772216796875,111.28521181469488,380.4492124791382,112.71846477139587,631100.0,46655208546,19812472092,26146000.0,61104600.0,8315200.0
2021-04-10,,59793.234375,2135.942138671875,,,,,61276.6640625,2196.996337890625,,,,,58038.70703125,2062.78759765625,,,,,58253.77734375,2071.111572265625,,,,,58238470525,24986243611,,,
2021-04-11,,60204.96484375,2157.656982421875,,,,,60790.5546875,2165.19140625,,,,,59289.796875,2119.86572265625,,,,,59846.23046875,2136.156982421875,,,,,46280252580,19692836132,,,
2021-04-12,599.7459716796875,59893.453125,2139.353271484375,111.24456787109375,383.4768371582031,111.0196533203125,600.8400225936357,61253.03515625,2199.71875,111.85267053734381,383.7469757570129,112.45216271609227,590.413442158079,59589.875,2110.368896484375,110.4119469730089,382.135355372954,109.4953106507354,600.8209774445127,60175.9453125,2157.36181640625,111.7153914284989,382.74087863290447,112.22259354338935,739500.0,51828688519,21727936609,25024000.0,56704900.0,9868400.0
2021-04-13,598.4998168945312,63503.45703125,2299.187744140625,111.73075866699219,384.61328125,111.35942077636719,605.7489358508035,63742.28515625,2318.42333984375,112.17878937240846,385.2374542676468,112.8562163947171,593.3626194629977,59869.95703125,2138.5595703125,111.16675951077738,382.99233619082685,110.51460782967757,604.6929750884342,59890.01953125,2139.3642578125,111.5602733226947,383.3742885703342,112.39707800987765,710500.0,69983454362,29456642939,25682000.0,56551000.0,8384800.0
2021-04-14,600.2784423828125,63109.6953125,2435.10498046875,111.11026000976562,383.2999267578125,110.96455383300781,609.8868899727141,64863.09765625,2449.6875,112.37504587455774,385.6381813048944,112.42461743917649,596.5206851889953,61554.796875,2284.563720703125,110.81835377243557,382.75959257028177,110.65234311567713,604.7306504324797,63523.75390625,2299.347900390625,112.37504587455774,384.58548771887484,112.02057344649415,718000.0,77451779687,35592822986,21002000.0,61659900.0,9521900.0
2021-04-15,610.83837890625,63314.01171875,2519.1162109375,113.2582015991211,387.4173583984375,108.67805480957031,611.6089524627846,63821.671875,2544.267333984375,113.79098336268001,387.68752538741427,112.02976643609156,596.9775193969318,62208.96484375,2409.924072265625,111.5691838882849,385.38651459221114,107.0343385432841,602.9328435060733,63075.1953125,2436.03466796875,112.10344786988813,385.4330823632249,111.75428060151334,980400.0,60954381579,32325606817,29174000.0,60229800.0,18709100.0
2021-04-16,614.2631225585938,61572.7890625,2431.946533203125,113.13430786132812,388.7123718261719,109.12799072265625,616.4036110600899,63594.72265625,2547.5556640625,113.70375943501823,389.31789515278274,110.74415954386966,607.4040251683692,60222.53125,2318.675048828125,112.54800739975896,387.2870508261419,108.21889882580263,609.0974172760524,63258.50390625,2516.601806640625,113.45595676086148,388.7030468977185,109.44939314603505,605200.0,84293007468,36196928256,26282000.0,82037300.0,9512100.0
2021-04-17,,60683.8203125,2344.89501953125,,,,,62572.17578125,2497.38525390625,,,,,60361.3515625,2333.682861328125,,,,,61529.921875,2429.98095703125,,,,,66138759198,32349808978,,,
2021-04-18,,56216.18359375,2237.136962890625,,,,,61057.45703125,2365.46044921875,,,,,52829.53515625,2011.766845703125,,,,,60701.88671875,2346.452392578125,,,,,97468872758,50696368718,,,
2021-04-19,599.44140625,55724.265625,2166.188720703125,113.48171997070312,386.80255126953125,105.96914672851562,608.1460826231687,57520.0546875,2276.77685546875,114.19192171154751,388.2278720552796,109.16474614784055,592.1542576880975,54368.59375,2086.688720703125,112.51132846810592,385.4797193923822,105.78548716045914,606.6049355635436,56191.5859375,2238.03271484375,112.51132846810592,387.78073043129933,108.35666506608054,1138900.0,65344865159,34060654971,30290000.0,78498500.0,12630300.0
2021-04-20,586.9124755859375,56473.03125,2330.2109375,112.94895935058594,383.97052001953125,105.55589294433594,597.2343642720166,57062.1484375,2345.8349609375,113.93967097136371,386.69072605086455,107.23634081293156,582.954975461183,53448.046875,2060.143798828125,111.86408150000248,382.498603179726,105.18858790704478,595.5600752613898,55681.79296875,2161.939453125,113.8648340768763,385.5914650988826,106.56600281457014,988000.0,67849323955,39433483315,22288000.0,81851800.0,9299200.0
2021-04-21,623.586181640625,53906.08984375,2364.751708984375,112.91625213623047,387.6037902832031,107.80567932128906,623.919181386211,56757.97265625,2467.20068359375,112.99802369437015,387.8087397039986,107.88832085635403,604.9782023088549,53695.46875,2238.366943359375,111.25448135103781,383.21601337839934,104.47233062243974,606.6810590723774,56471.12890625,2331.16015625,112.60401833502164,383.3557735882246,105.14267565462187,2160900.0,54926612466,38899067643,23204000.0,66793000.0,8472200.0
2021-04-22,615.5950317382812,51762.2734375,2403.53515625,111.63610076904297,384.063720703125,105.89566040039062,633.4609463379802,55410.23046875,2641.094970703125,113.43812268908319,388.2651692129653,107.89750372852588,609.3067077858979,50583.8125,2315.960205078125,111.03146160989212,383.00173084573123,105.06003231245195,631.8436766767115,53857.10546875,2357.87109375,112.77004307784593,387.43607511013636,107.89750372852588,1233400.0,74798630778,53575904724,24146000.0,97582800.0,7411800.0
2021-04-23,638.255615234375,51093.65234375,2363.586181640625,113.98576354980469,388.22802734375,108.9443588256836,638.6076601087095,52120.79296875,2439.537109375,114.29254490612311,389.6347272677211,109.0178226509868,626.3259797970678,47714.6640625,2117.03955078125,112.06876386145632,384.5482902528174,106.45582954217937,627.1345855895768,51739.80859375,2401.25634765625,112.35373543564587,384.6228044100674,107.05271086244996,1109600.0,86668667320,55413933925,29066000.0,73209200.0,8380300.0
2021-04-24,,50050.8671875,2211.625732421875,,,,,51167.5625,2367.740966796875,,,,,48805.28515625,2163.693115234375,,,,,51143.2265625,2367.19921875,,,,,49014494781,31854226936,,,
2021-04-25,,49004.25390625,2316.0595703125,,,,,50506.01953125,2354.086669921875,,,,,47159.484375,2172.51513671875,,,,,50052.83203125,2214.413818359375,,,,,46117114240,31814355546,,,
2021-04-26,637.80859375,54021.75390625,2534.481689453125,114.48137664794922,389.0383605957031,111.58897399902344,642.765035453487,54288.00390625,2536.33740234375,115.2049638616611,389.60664100563645,111.60734345508975,634.4979896079913,48852.796875,2308.315185546875,113.85641745009418,388.2931055721406,109.64223200968031,634.4979896079913,49077.79296875,2319.47802734375,114.21325394420712,388.8800074072831,110.19319659145866,801000.0,58284039825,35208325408,32038000.0,52182400.0,8444000.0
2021-04-27,640.0630493164062,55033.1171875,2662.865234375,113.54220581054688,388.9544677734375,111.35942077636719,641.9942732082544,55416.96484375,2676.392822265625,114.90363083568847,389.5320730309627,111.70837043261847,629.5793951937072,53319.1875,2485.375,113.3033191151112,387.81793554032805,110.09220135633277,637.7037742360221,54030.3046875,2534.03125,114.86299083121631,389.3364201598553,111.57062751598747,678200.0,49448222757,32275969215,44386000.0,51303100.0,5491800.0
2021-04-28,632.9567260742188,54824.703125,2746.380126953125,116.915283203125,388.8427429199219,109.88099670410156,638.208018220681,56227.20703125,2757.477294921875,120.50048895349634,390.342606350338,110.57888197357376,629.0943359295851,53887.91796875,2564.08154296875,116.62684053810642,388.3769514146441,109.0269990662911,632.1100300461809,55036.63671875,2664.685546875,118.57357518868605,389.2246953658085,110.19320742898721,571300.0,48000572955,34269031076,81106000.0,51238900.0,6476500.0
2021-04-29,630.2359008789062,53555.109375,2756.876953125,118.58647155761719,391.32080078125,109.36676025390625,634.1839362194089,55115.84375,2797.972412109375,119.1514613795989,391.9356490483459,110.95538212460528,622.2257335210752,52418.02734375,2672.106689453125,117.64927859207835,387.94847445568877,107.99852984892331,633.860459076103,54858.08984375,2748.649658203125,118.41152443414508,391.56302148849824,110.85437112095933,504300.0,46088929780,32578127990,41234000.0,78544300.0,8831800.0
2021-04-30,616.5557861328125,57750.17578125,2773.20703125,116.6407241821289,388.74957275390625,107.19963073730469,628.8754979944232,57900.71875,2796.054931640625,118.04576113897953,389.90475500080083,108.5219515596822,614.2726332806099,53129.6015625,2728.169921875,116.29677394223161,387.8552610382918,107.11698918885406,622.4255229612036,53568.6640625,2757.734130859375,117.3603411059262,389.057011063111,108.36584618645594,575200.0,52395931985,29777179889,44856000.0,85527000.0,7950700.0
2021-05-01,,57828.05078125,2945.892822265625,,,,,58448.33984375,2951.44091796875,,,,,57052.2734375,2755.908447265625,,,,,57714.6640625,2772.83837890625,,,,,42836427360,28726205272,,,
2021-05-02,,56631.078125,2952.05615234375,,,,,57902.59375,2984.891845703125,,,,,56141.90625,2860.526123046875,,,,,57825.86328125,2945.56005859375,,,,,38177405335,28032013047,,,
2021-05-03,624.37939453125,57200.29296875,3431.086181640625,116.12429809570312,389.5880432128906,106.46500396728516,627.8618144374013,58973.30859375,3450.037841796875,118.03089194443908,391.1158246327663,107.94343003041239,617.9679963895948,56590.87109375,2951.17578125,115.748631417019,389.0943053331574,106.27216669895056,627.5088090283667,56620.2734375,2951.17578125,117.20620391311888,390.73387217038277,107.8699662122196,672000.0,51713139031,49174290212,28242000.0,68128300.0,10229500.0
2021-05-04,600.1170654296875,53333.5390625,3253.62939453125,114.3277359008789,387.18450927734375,105.93240356445312,609.8772973188915,57214.1796875,3523.5859375,115.22775243296606,388.09747082223015,106.3548100172775,587.6281170943938,53191.42578125,3180.74267578125,111.8422752076323,383.5047736052085,104.4447927477187,606.480770629225,57214.1796875,3431.131591796875,114.66078126628535,387.6037329855272,105.60182338295658,1505800.0,68564706967,62402045158,44818000.0,101591200.0,9638300.0
2021-05-05,612.4057006835938,57424.0078125,3522.783203125,114.72124481201172,387.3056335449219,105.95076751708984,622.0418983818263,57911.36328125,3541.462646484375,115.7238519784705,389.0570141395226,106.97005525682587,606.6239704181542,52969.0546875,3213.1015625,114.39959590373067,386.7466780571217,105.46408196685283,612.5201857793451,53252.1640625,3240.5546875,115.40815462993878,388.8241183887439,106.52010161681937,948200.0,69241316747,48334198383,26636000.0,60162200.0,7059000.0
2021-05-06,614.7527465820312,56396.515625,3490.88037109375,115.84032440185547,390.3984680175781,107.43838500976562,615.0389593144121,58363.31640625,3598.89599609375,115.84032440185547,390.528874845266,108.02608159806532,601.0044029729341,55382.5078125,3386.239990234375,113.6442970726025,385.3772223436678,105.10596110987174,609.0187088745903,57441.30859375,3524.930908203125,114.30295402461856,387.3801199711882,105.87731726070005,618200.0,69523285106,44300394788,25190000.0,74321400.0,8581700.0
2021-05-07,628.3292846679688,57356.40234375,3484.72900390625,116.56289672851562,393.2397766113281,107.28225708007812,630.9243576703914,58606.6328125,3573.2900390625,117.52040957899021,393.89189602548134,109.66059011614065,617.9679764523448,55321.84765625,3370.261962890625,116.27693452051786,390.48229913565626,106.56600245154802,621.8510940589455,56413.953125,3490.105224609375,117.15564782036735,391.16236490015007,108.7239510648077,573700.0,68434023376,39607240515,28898000.0,67733800.0,9614300.0
2021-05-08,,58803.77734375,3902.647705078125,,,,,59464.61328125,3950.1650390625,,,,,56975.2109375,3453.7685546875,,,,,57352.765625,3481.988037109375,,,,,65382980634,50208491286,,,
2021-05-09,,58232.31640625,3928.8447265625,,,,,59210.8828125,3981.259033203125,,,,,56482.00390625,3743.989013671875,,,,,58877.390625,3911.463134765625,,,,,65906690347,50568290278,,,
2021-05-10,598.4569702148438,55859.796875,3952.2939453125,113.5803451538086,389.3457336425781,103.13166809082031,618.8552304994862,59519.35546875,4197.47314453125,115.52559745188634,393.8173198937431,105.9507776665315,597.7509594589244,54071.45703125,3684.45166015625,113.22300962169997,389.22462332487686,103.0582112692181,618.5308172760264,58250.87109375,3924.413330078125,115.383849013432,393.59374911008047,105.58347254083189,882700.0,71776546298,62691789007,30914000.0,81852400.0,12281200.0
2021-05-11,601.7006225585938,56704.57421875,4168.701171875,112.50537872314453,385.8710021972656,103.62753295898438,604.5628652004968,56872.54296875,4178.208984375,113.01188892902981,386.8584779431412,103.75609114738664,586.387636070907,54608.65234375,3783.889404296875,110.71426189771958,382.0049382756216,100.21154222510522,587.8283075178609,55847.2421875,3948.27197265625,111.16774499673892,384.8369586713548,100.76251389642444,891200.0,61308396325,52679737865,34186000.0,116888000.0,10007700.0
2021-05-12,574.2423706054688,49150.53515625,3785.8486328125,109.04557037353516,377.6730651855469,99.36674499511719,591.2536539153394,57939.36328125,4362.3505859375,111.41109992687674,384.3618242624742,101.09310308819946,572.6967637919576,49150.53515625,3785.8486328125,108.71698679054806,376.3595297518344,99.22900205549058,586.7599107086539,56714.53125,4174.6357421875,110.33117538369368,383.09488503627756,100.41358012684431,1107700.0,75215403907,69023382175,46376000.0,134811000.0,15058900.0
2021-05-13,594.4784545898438,49716.19140625,3715.1484375,110.47241973876953,382.2098388671875,99.86258697509766,599.8785283239101,51330.84375,4032.5634765625,110.98784598165807,384.1382223326197,102.3235687090646,583.7163911718558,46980.01953125,3549.4072265625,109.36622368361735,379.17286945378146,99.08205321371267,593.0950252637116,49735.43359375,3828.91845703125,110.32769928437514,379.2194656575238,100.42273629929164,1436100.0,96721152926,78398214539,33204000.0,106394000.0,10552000.0
2021-05-14,618.0157470703125,49880.53515625,4079.057373046875,112.9177474975586,388.0788269042969,103.26939392089844,621.2405467048384,51438.1171875,4171.01708984375,113.23196266783239,388.9265708311616,103.60915881241239,596.6919938728407,48868.578125,3703.39990234375,111.51122057254315,384.9114504451291,101.23081858360484,601.2048382745319,49682.98046875,3720.122314453125,111.93446954125274,384.9393967974584,101.57058347511878,1331000.0,55737497453,48174271215,31996000.0,82201600.0,8425200.0
2021-05-15,,46760.1875,3638.1220703125,,,,,50639.6640625,4129.185546875,,,,,46664.140625,3638.1220703125,,,,,49855.49609375,4075.95166015625,,,,,59161047474,42422321751,,,
2021-05-16,,46456.05859375,3587.506103515625,,,,,49720.04296875,3878.89599609375,,,,,43963.3515625,3350.95166015625,,,,,46716.63671875,3641.830810546875,,,,,64047871555,47359478734,,,
2021-05-17,606.1754150390625,43537.51171875,3282.397705078125,113.44010162353516,387.09130859375,100.8268051147461,606.8719338533082,46623.55859375,3587.765625,113.48272295866457,387.9018095813703,101.03800487570489,594.6787492134565,42207.2890625,3129.0087890625,111.78428241583579,385.0790861586322,99.05453044049467,602.8743316395175,46415.8984375,3581.343017578125,112.18374021644,386.9702267000928,100.15645990384516,929400.0,74903638450,54061732774,21598000.0,65129200.0,10688600.0
2021-05-18,603.16064453125,42909.40234375,3380.070068359375,112.12922668457031,383.7563171386719,101.78176879882812,614.1993718884639,45812.45703125,3562.465087890625,114.36986421874587,387.59443468838975,104.20602532099889,602.6072610857696,42367.83203125,3246.404052734375,112.11534979452306,383.5979355139091,101.68994254558466,611.9477540516813,43488.05859375,3276.872314453125,114.10570419354653,387.3522140021612,103.76524949717856,644700.0,56187365084,40416525218,22204000.0,59810200.0,7476600.0
2021-05-19,601.8153076171875,37002.44140625,2460.67919921875,112.57675170898438,382.7502746582031,103.21430206298828,602.0060772522764,43546.1171875,3437.935791015625,112.74971749134802,382.9272777473984,103.29694360282373,578.7837757569812,30681.49609375,1952.460205078125,110.29399964826719,377.59862050082813,99.1738831981797,580.090862212783,42944.9765625,3382.6572265625,110.44218365077748,379.07986286402354,99.63302154631941,1049600.0,126358098747,84482912776,23684000.0,106467100.0,7280500.0
2021-05-20,618.9791870117188,40782.73828125,2784.294189453125,114.33368682861328,386.8677978515625,104.02237701416016,622.2993704611943,42462.984375,2993.145263671875,114.58396240325392,388.1254406224363,104.42642097902888,602.7407087602292,35050.6171875,2170.22900390625,113.17248227319268,383.5047967743601,102.93881029501703,603.6375472845973,36753.66796875,2439.638671875,113.54319564211424,383.62587868681237,103.20511136223553,1086900.0,88281943359,67610826680,32352000.0,78022200.0,6442500.0
2021-05-21,609.8677978515625,37304.69140625,2430.621337890625,113.69830322265625,386.5510559082031,102.70924377441406,617.6340333192395,42172.171875,2938.205078125,114.92542855828297,389.5880256140857,104.68354000909797,606.9674117716127,33616.453125,2113.34716796875,113.45892500037012,386.0945893314259,102.56232315080001,616.202911422702,40596.94921875,2772.34130859375,114.85207388727218,388.3490042918943,104.68354000909797,847500.0,82051616861,53774070802,40632000.0,76578700.0,5979400.0
2021-05-22,,37536.6328125,2295.70556640625,,,,,38831.0546875,2483.983154296875,,,,,35383.68359375,2168.124267578125,,,,,37371.03125,2436.0146484375,,,,,57377273240,42089937660,,,
2021-05-23,,34770.58203125,2109.579833984375,,,,,38289.21875,2384.41162109375,,,,,31227.33984375,1737.46875,,,,,37531.44921875,2298.3671875,,,,,78469274361,56005721977,,,
2021-05-24,628.6919555664062,38705.98046875,2643.591064453125,117.01441192626953,390.4916076660156,104.3437728881836,631.8499626981802,39835.140625,2672.595703125,117.23792438170847,391.56292229029447,105.17940799987677,616.1076194632178,34551.08203125,2090.6396484375,114.58197841685045,388.5445744319748,102.95718019530246,617.767711796249,34700.36328125,2099.93603515625,114.72719042691061,388.78679507785904,103.08573836542527,794000.0,67359584098,53697121740,31832000.0,51376700.0,6653600.0
2021-05-25,641.419189453125,38402.22265625,2706.62890625,117.10511016845703,389.6252136230469,104.94066619873047,648.240892905696,39776.3515625,2750.534912109375,118.15232004522714,391.9262244678643,105.54673221846433,636.6392918510098,36581.4296875,2394.35546875,116.71506746234576,389.0476367876896,104.31623772653299,640.3506232335811,38795.78125,2649.033203125,117.55759509928788,391.572218425638,105.46408366763897,1088800.0,56211915803,49558333256,22440000.0,57451400.0,5331700.0
2021-05-26,635.1985473632812,39294.19921875,2888.69873046875,117.96943664550781,390.3984680175781,106.52009582519531,638.7953932561387,40782.078125,2911.735595703125,118.3996202017259,390.9015023339306,106.52009582519531,629.5598958534882,37905.8359375,2652.094482421875,117.28301841520451,389.1780966451499,104.68354244889885,636.5819182738115,38392.625,2707.052734375,117.28599041375585,390.2121400584183,104.68354244889885,597100.0,51346735160,42499766020,21572000.0,43088600.0,6605100.0
2021-05-27,634.5498046875,38436.96875,2736.488525390625,117.09568786621094,390.6034240722656,106.30887603759766,637.1925696542204,40379.6171875,2888.75244140625,118.40259591136595,391.9355808710809,107.00676819646102,628.6726326840796,37247.90234375,2642.60791015625,116.77751007748608,390.3239321287522,105.60180615722538,630.6475874875595,39316.890625,2888.75244140625,118.40259591136595,391.4232216191229,106.5200827325056,652600.0,43210968721,33373635283,35224000.0,56707700.0,6513700.0
2021-05-28,644.453125,35697.60546875,2419.90625,116.8067398071289,391.3021240234375,107.76896667480469,644.9397156724106,38856.96875,2761.36328125,117.75929178976516,392.42933147222897,108.20973561904619,636.3148435946946,34779.0390625,2336.361328125,116.60850070207313,391.0692282777566,106.4741930135662,638.3088986922716,38507.08203125,2742.468994140625,117.67752023857234,392.1684893742527,106.79559550086668,610700.0,55200191952,39999114805,21482000.0,58520200.0,5386500.0
2021-05-29,,34616.06640625,2279.51416015625,,,,,37234.5,2566.9384765625,,,,,33693.9296875,2208.490966796875,,,,,35684.15625,2414.067138671875,,,,,45231013335,33773720220,,,
2021-05-30,,35678.12890625,2390.305419921875,,,,,36400.66796875,2472.187744140625,,,,,33520.73828125,2188.83447265625,,,,,34607.40625,2278.288818359375,,,,,31646080921,25876619428,,,
2021-05-31,,37332.85546875,2714.9453125,,,,,37468.25,2715.85498046875,,,,,34241.9453125,2279.505126953125,,,,,35658.59375,2387.198486328125,,,,,39009847639,31007383150,,,
2021-06-01,640.9517211914062,36684.92578125,2633.518310546875,118.0125503540039,390.95745849609375,108.8249740600586,656.493740788171,37896.734375,2739.737548828125,118.23706102476314,393.7987753351119,110.22993629503944,637.8223652208763,35787.0859375,2531.16064453125,116.67937078079298,390.5196133395258,107.8332335391679,653.2975339150532,37293.79296875,2707.560546875,117.67851435164249,393.65904356804924,109.92690330156252,1292000.0,34639423297,27363223090,23354000.0,54216600.0,7596100.0
2021-06-02,643.136474609375,37575.1796875,2706.125,117.48770141601562,391.5722961425781,109.22901916503906,647.5633661080035,38231.33984375,2801.392333984375,118.63006801970577,392.410743642536,109.68815755077844,638.0607567985733,35966.30859375,2555.4013671875,116.58420634622432,390.60347022695476,108.28319521135927,639.7303985166337,36699.921875,2634.4560546875,118.40753869572733,391.6095674253817,109.1831095300026,596800.0,33070867190,27723267359,21158000.0,49097100.0,5383400.0
2021-06-03,635.3131103515625,39208.765625,2855.12646484375,116.34732055664062,390.1190185546875,107.2730712890625,639.6255175474106,39478.953125,2891.2548828125,116.81517213599709,391.2555509981351,108.59539182456102,629.7984933581547,37243.97265625,2667.684326171875,115.45225740031125,387.7993858877597,106.94249115518788,636.7060315604571,37599.41015625,2708.376220703125,116.25563477530487,389.26197808041053,108.40255458078322,612100.0,35460750427,30038207402,18696000.0,58138800.0,4912200.0
2021-06-04,651.923828125,36894.40625,2688.195068359375,118.62661743164062,393.6869812011719,109.74325561523438,652.6107970340848,39242.484375,2857.16552734375,118.89722057775712,393.9850945840739,110.05546634530232,642.1826940136403,35717.72265625,2562.637451171875,117.08231235748671,390.18422002621526,108.40257240996885,643.8236861182442,39242.484375,2857.16552734375,117.42229995615384,391.96354696648706,108.56786250409175,531000.0,41831090187,34173841611,24458000.0,55938800.0,5352100.0
2021-06-05,,35551.95703125,2630.576904296875,,,,,37917.71484375,2817.48486328125,,,,,34900.4140625,2558.233642578125,,,,,36880.15625,2691.619384765625,,,,,35959473399,30496672724,,,
2021-06-06,,35862.37890625,2715.0927734375,,,,,36436.421875,2743.441162109375,,,,,35304.578125,2616.162353515625,,,,,35538.609375,2629.748779296875,,,,,28913440585,25311639414,,,
2021-06-07,650.6643676757812,33560.70703125,2590.26318359375,119.05928039550781,393.30499267578125,108.55867767333984,652.982778322905,36790.5703125,2845.18505859375,119.16881330030914,393.85462318339853,109.04536322616386,645.4169203537102,33480.640625,2583.9951171875,118.00364606009472,392.37340976192394,107.96179638923857,648.9470329259677,35835.265625,2713.04736328125,118.42193410416897,393.6776201553933,108.48521385248834,594300.0,33683936663,30600111277,24120000.0,51555000.0,6266000.0
2021-06-08,649.4717407226562,33472.6328125,2517.438720703125,118.86797332763672,393.3888244628906,106.44662475585938,660.3387406386631,34017.38671875,2620.84619140625,119.91271031100788,394.2551897336642,108.06279357853128,645.4836879010688,31114.443359375,2315.546630859375,118.68658309033567,391.5629299457471,105.6569062973887,658.9553111156661,33589.51953125,2594.602294921875,119.54051472569788,394.1620257580678,107.94342013932793,562800.0,49902050442,41909736778,24240000.0,47134300.0,11564800.0
2021-06-09,651.2462158203125,37345.12109375,2608.26708984375,119.33880615234375,392.802001953125,107.55774688720703,656.4650112625325,37537.37109375,2625.070556640625,119.5836292835186,394.30186550282065,108.03525469245875,649.5479235833465,32475.865234375,2412.19775390625,118.79165587166284,392.5784311103021,106.4925495628447,653.5455255506859,33416.9765625,2510.19921875,119.5117719476187,394.22732293544,106.52009674278322,440700.0,53972919008,36075832186,17942000.0,48436300.0,6401600.0
2021-06-10,667.7993774414062,36702.59765625,2471.5185546875,120.68634033203125,394.6278076171875,108.57704162597656,672.4171545503125,38334.32421875,2619.957763671875,120.72946077845472,395.57804034366546,109.1371910073925,655.0337705326153,35847.59375,2435.401611328125,119.13262035308804,392.7087491710795,107.09861548891425,657.705185365981,37389.515625,2611.142578125,119.2882381269397,394.0222844350054,107.47511232155917,800100.0,43576032854,28753626390,25904000.0,51020100.0,8566600.0
2021-06-11,665.023193359375,37334.3984375,2353.768798828125,120.4420166015625,395.2799987792969,108.58621978759766,666.8454626826752,37608.6953125,2495.414794921875,121.01295040637044,395.3917841957337,108.74232514520091,659.6039613341625,36044.44921875,2326.86962890625,119.88495212398634,393.8919491424424,107.58530154731125,666.1394519685957,36697.03125,2472.85888671875,120.92770773649222,395.17753829078254,108.62295169630934,445100.0,38699736985,24832564195,21958000.0,45570800.0,6036600.0
2021-06-12,,35552.515625,2372.484375,,,,,37408.92578125,2447.227783203125,,,,,34728.19140625,2265.758056640625,,,,,37340.14453125,2354.752197265625,,,,,37924228550,25724364410,,,
2021-06-13,,39097.859375,2508.3916015625,,,,,39322.78125,2547.367919921875,,,,,34864.109375,2312.64013671875,,,,,35555.7890625,2372.690185546875,,,,,40669112838,27092945370,,,
2021-06-14,676.7582397460938,40218.4765625,2537.89111328125,121.36930084228516,396.16497802734375,111.10231018066406,677.0444523774833,40978.36328125,2606.432861328125,121.36979239425413,396.26743850654356,111.1114949104894,663.6014265038518,38757.28515625,2469.38818359375,119.83738291214934,394.1527554254345,108.77907095347902,667.3891580620879,39016.96875,2508.7705078125,120.54411364612498,395.39174825118516,108.8617195101148,636600.0,43148914673,26964576331,22098000.0,42358500.0,7610300.0
2021-06-15,669.5549926757812,40406.26953125,2610.936767578125,120.3523178100586,395.4383239746094,109.68814086914062,678.3229411697239,41295.26953125,2639.229248046875,121.69639482901378,396.35125703166875,112.02974908265232,664.8704223517834,39609.46875,2515.153076171875,119.99201021626274,394.5626337646086,109.52285079517634,675.1076928557094,40427.16796875,2587.7626953125,121.37375524077353,396.3140141846101,110.51459123896208,510700.0,46420149185,29005279219,21562000.0,51508500.0,8196900.0
2021-06-16,666.9503784179688,38347.0625,2367.66357421875,119.71100616455078,393.23040771484375,108.37501525878906,677.3689276797184,40516.77734375,2554.62890625,120.81472187751928,395.8015853772953,110.10137997372462,661.8460678480862,38176.03515625,2354.3505859375,118.41995620714309,391.1902675087935,107.89751444765722,673.6289460890241,40168.69140625,2544.86474609375,120.50347871998723,395.5780145995695,109.77998452335748,590900.0,39211635100,24101926180,26472000.0,80386100.0,8059400.0
2021-06-17,666.7405395507812,38053.50390625,2372.001953125,120.6734619140625,393.1001281738281,109.80473327636719,672.1788136967434,39513.671875,2457.175537109375,121.44561439859767,394.07827907271417,110.8371439737984,659.3654527385017,37439.67578125,2312.301513671875,119.44089162710867,390.63143860500963,108.39437446387704,659.6135231521671,38341.421875,2367.306396484375,119.6366578615454,392.8206646111922,108.47734005650372,746700.0,37096670047,21871633186,25842000.0,90949700.0,7608100.0
2021-06-18,640.2550659179688,35787.24609375,2231.733154296875,119.05530548095703,387.7969665527344,106.73513793945312,655.6443952379911,38187.26171875,2377.195068359375,120.5341886020674,390.51671667728624,108.67091499304756,637.8698637075805,35255.85546875,2147.308349609375,118.96014859064296,387.5913466663332,106.20049267688057,653.8793106628184,38099.4765625,2374.5869140625,120.30026282219889,389.82509911514796,108.32063380348465,1669900.0,36200887275,22752818388,46116000.0,118676300.0,12532800.0
2021-06-19,,35615.87109375,2178.4990234375,,,,,36457.796875,2278.4150390625,,,,,34933.0625,2168.885009765625,,,,,35854.52734375,2235.1591796875,,,,,31207279719,18765854896,,,
2021-06-20,,35698.296875,2246.364501953125,,,,,36059.484375,2275.3828125,,,,,33432.07421875,2049.962646484375,,,,,35563.140625,2171.337890625,,,,,36664034054,22535930423,,,
2021-06-21,649.3953857421875,31676.693359375,1888.447509765625,120.74185943603516,393.3486328125,105.21418762207031,650.6356796435972,35721.640625,2259.464111328125,120.92771145158575,393.53557034735695,106.37565688678441,641.5242159189218,31295.935546875,1867.1854248046875,118.84468060932583,388.7409106571749,104.18176971646095,647.3440878891871,35641.14453125,2245.31787109375,119.44139444148058,389.55403474074245,106.35721695961423,565500.0,52809038594,33745173825,27414000.0,72822000.0,11116200.0
2021-06-22,654.3184204101562,32505.66015625,1874.9500732421875,121.25530242919922,395.4515686035156,105.38932037353516,655.9976126264403,33292.453125,1993.1597900390625,121.32419532611587,396.28340358966534,105.53680461109509,645.2069566667341,28893.62109375,1707.6005859375,119.99993923776582,392.6196388178262,103.25074618313468,649.2427014772956,31622.376953125,1886.6676025390625,120.67990683669676,393.33932268734105,104.62422523242861,542200.0,58964353058,35547251725,22390000.0,57700300.0,11792400.0
2021-06-23,650.349365234375,33723.02734375,1989.736328125,121.0535888671875,394.9749755859375,106.97479248046875,657.5812576015877,34753.41015625,2043.5303955078125,122.01357468199771,396.33017311106846,108.23765279504389,648.3457601077248,31772.6328125,1827.571533203125,120.76366397043704,394.8908622379778,106.7535556243702,655.0052853755146,32515.71484375,1878.625,121.0203826430331,395.52640432656335,107.11305672456874,523400.0,46317108925,28408659206,19148000.0,49445400.0,8913700.0
2021-06-24,663.0863037109375,34662.4375,1988.456298828125,121.42329406738281,397.3115234375,108.07172393798828,665.9104044717315,35228.8515625,2032.33935546875,121.97390778466337,397.73209014648296,108.46809783018338,658.955116621571,32385.21484375,1887.4320068359375,121.22505497955432,396.8628904252522,107.17757769051778,659.9091976341048,33682.80078125,1968.9573974609375,121.6215331552113,397.1152589733079,107.5923915029651,469400.0,33123368116,20272845769,21362000.0,45110300.0,6772200.0
2021-06-25,654.7000732421875,31637.779296875,1813.21728515625,121.4317398071289,398.7227783203125,107.41728210449219,663.6207090605461,35487.24609375,2017.759521484375,121.55514959738011,399.17141131218983,108.70780266080726,654.471044841681,31350.884765625,1794.400390625,120.49653574308054,397.73207208724824,107.41728210449219,662.0655520648866,34659.10546875,1989.2158203125,120.92770999401274,398.0591985278256,108.26533585789849,431200.0,40230904226,22774334998,34594000.0,58129500.0,6712800.0
2021-06-26,,32186.27734375,1829.2392578125,,,,,32637.587890625,1850.1798095703125,,,,,30184.501953125,1719.5594482421875,,,,,31594.6640625,1810.88427734375,,,,,38585385521,20637542361,,,
2021-06-27,,34649.64453125,1978.8946533203125,,,,,34656.12890625,1979.9581298828125,,,,,32071.7578125,1811.245849609375,,,,,32287.5234375,1830.9969482421875,,,,,35511640894,19885474742,,,
2021-06-28,671.778076171875,34434.3359375,2079.657470703125,121.45899963378906,399.5265808105469,110.25640869140625,673.3904756725677,35219.890625,2139.805419921875,121.70581164707463,399.6948074887242,110.56981706021121,666.5878722967893,33902.07421875,1963.615478515625,120.33843513053769,398.0498768754374,108.01643623592149,666.8359427172794,34679.12109375,1981.386474609375,121.6002414137362,399.2462030135846,108.11783471589254,623900.0,33892523752,25514602841,28526000.0,53159600.0,11026600.0
2021-06-29,671.3677368164062,35867.77734375,2160.768310546875,121.19781494140625,399.7415771484375,110.82793426513672,672.8847512868251,36542.109375,2242.23876953125,121.93974078212915,400.5453458904214,110.8832399733147,666.1393913704701,34252.484375,2076.240234375,120.62142867598224,399.20883078354126,109.15947272980438,667.8090331844446,34475.55859375,2083.44873046875,121.59231941946096,399.9098038354574,110.06283914907834,400000.0,37901460044,24815124419,23108000.0,35970500.0,7874900.0
2021-06-30,659.1173095703125,35040.8359375,2274.547607421875,121.01641082763672,400.0780334472656,110.76338195800781,664.5841747831515,36074.7578125,2282.989013671875,121.18244193585444,400.7509687229313,111.31646000509389,655.062465530044,34086.15234375,2090.7607421875,120.2878704084393,399.2555538300446,109.70331159864426,662.7046050294787,35908.38671875,2164.21630859375,120.92224460766282,399.2835916114196,110.76338195800781,767500.0,34059036099,25828056268,24474000.0,64827900.0,7936400.0
2021-07-01,648.1168212890625,33572.1171875,2113.60546875,121.36831665039062,402.2930603027344,109.15945434570312,659.9187996840901,35035.984375,2274.3974609375,121.50955844445609,402.4519600618117,110.80947567857386,643.5563439712228,32883.78125,2081.0810546875,120.46333917788319,400.76960779298105,108.79995323755038,655.6826773258414,35035.984375,2274.3974609375,120.65513520406986,400.835038783346,110.70807720881085,997500.0,37838957079,29061701793,18110000.0,53441000.0,8295600.0
2021-07-02,655.9689331054688,33897.046875,2150.040283203125,124.15657043457031,405.36810302734375,109.61114501953125,658.1919584907381,33939.58984375,2155.596435546875,124.3017824350133,405.72326732240344,109.8600277063238,652.3052940985575,32770.6796875,2021.8248291015625,121.97789131366527,402.3772728272661,109.15024542469565,656.8753218447409,33549.6015625,2109.892578125,122.06759575847595,403.4521211484216,109.46365377345441,449700.0,38728974942,31796212554,25982000.0,57697700.0,5144300.0
2021-07-03,,34668.546875,2226.1142578125,,,,,34909.26171875,2237.567138671875,,,,,33402.6953125,2117.590087890625,,,,,33854.421875,2150.8349609375,,,,,24383958643,17433361641,,,
2021-07-04,,35287.78125,2321.72412109375,,,,,35937.56640625,2384.286865234375,,,,,34396.4765625,2190.837646484375,,,,,34665.56640625,2226.55029296875,,,,,24924307911,18787107473,,,
2021-07-05,,33746.00390625,2198.58251953125,,,,,35284.34375,2321.9228515625,,,,,33213.66015625,2163.04150390625,,,,,35284.34375,2321.9228515625,,,,,26721554282,20103794829,,,
2021-07-06,654.375732421875,34235.1953125,2324.679443359375,125.08090209960938,404.62969970703125,110.66200256347656,661.7030697714996,35038.53515625,2346.294921875,125.31680925818067,405.6391169295271,111.50083622232809,645.6268232614673,33599.91796875,2197.91943359375,123.48752487877873,401.9005937821132,108.97510825134538,657.7818096291713,33723.5078125,2197.91943359375,124.54415754161111,405.4241415803903,110.47763849416788,788700.0,26501259870,20891861314,26404000.0,68710400.0,7181500.0
2021-07-07,658.4876708984375,33855.328125,2315.161865234375,125.36238098144531,406.0596618652344,109.00276184082031,663.7732591026261,34997.6640625,2403.7734375,126.16525922771358,406.34006819983387,111.5838025664383,652.9444621689993,33839.2890625,2298.02685546875,125.04420319403772,403.3025183056718,108.96588902670918,662.1704098807692,34225.6796875,2323.20849609375,126.0443374513042,405.3119686849688,111.2058614963768,442900.0,24796027477,22398345285,24060000.0,63549500.0,7391800.0
2021-07-08,642.7548828125,32877.37109375,2120.0263671875,123.9449462890625,402.75103759765625,108.65249633789062,644.577152046479,33907.90625,2324.0068359375,124.49159740298323,403.50808611480505,109.0304304297297,634.3017384497717,32133.18359375,2089.414306640625,122.93193339631354,399.57327068511836,106.35721079938934,640.1693021312645,33889.60546875,2317.94921875,122.93589606105768,400.7509143885333,106.80889756286571,849400.0,29910396946,23188123689,23790000.0,97595200.0,7565400.0
2021-07-09,659.61328125,33798.01171875,2146.6923828125,124.415283203125,407.05047607421875,111.1321029663086,661.1779877219891,34042.29296875,2185.376220703125,124.62938054281378,407.3495648346806,111.34411986464104,647.7540640136766,32318.880859375,2051.066650390625,123.45677959980704,402.5549033208865,108.42201825508333,652.56261023342,32861.671875,2115.573974609375,123.92612095804607,404.2559385580052,108.77229939931806,583600.0,27436021028,23029574602,18632000.0,76238600.0,8374200.0
2021-07-10,,33520.51953125,2111.403564453125,,,,,34209.0703125,2190.1240234375,,,,,33116.01171875,2081.923583984375,,,,,33811.2421875,2146.999755859375,,,,,22971873468,17581542471,,,
2021-07-11,,34240.1875,2139.664794921875,,,,,34584.703125,2172.6533203125,,,,,33346.73828125,2083.8037109375,,,,,33509.078125,2110.875732421875,,,,,20108729370,14705386138,,,
2021-07-12,675.30810546875,33155.84765625,2036.7210693359375,125.8594741821289,408.50836181640625,113.04023742675781,675.975973850047,34592.15625,2167.710205078125,125.95264974087195,408.76073035250516,113.13242297628669,667.0648312234246,32697.30859375,2011.0189208984375,124.5069652680736,406.536304788165,110.17344124910639,667.8567347997832,34254.015625,2140.5068359375,125.06898305678112,406.9662269112006,111.7128513133363,618500.0,24321499537,17768129077,17668000.0,52889600.0,10668700.0
2021-07-13,673.9820556640625,32702.025390625,1940.083984375,126.22225952148438,407.1158142089844,114.21092224121094,678.0273508189181,33327.1015625,2040.693603515625,126.93196222420258,409.2187334442086,115.66736666449745,671.2915395697487,32261.419921875,1922.577880859375,125.56112215124197,406.854118733952,112.57933371950762,673.8198781577823,33125.46875,2034.098388671875,125.92192128117352,407.72331850573784,113.55644565340315,623300.0,19120856669,16621628658,19240000.0,52911300.0,13460200.0
2021-07-14,683.6087646484375,32822.34765625,1994.331298828125,127.10990142822266,407.72332763671875,114.66262817382812,689.8102927634018,33061.3984375,2015.107421875,128.18983360233898,409.29352904474496,115.94392879252055,680.1454450579422,31639.125,1869.22314453125,126.79023382134841,406.48028123314407,114.36765264361343,686.9193986289808,32723.845703125,1941.1678466796875,126.83335427495483,408.8075027783235,115.36319769537731,852000.0,21376531210,17342819679,23742000.0,64130400.0,10587700.0
2021-07-15,671.6159057617188,31780.73046875,1911.1756591796875,125.88871002197266,406.3306884765625,108.33905029296875,680.517499444185,33159.640625,2037.7425537109375,127.56881182649684,407.0596992666777,111.26115183828487,664.841952701092,31175.708984375,1883.272216796875,125.41788646020213,404.43338933545084,107.73066652606575,679.8496309740896,32827.875,1994.7120361328125,127.51826516357463,406.38676403559714,110.7265136894214,729400.0,21300524237,15688092552,24218000.0,55126400.0,23734500.0
2021-07-16,655.8544921875,31421.5390625,1880.3829345703125,125.85401916503906,403.1436767578125,106.68905639648438,674.5258685437626,32218.40625,1959.6962890625,126.68812227295803,407.5551356129404,109.68490432881889,655.3297591660074,31100.673828125,1853.59033203125,125.0446978361771,402.7511477644121,106.16363104043194,670.6046087278411,31841.55078125,1916.598388671875,126.54092894138478,407.5084154784258,109.46367445068391,578300.0,23699476918,14884569147,20424000.0,75874700.0,12110000.0
2021-07-17,,31533.068359375,1898.8251953125,,,,,31935.9453125,1917.597900390625,,,,,31223.990234375,1855.5908203125,,,,,31397.30859375,1876.88134765625,,,,,18895018942,13364282076,,,
2021-07-18,,31796.810546875,1895.5521240234375,,,,,32398.99609375,1988.33642578125,,,,,31215.4921875,1883.0125732421875,,,,,31533.884765625,1900.1943359375,,,,,18787986667,13791868728,,,
2021-07-19,652.5914306640625,30817.83203125,1817.296630859375,123.48306274414062,397.1900939941406,106.32953643798828,652.8967435844352,31885.859375,1916.1180419921875,125.09576163718329,403.209119261047,106.57842616063087,640.7513105925826,30563.734375,1807.909912109375,122.4194879224894,394.3862012992217,104.375326632672,642.9074848253955,31800.01171875,1893.0535888671875,124.98127539757337,398.3303448309812,105.08510892308465,855300.0,20434789545,14157735481,27968000.0,147987000.0,9230200.0
2021-07-20,652.6392822265625,29807.34765625,1787.5107421875,125.1002197265625,402.8819274902344,107.29741668701172,657.0375829130751,31006.1875,1836.998046875,125.92639003741259,404.1530401378472,107.73066338941813,642.0299031444001,29360.955078125,1722.05078125,123.25755774233703,397.0591676686946,105.48147133408395,645.7794355540898,30838.28515625,1819.08203125,124.42420720068091,397.85360950811923,106.81807721648033,805600.0,23148267245,17368597636,26312000.0,99608200.0,7108000.0
2021-07-21,687.892578125,32110.693359375,1990.9708251953125,126.42794799804688,406.143798828125,108.65249633789062,687.978471059409,32752.326171875,2025.680419921875,126.4745320010087,406.28401626491234,108.65249633789062,668.5151903548287,29526.18359375,1759.0233154296875,124.91585092398546,402.83522636423976,106.86420327562968,673.5241168945738,29796.28515625,1786.2762451171875,125.02488471533343,404.0782727663207,107.14074590499189,1281300.0,28203024559,21253359756,20746000.0,64724400.0,5564700.0
2021-07-22,696.4029541015625,32313.10546875,2025.2027587890625,127.29276275634766,406.9942932128906,107.44491577148438,706.0773517357402,32576.400390625,2044.116455078125,127.35373032326339,407.23730633204167,108.85526746516376,690.9456374253579,31745.298828125,1954.2978515625,126.37837781235324,405.3400070746696,107.1222874482195,699.3415405908634,32138.873046875,1994.8228759765625,126.72034672526937,406.3213579405747,108.85526746516376,946000.0,19555230518,17495480331,14302000.0,47878500.0,5746500.0
2021-07-23,713.7862548828125,33581.55078125,2124.776611328125,131.84588623046875,411.1814880371094,107.65695190429688,722.0295296405982,33581.55078125,2129.441162109375,132.22651378843682,411.51794144372303,108.44969994454434,708.9681569287271,32057.892578125,2000.436279296875,128.6596466811027,408.23740663856285,106.3111256350508,713.4522915551595,32305.958984375,2025.105712890625,129.2840991163657,408.9196688873081,108.44969994454434,1069800.0,22552046192,16200392492,41506000.0,63766600.0,5773900.0
2021-07-24,,34292.4453125,2189.21875,,,,,34490.390625,2197.6494140625,,,,,33424.859375,2107.323486328125,,,,,33593.73046875,2123.961181640625,,,,,21664706865,16057446601,,,
2021-07-25,,35350.1875,2191.373779296875,,,,,35364.92578125,2194.438232421875,,,,,33881.8359375,2108.829833984375,,,,,34290.29296875,2187.1455078125,,,,,20856685287,14566483636,,,
2021-07-26,719.4630737304688,37337.53515625,2233.36669921875,132.85691833496094,412.19085693359375,106.60606384277344,724.1475865136825,40499.67578125,2428.817138671875,133.0571387651644,412.20021236866125,107.02087061112981,714.0152494479403,35287.3125,2177.32958984375,131.13864953195989,410.5459261537889,105.88706169347904,723.3843332468595,35384.03125,2191.309814453125,132.15663081880655,410.5926462837905,106.7351151499407,691800.0,51022126212,29614324233,30572000.0,43719200.0,6440600.0
2021-07-27,711.36279296875,39406.94140625,2298.33349609375,130.74066162109375,410.3122253417969,104.66107940673828,717.6120703038183,39406.94140625,2316.9501953125,133.2177048189699,411.18142503169713,106.37562643868185,699.3986378113042,36441.7265625,2154.731201171875,128.9604574478291,407.4896224241449,103.28760060210207,716.6770312959426,37276.03515625,2230.197021484375,133.07051150862503,411.15338725210887,106.30188081665275,881200.0,35097370560,23067480378,54710000.0,67397100.0,11127500.0
2021-07-28,724.9681396484375,39995.90625,2296.54541015625,134.89781188964844,410.14410400390625,106.0714340209961,726.0939484967139,40816.0703125,2341.77783203125,137.08145178263484,411.51801269747415,106.4770279208525,711.1721625179952,38862.4375,2250.9140625,134.0884905988958,408.72347516999776,104.97449071880432,715.5609128236483,39503.1875,2302.081298828125,135.11389810308486,410.9385460484151,105.02980345327461,716500.0,38702404695,18991302378,95130000.0,52472400.0,6819700.0
2021-07-29,730.5493774414062,40008.421875,2380.956787109375,134.58409118652344,411.84503173828125,107.06697082519531,732.6292670163342,40593.0703125,2396.451904296875,135.459824888862,412.91985138960683,107.95189714994054,724.9679686980033,39352.05859375,2273.40478515625,134.35165520894898,411.05994533585215,106.56919844888189,726.6567106884536,39995.453125,2299.011962890625,134.95331470842268,411.0693007705477,106.92869954853559,634000.0,27167146027,16313373113,31716000.0,47435300.0,7162000.0
2021-07-30,731.5322875976562,42235.546875,2466.96142578125,133.5423583984375,409.8449401855469,107.51866912841797,733.4023079117925,42235.546875,2469.704833984375,134.11528112375458,411.29360644207577,108.23767145275468,722.0391670037908,38397.35546875,2322.337158203125,133.07500591131242,409.1532940336554,106.18206296474284,725.8364501808377,40027.484375,2382.545166015625,133.84814909697133,409.28415602981516,106.46781849549961,488200.0,33072782960,20212848934,25576000.0,68951200.0,6482600.0
2021-07-31,,41626.1953125,2536.2099609375,,,,,42231.44921875,2551.1611328125,,,,,41110.83203125,2423.816162109375,,,,,42196.3046875,2461.57568359375,,,,,25802845343,18001710283,,,
2021-08-01,,39974.89453125,2561.85205078125,,,,,42541.6796875,2695.429443359375,,,,,39540.94140625,2520.931884765625,,,,,41460.84375,2530.462890625,,,,,26688438115,22697987055,,,
2021-08-02,734.3085327148438,39201.9453125,2610.1533203125,133.6692352294922,408.985107421875,107.7214584350586,740.2142969792063,40419.1796875,2665.73095703125,134.14699347911008,412.1067710167303,109.12259016834905,733.1254232503649,38746.34765625,2511.375244140625,132.61805515773415,408.6299431376853,107.53710140241537,735.4152411546933,39907.26171875,2557.774658203125,133.92942502207725,411.5553422417352,108.31140937884089,499900.0,25595265436,22162754104,21634000.0,58783300.0,6028800.0
2021-08-03,743.7349243164062,38152.98046875,2502.349609375,134.43789672851562,412.3123474121094,109.15025329589844,744.6126626899678,39750.03125,2630.314208984375,134.5389900445895,412.43385397257424,109.36226318646054,732.2668499890844,37782.05078125,2449.353515625,132.1477035787218,407.5924735593852,107.70302171229086,735.1481937643001,39178.40234375,2609.4130859375,133.9472372032684,409.7795060797524,108.13626848792241,533700.0,26189830450,22696753413,20762000.0,58053900.0,5874700.0
2021-08-04,758.9524536132812,39747.50390625,2724.619873046875,133.93785095214844,410.2843017578125,109.45443725585938,761.9005899853707,39952.296875,2764.443603515625,134.45724743917305,412.28439714468374,110.2010994052667,751.6251173783938,37589.1640625,2463.469482421875,133.30495889893086,410.05064402198764,109.03041045920294,755.6418199785403,38213.33203125,2508.544921875,134.1598811909161,411.03199510338305,109.16868174855763,629700.0,25372562724,25038698173,19676000.0,46732200.0,4254000.0
2021-08-05,758.2559814453125,40869.5546875,2827.328857421875,135.053955078125,412.8825378417969,109.89689636230469,768.6459389730945,41341.93359375,2840.4306640625,135.15159999068044,412.9666511964766,109.91532925098244,754.0294090084832,37458.00390625,2540.68408203125,133.6608059857469,411.12542726136564,108.9935300961673,768.5219037670428,39744.515625,2725.669677734375,134.48797455260816,411.4431983310459,109.75862508252854,723700.0,35185031017,31057928075,17870000.0,38969700.0,4452300.0
2021-08-06,747.3126831054688,42816.5,2890.941650390625,134.54542541503906,413.5647888183594,108.96590423583984,751.0431146398115,43271.66015625,2944.9033203125,135.27298265571096,413.9853841029397,109.32540543263877,744.087884280773,39932.1796875,2727.792724609375,134.0215823867946,412.91989126076,108.26533473548528,748.4766341132339,40865.8671875,2827.50341796875,134.84627027355822,413.20029762470335,109.11339551287078,556900.0,38226483046,26528577879,20488000.0,46930000.0,4338100.0
2021-08-07,,44555.80078125,3157.23876953125,,,,,44689.859375,3170.229736328125,,,,,42618.56640625,2868.53564453125,,,,,42832.796875,2891.70751953125,,,,,40030862141,33081467129,,,
2021-08-08,,43798.1171875,3013.732666015625,,,,,45282.3515625,3184.60400390625,,,,,43331.91015625,2951.747314453125,,,,,44574.4375,3161.232666015625,,,,,36302664750,28433638008,,,
2021-08-09,752.4646606445312,46365.40234375,3167.856201171875,135.70960998535156,413.22833251953125,108.97511291503906,755.8707370946297,46456.83203125,3185.701171875,135.97823930808275,413.8545192015544,109.50053822770712,749.5260746073407,42848.6875,2900.926025390625,134.1499385485314,412.46192839518204,108.14549214957094,753.9339245468826,43791.92578125,3012.8857421875,134.7476505132301,413.53674814277605,109.15946995946733,477100.0,38734079049,31983260936,17760000.0,41222600.0,4280200.0
2021-08-10,753.0467529296875,45585.03125,3141.691162109375,135.6045684814453,413.74224853515625,107.26056671142578,760.4408824608785,46637.98828125,3228.940673828125,136.56158228756237,414.45257688642795,109.74020906968377,747.8375066836078,44705.5546875,3059.22900390625,135.16595290851137,412.99455549788365,105.15886544049106,759.0575112636209,46280.84765625,3163.050048828125,136.13485470912244,413.6768175506631,109.23321664346246,589500.0,33546019517,27605221710,19414000.0,43339300.0,5132800.0
2021-08-11,752.97998046875,45593.63671875,3164.2451171875,135.0812225341797,414.7704162597656,106.91948699951172,756.9108488150719,46735.6328125,3269.20947265625,136.47237514518056,414.8638850355054,108.11782876993745,745.538158322798,45351.7109375,3122.91650390625,135.07378119338873,413.6862412110491,106.1912647892093,754.8118584065986,45599.703125,3142.830322265625,135.97578664479468,414.80780947459465,107.38960655963501,421300.0,34319709073,26729035052,15352000.0,44034300.0,4490400.0
2021-08-12,745.2042236328125,44428.2890625,3043.414306640625,135.9881591796875,416.0133972167969,106.65216064453125,752.4838679818378,46228.91015625,3236.314697265625,136.0932302954075,416.1536146197165,106.88261043592632,742.7808783037614,43861.4453125,2984.1669921875,134.23520937229634,413.7235694454802,105.49069875949415,752.4838679818378,45576.87890625,3164.17578125,134.7803631501877,414.620806801795,106.51389639590982,764600.0,33723620826,25403699845,16506000.0,38909400.0,6338400.0
2021-08-13,752.7318115234375,47793.3203125,3322.211669921875,136.51698303222656,416.7705383300781,106.46780395507812,753.3328872478098,47831.9765625,3324.671630859375,136.6448621761121,416.7892206760995,106.48623684402838,740.8820828707989,44282.41796875,3037.676025390625,135.82859848405317,415.9760965228515,105.536784825776,743.3627285579272,44439.69140625,3049.001220703125,136.04368651541876,416.4620942233985,106.07143003133719,454700.0,31744259539,23868866254,15948000.0,39470300.0,4593200.0
2021-08-14,,47096.9453125,3265.443359375,,,,,48098.68359375,3329.281005859375,,,,,46177.6328125,3214.519775390625,,,,,47810.6875,3322.7626953125,,,,,31211354442,19860862133,,,
2021-08-15,,47047.00390625,3310.504150390625,,,,,47357.10546875,3320.084228515625,,,,,45579.58984375,3117.791748046875,,,,,47096.66796875,3266.276123046875,,,,,30988958446,22166205051,,,
2021-08-16,751.1958618164062,46004.484375,3156.509521484375,137.09384155273438,417.751953125,105.66584777832031,754.6496313422174,47998.09765625,3333.994873046875,137.14638467025773,417.8827866125121,106.44938278396253,743.9353173548116,45700.3203125,3139.778564453125,134.10980386854092,413.91996092666375,105.1772952905097,751.6538604223834,47019.9609375,3309.422119140625,136.31623668767153,415.471451563948,106.09909456042263,426000.0,32776876610,23080039949,22384000.0,73740000.0,5435900.0
2021-08-17,740.9011840820312,44695.359375,3014.845947265625,135.46034240722656,415.0133972167969,102.4211196899414,747.4175740133629,47139.5703125,3288.812744140625,137.0502482689052,415.8732414325838,104.94684777574592,735.0240703869592,44512.41796875,2996.46826171875,134.8859374907993,412.0319231944984,102.0892713828698,745.8624172302012,45936.45703125,3149.38037109375,136.53927624045247,415.2003062311289,104.83623636190237,483600.0,33451362600,25509056745,21716000.0,92673900.0,13398800.0
2021-08-18,736.9800415039062,44801.1875,3020.08984375,134.25851440429688,410.47113037109375,101.81272888183594,749.3163045477969,45952.0625,3124.97607421875,135.89946615420885,415.5648794226537,104.16331988708635,736.5793437012438,44364.02734375,2959.0283203125,134.13213260953893,410.2281457688839,101.74820321277423,740.5768880635701,44686.75,3011.963623046875,135.30027185515118,414.004033503329,103.00185081120505,452500.0,32194123075,21539248425,19258000.0,89351900.0,9167300.0
2021-08-19,745.6239624023438,46717.578125,3182.7021484375,134.4874725341797,411.1065979003906,101.87725830078125,748.0091652567063,46970.76171875,3184.435546875,135.15406239448427,412.30295243814317,102.29207221667822,726.2561268714184,43998.31640625,2963.150146484375,133.0700483663603,407.61108861871384,99.25935159360884,726.8857948026738,44741.8828125,3019.126953125,133.2539190566179,407.7512775027748,100.47612642125263,514000.0,37204312299,19546290360,21782000.0,92812200.0,12146900.0
2021-08-20,751.9876708984375,49339.17578125,3286.935302734375,136.2216033935547,414.37786865234375,99.66493225097656,754.5637016399309,49342.15234375,3298.24658203125,136.34500562415587,414.7049951138694,101.13058960641146,742.284681945721,46650.70703125,3178.103759765625,134.06125518787377,410.96647217681397,99.30543112482196,749.0300426379216,46723.12109375,3182.16259765625,134.80466325730745,411.4524984131377,100.60516434258784,507700.0,34706867452,20885619828,31194000.0,72008700.0,13042000.0
2021-08-21,,48905.4921875,3226.083984375,,,,,49717.01953125,3307.3515625,,,,,48312.19921875,3209.8662109375,,,,,49327.07421875,3286.931640625,,,,,40585205312,18113977628,,,
2021-08-22,,49321.65234375,3242.115478515625,,,,,49471.609375,3272.733154296875,,,,,48199.94140625,3142.007080078125,,,,,48869.10546875,3226.227294921875,,,,,25370975378,15983278460,,,
2021-08-23,774.351318359375,49546.1484375,3319.25732421875,138.81063842773438,418.0229187011719,102.2828598022461,775.1909144083488,50482.078125,3373.38427734375,139.63630956779562,418.92951158354134,102.62392810945008,758.0842468173656,49074.60546875,3235.851318359375,136.39802587425726,414.4526227295589,100.72501657760607,758.523145098758,49291.67578125,3241.357421875,136.75684366705852,416.0601886079049,101.47167886821248,724300.0,34305053719,20511110509,28454000.0,54973000.0,9533500.0
2021-08-24,768.6171264648438,47706.1171875,3172.456298828125,140.0198974609375,418.6864929199219,103.34288787841797,770.620731363648,49878.76953125,3358.688232421875,140.8312000481315,419.2192392352231,104.22781408669489,764.7722105857101,47687.1171875,3154.121337890625,139.10500598800886,418.17245747210313,103.0571324349613,769.084616804821,49562.34765625,3324.85546875,139.37560151358608,418.6864929199219,103.0755653207976,453800.0,35361168834,20131028906,19268000.0,38744700.0,6719800.0
2021-08-25,770.7734985351562,48960.7890625,3224.915283203125,140.83023071289062,419.5650939941406,107.87814331054688,776.0209446187658,49202.87890625,3248.727294921875,140.9397636176069,420.0791294982954,109.86001270425731,768.0352904192173,47163.61328125,3086.114990234375,140.13342175774235,418.49960124676494,106.56919032782416,771.2982314970193,47727.2578125,3174.269775390625,140.38022622324365,418.87347636542324,106.6613688276498,471100.0,32646349931,18902728235,15848000.0,40529700.0,22106800.0
2021-08-26,773.7025756835938,46942.21875,3100.325439453125,140.1973419189453,417.0883483886719,108.86448669433594,778.3680465164991,49347.58203125,3249.6552734375,141.1657446019955,419.5183656415265,109.19633497682477,767.2338774884009,46405.78125,3060.228759765625,140.1145645733413,416.99487960448477,107.25133805609244,771.1551952998417,49002.640625,3228.747314453125,140.50411569948363,419.2847079423929,108.75387528868629,450000.0,32666549568,17405668117,20610000.0,57829600.0,9892100.0
2021-08-27,794.6732788085938,49058.66796875,3270.600830078125,142.73831176757812,420.8175048828125,109.2239990234375,796.4383639281317,49112.78515625,3281.840576171875,143.2423415908645,421.19135148689224,109.97066125195344,776.4026591817125,46394.28125,3064.485107421875,140.25334264721428,417.83603043980827,108.48656379003137,776.8605995129468,46894.5546875,3096.406005859375,140.40747821898057,417.8921060042868,109.07651478986455,658900.0,34511076995,18489602004,28780000.0,77235100.0,6827700.0
2021-08-28,,48902.40234375,3244.4033203125,,,,,49283.50390625,3284.845947265625,,,,,48499.23828125,3217.403564453125,,,,,49072.5859375,3275.1044921875,,,,,28568103401,13709633698,,,
2021-08-29,,48829.83203125,3227.002685546875,,,,,49644.11328125,3283.235595703125,,,,,47925.85546875,3158.84033203125,,,,,48911.25,3246.77099609375,,,,,25889650240,13296586731,,,
2021-08-30,801.0369873046875,47054.984375,3224.374267578125,143.3196563720703,422.66802978515625,109.68490600585938,804.2999284061266,48925.60546875,3346.5810546875,144.68753203308154,423.45311610967644,110.15502565775878,798.3369214497372,46950.2734375,3151.444580078125,142.89590833586342,421.2473729404078,109.2055734237763,801.3708924012493,48834.8515625,3227.192626953125,143.13082479723923,421.49038603704406,109.58350751166988,491000.0,31847007016,19306924485,24434000.0,48357400.0,6434200.0
2021-08-31,794.7877197265625,47166.6875,3433.732666015625,143.4257049560547,422.0418395996094,109.70333099365234,805.3970971822383,48189.55078125,3466.9921875,143.89553786032653,422.9110393113264,111.35335249932591,789.2254686929643,46750.09375,3195.216552734375,143.01287695186656,421.44369077915854,109.41756844313413,805.0345999284835,47024.33984375,3227.758056640625,143.8712627569478,422.57458594782264,110.6251302460217,579300.0,34730363427,27280502987,22448000.0,59300200.0,8424900.0
2021-09-01,803.49853515625,48847.02734375,3834.828125,143.9391632080078,422.2662048339844,111.0399398803711,811.6559176403834,49111.08984375,3836.867431640625,144.96853350536102,423.4905689604895,111.86956063485702,798.2701888975646,46562.4375,3387.408447265625,143.61008051608152,422.03254712247315,110.21031912588515,800.2069434219522,47099.7734375,3430.762451171875,143.72555741436526,422.9765334042328,110.81871002343162,581900.0,39139399125,30070890104,21936000.0,48721400.0,8603900.0
2021-09-02,821.7310180664062,49327.72265625,3790.989990234375,142.02761840820312,423.5652770996094,111.34413146972656,822.4656209334673,50343.421875,3830.71142578125,144.2404946102544,424.3690457877398,111.89720960928958,809.890838712615,48652.3203125,3726.75048828125,141.9265099500036,422.3689509787344,111.03993603149738,813.0297446454884,48807.84765625,3825.02783203125,143.9396648071746,423.6867836507604,111.48240276280984,746800.0,39508070319,24387397330,32342000.0,42501000.0,6866400.0
2021-09-03,818.7066040039062,50025.375,3940.61474609375,142.4761199951172,423.46246337890625,114.27544403076172,823.3529747861722,50982.2734375,4022.46923828125,142.8879648593255,423.9765273755303,114.74556357581694,809.5569979122758,48386.0859375,3712.67822265625,141.14888450599227,422.0324795543075,111.77736912835256,809.5569979122758,49288.25,3787.486572265625,141.82291558838094,422.43439243098885,112.07234458092712,698000.0,43206179619,26207765094,19850000.0,47170500.0,10361400.0
2021-09-04,,49944.625,3887.828369140625,,,,,50545.58203125,3969.44873046875,,,,,49548.78125,3837.93115234375,,,,,50009.32421875,3937.91015625,,,,,37471327794,20806963328,,,
2021-09-05,,51753.41015625,3952.133544921875,,,,,51868.6796875,3979.1865234375,,,,,49538.59765625,3838.4873046875,,,,,49937.859375,3886.3310546875,,,,,30322676319,18371468576,,,
2021-09-06,,52633.53515625,3928.37939453125,,,,,52700.94140625,3968.426513671875,,,,,51053.6796875,3868.994384765625,,,,,51769.00390625,3951.520751953125,,,,,38884105426,18674691198,,,
2021-09-07,822.1986083984375,46811.12890625,3426.394287109375,143.01235961914062,421.94842529296875,114.94835662841797,828.9821120354842,52853.765625,3945.314208984375,143.2943591486346,423.21018261431715,115.48300184856886,818.3727333108424,43285.20703125,3062.222412109375,142.35667479196854,421.2754899564276,114.20170153209084,825.5569347633798,52660.48046875,3926.527587890625,142.5702805498148,423.1167138270563,114.8746180378352,780900.0,65210059683,39131346397,20124000.0,51671500.0,9739900.0
2021-09-08,818.5919799804688,46091.390625,3497.315185546875,142.42803955078125,421.43438720703125,112.35810852050781,820.4143073721364,47334.0546875,3559.121337890625,143.1308075175627,422.14471575872943,113.51035756763154,810.8925390205753,44561.39453125,3224.764892578125,141.7431186990499,419.51837690907405,111.74972468066692,818.2294245276496,46827.76171875,3428.378173828125,142.8334564312198,421.4157048587594,113.35365338508753,714900.0,49007762488,31738430771,18344000.0,56181900.0,7983300.0
2021-09-09,814.3080444335938,46391.421875,3427.340087890625,142.27938842773438,419.6304931640625,113.08633422851562,823.1428428444691,47261.94921875,3562.99267578125,143.04212585693128,422.98581388405796,113.83298938345168,812.9723078866991,45669.73828125,3400.51708984375,141.91908838731538,419.38748005990004,112.34889200264452,816.1971059725797,45774.7421875,3452.54833984375,142.5762555754694,421.23805907529504,112.63465455737398,641900.0,38672657013,24118055831,15314000.0,57970400.0,5101300.0
2021-09-10,819.4315795898438,44883.91015625,3211.505859375,139.63778686523438,416.32196044921875,113.3536605834961,835.1643666495795,47031.7421875,3512.5712890625,143.44651225924972,421.9764655786585,114.61652111836753,818.0291084102001,44344.484375,3157.05908203125,139.50099932298838,416.2004538773262,113.27991495193223,830.947344750549,46396.6640625,3425.56494140625,142.94494785456573,421.5558988174952,113.39974632864563,1137400.0,39154666597,22355974097,36840000.0,89948200.0,5163900.0
2021-09-11,,45201.45703125,3270.278076171875,,,,,45969.29296875,3346.5263671875,,,,,44818.265625,3208.9619140625,,,,,44869.83984375,3209.030517578125,,,,,34499835245,18627122934,,,
2021-09-12,,46063.26953125,3410.134521484375,,,,,46364.87890625,3462.46826171875,,,,,44790.4609375,3235.109375,,,,,45206.62890625,3270.291748046875,,,,,27881980161,16810411424,,,
2021-09-13,831.2337646484375,44963.07421875,3285.51171875,141.0814971923828,417.38739013671875,113.95282745361328,832.1592537704681,46598.6796875,3426.502197265625,141.6935625224341,419.57445120398825,114.39528716161747,821.5021239508729,43591.3203125,3121.51416015625,140.00850740514775,415.07885103030503,112.64386715490608,829.306501829415,46057.21484375,3407.471923828125,140.7018527362788,419.31275573342043,113.32600367329879,636000.0,40969943253,22721552948,22094000.0,83738600.0,6622800.0
2021-09-14,847.2908935546875,47092.4921875,3429.169677734375,141.29164123535156,415.13494873046875,113.46427154541016,854.7899577691383,47218.125,3429.169677734375,142.1029591253105,419.03234294728094,113.9620440073247,839.2861383554543,44752.33203125,3273.630859375,140.5041295860025,414.2470381175579,112.82823481582808,843.2360484772624,44960.05078125,3286.31640625,141.73868129488542,418.82672304337876,113.9620440073247,978300.0,38652152880,19125420848,19674000.0,78197100.0,5110500.0
2021-09-15,848.492919921875,48176.34765625,3615.28271484375,143.1600799560547,418.60235595703125,111.99860382080078,849.1416880505919,48450.46875,3615.28271484375,143.1808915102632,419.09770903207215,112.92040302920243,839.0570443235424,46773.328125,3365.9130859375,140.10516764345076,414.45259382841397,111.42708577979461,846.2603446335817,47098.0,3431.21728515625,141.51664778400357,415.555451086405,112.8374444761758,799700.0,30484496466,17548551804,27408000.0,78792200.0,5566500.0
2021-09-16,846.565673828125,47783.359375,3571.294921875,142.3477783203125,417.93890380859375,111.80146789550781,848.9222843573068,48486.828125,3673.310791015625,143.03171616692714,419.05108831666365,112.11616356043997,835.2407361599288,47079.55859375,3489.8056640625,141.14990398479992,414.99479371388514,110.46862258130896,836.862685629135,48158.90625,3613.07373046875,142.68528546421356,418.0790927362773,111.0702545390602,811400.0,31764293754,20093903064,26190000.0,77786700.0,7301400.0
2021-09-17,820.3667602539062,47267.51953125,3398.538818359375,139.56246948242188,413.86761474609375,108.9876937866211,835.1168777154082,48160.921875,3589.30517578125,142.18917178562248,417.5899866501967,111.50528750331942,813.2683932451982,46832.5234375,3356.449951171875,139.23536813670114,413.51131271479295,108.93216091575944,834.9164996841445,47771.00390625,3569.568115234375,141.7733642211635,417.16807262421446,111.2461246904223,1670500.0,28727713711,17722363229,53384000.0,118425000.0,10722700.0
2021-09-18,,48278.36328125,3432.018310546875,,,,,48791.78125,3540.8076171875,,,,,47087.28515625,3371.892333984375,,,,,47273.52734375,3397.4228515625,,,,,28575630451,15995220233,,,
2021-09-19,,47260.21875,3329.447998046875,,,,,48328.3671875,3448.322021484375,,,,,46919.8046875,3286.17236328125,,,,,48268.85546875,3433.287841796875,,,,,26967722648,14257609743,,,
2021-09-20,802.1342163085938,42843.80078125,2958.993408203125,137.500244140625,406.96673583984375,106.16464233398438,806.6661019946828,47328.19921875,3343.325439453125,137.77828102826925,409.32954038102963,107.37716400738248,791.6011808566238,42598.9140625,2940.839111328125,135.1238250653687,402.10981691745377,105.10022477552864,800.3596392578397,47261.40625,3329.670654296875,136.9471499261735,407.7543373535724,106.62743503301945,1122600.0,43909845642,27371684581,46518000.0,166445500.0,8991000.0
2021-09-21,815.481689453125,40693.67578125,2764.43115234375,137.81100463867188,406.5823669433594,106.4052963256836,822.7708827601595,43607.609375,3101.697509765625,138.78090469038185,410.59540113058426,107.24758242602582,805.7119086719104,39787.609375,2676.407470703125,137.06263570579478,406.0572991890718,106.02580998521032,820.5097152963718,43012.234375,2977.310546875,138.5211988911411,409.30147394535885,107.0439525089472,905700.0,48701090088,30405062665,25332000.0,92526100.0,8182200.0
2021-09-22,825.0321044921875,43574.5078125,3077.867919921875,139.05050659179688,410.5484619140625,107.24759674072266,831.624837690331,43978.62109375,3089.0830078125,139.64870264345097,412.5831207202877,107.59005886364973,810.4537751516849,40625.6328125,2741.440673828125,137.33373489370697,406.69483696311266,106.3590354889536,812.7149427642056,40677.953125,2763.209228515625,138.07962340432297,408.85136298150707,106.65522257287662,669400.0,38139709246,23742102645,25056000.0,102350100.0,5345600.0
2021-09-23,839.3816528320312,44895.09765625,3155.523681640625,139.97482299804688,415.53662109375,107.54377746582031,847.9110835350638,44942.17578125,3173.544677734375,140.45109904539308,417.1399803704705,108.26573299884147,836.9773493824517,43109.33984375,3038.097900390625,139.16748291766282,412.17993634176355,106.98842053735171,837.1013846069142,43560.296875,3077.974365234375,139.74833097489636,412.41434258074156,108.26573299884147,744500.0,34244064430,18516291047,20952000.0,76396000.0,5484700.0
2021-09-24,828.9247436523438,42839.75,2931.669189453125,140.9650421142578,416.22113037109375,107.0346908569336,833.2562508584144,45080.4921875,3159.64404296875,141.07953591694633,416.9337345501658,107.88622769645058,825.3946319555957,40936.55859375,2747.337646484375,139.00839293774456,413.6895313452658,106.93287590202875,827.531764290441,44894.30078125,3154.56201171875,139.30327875954345,413.9051954031547,107.36790215268475,510400.0,42839345714,25595422789,22984000.0,62094800.0,4455900.0
2021-09-25,,42716.59375,2925.565673828125,,,,,42996.2578125,2968.99462890625,,,,,41759.921875,2818.970458984375,,,,,42840.890625,2930.884765625,,,,,31604717236,18932786754,,,
2021-09-26,,43208.5390625,3062.265380859375,,,,,43919.30078125,3114.857421875,,,,,40848.4609375,2744.5830078125,,,,,42721.62890625,2926.343017578125,,,,,30661222077,21172766310,,,
2021-09-27,796.9535522460938,42235.73046875,2934.138916015625,139.8320770263672,415.0304260253906,107.5067367553711,808.9463597284355,44313.24609375,3163.6650390625,140.69096191409616,416.3524523571581,107.8954808965107,794.7973194509759,42190.6328125,2932.69287109375,138.83640458295432,414.3365639302642,106.45157005133181,804.5576095708019,43234.18359375,3065.837890625,139.56692635866548,415.1898062831272,107.090219122731,1063900.0,30980029059,19164053681,21882000.0,61371100.0,5198800.0
2021-09-28,744.3453979492188,41034.54296875,2807.296630859375,134.63612365722656,406.666748046875,103.57301330566406,762.6351736413718,42775.14453125,2970.7705078125,137.87390754362576,412.5925453791143,106.47935105480718,737.5714457737824,40931.6640625,2793.360595703125,134.17025351354255,405.93540163406385,103.5267312084843,758.3418089078593,42200.8984375,2928.96337890625,137.43629028704004,412.2643708805607,105.82218623246276,2390100.0,30214940550,16895079070,45772000.0,130436300.0,9792300.0
2021-09-29,715.9616088867188,41564.36328125,2853.143310546875,133.17263793945312,407.3511657714844,103.31383514404297,750.1272548585289,42545.2578125,2946.88134765625,135.94555070244238,409.77961092728947,104.45230112411785,714.7213149540098,40829.66796875,2786.98828125,132.68843655514806,406.78858508585967,102.75847830710784,748.9537535987538,41064.984375,2809.297607421875,135.77604845611555,408.0449990691309,103.94323343913467,2216000.0,30602359905,15763456158,30848000.0,82329200.0,6522400.0
2021-09-30,710.8953857421875,43790.89453125,3001.678955078125,132.50108337402344,402.3724365234375,103.34161376953125,727.315143159759,44092.6015625,3046.51953125,134.3511790892162,409.5264917761639,104.91510616213016,708.2048699338395,41444.58203125,2840.28955078125,132.3821429237052,402.0348766187246,103.34161376953125,719.6157013558944,41551.26953125,2852.558837890625,133.081447432977,408.8232729732289,104.06356926876266,1078800.0,31141681925,17661065099,37996000.0,140506000.0,6433400.0
2021-10-01,707.7470092773438,48116.94140625,3307.51611328125,135.34288024902344,407.1542663574219,103.25830078125,710.7905307921833,48436.01171875,3329.853515625,135.70715804170354,408.8326231008619,103.94323903389542,694.9241549563029,43320.0234375,2978.654296875,132.8945886396275,400.58153463739126,102.09206830888682,710.7905307921833,43816.7421875,3001.12939453125,133.26579353336834,404.0976283486504,103.66556060048177,1180400.0,42850641582,22307625573,35360000.0,129240100.0,5315200.0
2021-10-02,,47711.48828125,3391.6943359375,,,,,48282.0625,3464.83740234375,,,,,47465.49609375,3260.027587890625,,,,,48137.46875,3308.870361328125,,,,,30614346492,19202671704,,,
2021-10-03,,48199.953125,3418.358642578125,,,,,49130.69140625,3484.605712890625,,,,,47157.2890625,3348.1201171875,,,,,47680.02734375,3390.767578125,,,,,26638115879,15516566862,,,
2021-10-04,680.20263671875,49112.90234375,3380.089111328125,132.4847412109375,401.90362548828125,100.90731811523438,696.6318866365198,49456.77734375,3434.775390625,134.76551219994235,406.89176913571015,103.13798233904231,676.4722049386532,47045.00390625,3283.44873046875,129.89817950948486,399.76581284989487,100.44452541104081,695.4297932686901,48208.90625,3418.7763671875,134.76551219994235,405.9916570765266,102.7399803309696,1663500.0,33383173002,17747154101,51202000.0,128570000.0,8514500.0
2021-10-05,699.2174072265625,51514.8125,3518.5185546875,134.82745361328125,406.0854187011719,101.12946319580078,708.5292480281975,51839.984375,3541.45166015625,136.01840082000018,408.32632771246665,102.1383478963413,689.4380760057145,49072.83984375,3365.817626953125,132.86287924921712,402.60683774485324,101.09243893225027,691.7469359498325,49174.9609375,3381.784423828125,132.86287924921712,403.4037961536202,101.6292801612483,1201500.0,35873904236,16632591670,32404000.0,90682500.0,8039600.0
2021-10-06,698.8643798828125,55361.44921875,3580.56201171875,136.3559112548828,407.7731018066406,101.20350646972656,700.9633698716201,55568.46484375,3622.55126953125,136.53928282638935,407.97938044868795,101.37011212785293,685.9938356373905,50488.19140625,3354.4697265625,133.3674114045409,400.8721956255004,99.57448121433126,692.0713273608441,51486.6640625,3516.5703125,133.56565053252967,402.49426854273986,100.37048524075102,973000.0,49034730168,21855226591,24364000.0,113032200.0,7553600.0
2021-10-07,712.52685546875,53805.984375,3587.974853515625,138.00131225585938,411.298583984375,102.58263397216797,719.0622877234015,55338.625,3650.01318359375,138.81113270818318,414.13020116989895,103.39714660099114,708.1475975889803,53525.46875,3479.9091796875,137.4323522466048,410.86728449835147,102.26793125675825,711.1815685049528,55338.625,3576.814453125,137.67123135730094,411.0454355366307,102.73998179904466,1267500.0,36807860413,19090322927,25110000.0,72437500.0,7821900.0
2021-10-08,696.73681640625,53967.84765625,3563.75927734375,138.556884765625,410.5484619140625,101.85143280029297,715.3127472816894,55922.98046875,3667.95751953125,139.097576749606,412.45186810178103,102.80478476849653,695.8399778521219,53688.0546875,3547.828125,137.99386876227683,409.92026919841044,101.36087359814218,714.950191808798,53802.14453125,3587.832763671875,138.3502060903865,412.06743842451107,102.72148546020249,1039700.0,34800873924,16222029488,26526000.0,74557400.0,5143400.0
2021-10-09,,54968.22265625,3575.716796875,,,,,55397.9453125,3628.2373046875,,,,,53735.14453125,3544.640380859375,,,,,53929.78125,3559.997802734375,,,,,32491211414,12707036942,,,
2021-10-10,,54771.578125,3425.852783203125,,,,,56401.3046875,3603.244873046875,,,,,54264.2578125,3414.970947265625,,,,,54952.8203125,3575.0205078125,,,,,39527792364,16171746693,,,
2021-10-11,688.7416381835938,57484.7890625,3545.35400390625,137.69305419921875,407.576171875,102.05506134033203,702.0415314124165,57793.0390625,3622.28955078125,139.47525527556462,412.79874945849707,103.3971575187206,688.2359472351011,54519.765625,3385.76171875,137.63852974209917,407.5105312643394,101.72184998843498,689.5907843617283,54734.125,3419.726806640625,138.0677377987258,409.8921065328173,101.8884556643835,702500.0,42637331698,18579189588,17954000.0,65233300.0,5318500.0
2021-10-12,691.7564086914062,56041.05859375,3492.5732421875,135.24974060058594,406.572998046875,101.07393646240234,700.2954451803607,57627.87890625,3546.477783203125,138.28086218891866,408.89831863461245,102.76775966723055,689.2281290127376,54477.97265625,3407.338134765625,134.56678576661557,405.78539638345933,100.48156229158656,700.2954451803607,57526.83203125,3546.477783203125,138.25409150890258,408.4951467022772,102.24943403318102,868400.0,41083758949,18109578443,36332000.0,71181200.0,9294600.0
2021-10-13,710.2369384765625,57401.09765625,3606.20166015625,136.37277221679688,408.03558349609375,101.79588317871094,715.0455438280181,57688.66015625,3607.74169921875,136.78709762710315,408.8513125536215,101.86067387283146,706.0199168996351,54370.97265625,3417.60205078125,135.3191115718021,404.6226438533049,100.84252430571483,709.0252952442949,56038.2578125,3492.753662109375,136.19484551288934,407.5948986632403,101.18499343844097,1170000.0,41684252783,16211275589,19654000.0,72974000.0,7845100.0
2021-10-14,742.5518188476562,57321.5234375,3786.01416015625,139.91038513183594,414.8990783691406,104.18389892578125,742.8857821993562,58478.734375,3819.258544921875,140.09523891303556,415.04910180856405,106.20167554606215,730.5208691723464,56957.07421875,3590.275146484375,137.6048250070832,411.2235756383798,102.8880849086202,734.2608510839289,57372.83203125,3604.958984375,138.24812282051505,411.6923881563111,105.64632567275645,1370500.0,36615791366,19443499909,31894000.0,70236800.0,16930500.0
2021-10-15,753.1517944335938,61593.94921875,3862.634765625,140.12547302246094,418.0588684082031,106.312744140625,753.3807646262413,62757.12890625,3895.46630859375,140.47240282360914,418.42455590539737,106.39604344058075,740.214454456501,56868.14453125,3735.363525390625,139.51786944318084,416.38989699593026,104.55413039333101,745.0993460079844,57345.90234375,3790.154296875,140.3698121513104,417.0087329506892,106.23869561067112,877400.0,51780081801,20966841512,30274000.0,66260200.0,11558800.0
2021-10-16,,60892.1796875,3830.382080078125,,,,,62274.4765625,3962.453125,,,,,60206.12109375,3805.885986328125,,,,,61609.52734375,3865.66650390625,,,,,34250964237,16578095629,,,
2021-10-17,,61553.6171875,3847.1044921875,,,,,61645.5234375,3914.89794921875,,,,,59164.46875,3660.723388671875,,,,,60887.65234375,3829.85888671875,,,,,29032367511,15908090346,,,
2021-10-18,752.0256958007812,62026.078125,3748.76025390625,141.52305603027344,419.2965087890625,106.75701904296875,752.1306889671796,62614.66015625,3888.209228515625,141.54090314358447,419.6340400404351,106.76627687444031,737.4950608451264,60012.7578125,3686.75048828125,139.82957672246684,415.621006350095,104.97989672987202,738.5445848817307,61548.8046875,3847.72998046875,139.83651894705142,416.27735526871015,104.97989672987202,1014600.0,38055562075,17386204158,20396000.0,62213200.0,6773800.0
2021-10-19,764.1807250976562,64261.9921875,3877.65087890625,141.9780731201172,422.53131103515625,108.2564697265625,764.8103929241362,64434.53515625,3883.9287109375,142.39983988575156,422.59692303340495,108.27498538946453,750.1938652768642,61622.93359375,3736.7802734375,141.34667831992454,420.30911592133424,107.02543942486204,751.98754218348,62043.1640625,3747.162841796875,142.12724781743668,420.91859501540216,107.18279431290394,956600.0,40471196346,15998757133,20164000.0,46996800.0,5406100.0
2021-10-20,732.4481811523438,65992.8359375,4155.9921875,140.52294921875,424.19091796875,106.9884262084961,749.0873603426335,66930.390625,4167.47216796875,142.28433864697428,424.4909648278342,108.32127160882028,723.4225516390479,63610.67578125,3833.2880859375,140.1338971977449,422.878248727811,106.95140900218226,746.3205014477496,64284.5859375,3877.73095703125,142.0781590742051,422.99075914645675,108.18243236934367,1894900.0,40788955582,20338319988,23288000.0,49571600.0,8205800.0
2021-10-21,751.3961181640625,62210.171875,4054.32275390625,140.638916015625,425.2973327636719,107.63634490966797,751.3961181640625,66600.546875,4366.08837890625,140.9065471263321,425.5223536137635,107.69187778317121,728.7939342936895,62117.41015625,4032.48388671875,139.26509648022758,423.1595488456662,106.08136089666067,729.4236604377423,66002.234375,4161.71337890625,140.52294001353957,423.5908483463569,106.45159653054952,1083100.0,45908121370,28220661820,26292000.0,41305400.0,4640300.0
2021-10-22,764.1903686523438,60692.265625,3970.181884765625,136.35740661621094,424.85662841796875,105.7296142578125,771.660840536813,63715.0234375,4162.9755859375,139.34738897299374,426.30996431243693,108.43232169861875,759.7062337283712,60122.796875,3908.34033203125,134.86018454789837,422.91573783259383,105.7296142578125,761.5380532741533,62237.890625,4055.6865234375,137.92698514135645,424.86601382430814,107.59003566744897,1294600.0,38434082775,19432937968,50588000.0,58845100.0,6283000.0
2021-10-23,,61393.6171875,4171.66357421875,,,,,61743.87890625,4171.66357421875,,,,,59826.5234375,3944.6318359375,,,,,60694.62890625,3971.3564453125,,,,,26882546034,14781537792,,,
2021-10-24,,60930.8359375,4087.903076171875,,,,,61505.8046875,4185.7294921875,,,,,59643.34375,3967.120361328125,,,,,61368.34375,4171.85595703125,,,,,27316183882,14978083638,,,
2021-10-25,752.2356567382812,63039.82421875,4217.876953125,136.23895263671875,427.1350402832031,105.18353271484375,766.3083520639021,63729.32421875,4236.6669921875,136.787086020702,427.4632147429343,106.02581888589444,750.8713278403736,60691.80078125,4072.03466796875,134.23372308873442,424.17217058163135,104.6929735434216,762.9690684273141,60893.92578125,4084.42578125,136.34104419991752,425.9442668817109,105.88697965244405,786000.0,31064911614,15995727040,34412000.0,45214500.0,6667700.0
2021-10-26,754.8975830078125,60363.79296875,4131.10205078125,138.08407592773438,427.51947021484375,105.683349609375,761.3471806711319,63229.02734375,4289.13134765625,138.85175904468622,429.8916602272119,106.72000788152535,748.1808729128267,59991.16015625,4106.82373046875,137.08890257767035,427.144425952367,105.25758113911417,759.8302243064251,63032.76171875,4217.337890625,138.03947326185792,428.68214462677764,106.38679654625048,741400.0,34878965587,17157714562,49236000.0,56075100.0,4852300.0
2021-10-27,764.2190551757812,58482.38671875,3930.25732421875,144.93234252929688,425.62548828125,105.28532409667969,781.3448246754706,61435.18359375,4299.15283203125,147.34345760422508,428.6446418796485,106.49783853643706,760.5935581959784,58208.1875,3930.25732421875,138.17971995180935,425.55046225853243,105.2482998386097,761.4140540671845,60352.0,4132.17333984375,138.17971995180935,427.9789361517596,105.54448684151437,949800.0,43657076893,26219530404,85782000.0,72438000.0,5394500.0
2021-10-28,775.8492431640625,60622.13671875,4287.31884765625,144.5670928955078,429.7322692871094,107.37716674804688,784.1783528668159,62128.6328125,4293.15087890625,145.86459342888665,429.8072666921166,107.38641751787124,773.492632471625,58206.91796875,3905.7060546875,143.3558332615814,427.04129028806375,105.09096962659635,776.7365316347604,58470.73046875,3924.8154296875,145.84130142868378,427.05064707991323,105.20204241939598,687500.0,45257083247,25958154575,36206000.0,51437900.0,5714300.0
2021-10-29,775.5535278320312,62227.96484375,4414.74658203125,146.7447967529297,430.6042785644531,105.23905181884766,777.0609924279157,62927.609375,4455.7353515625,146.93907321937613,430.8949400235168,105.6925937262418,767.7968430442613,60329.96484375,4271.70751953125,143.37814969215017,427.14444004690756,104.79477480390364,770.1629457776787,60624.87109375,4288.6865234375,143.8028808506359,427.43510150597126,105.58152094167787,583800.0,36856881767,22967641914,43320000.0,70162400.0,7118900.0
2021-10-30,,61888.83203125,4325.650390625,,,,,62330.14453125,4426.8486328125,,,,,60918.38671875,4252.494140625,,,,,62239.36328125,4414.24365234375,,,,,32157938616,14615490626,,,
2021-10-31,,61318.95703125,4288.07421875,,,,,62406.171875,4394.44970703125,,,,,60074.328125,4179.01611328125,,,,,61850.48828125,4322.744140625,,,,,32241199927,17498160238,,,
2021-11-01,770.3728637695312,61004.40625,4324.626953125,142.23574829101562,431.34503173828125,105.62779998779297,770.8975967743021,62419.00390625,4377.322265625,146.74477665621114,431.9638676988326,105.83142282780412,759.9065628987654,59695.18359375,4160.966796875,141.96663496333343,429.6198050970678,104.91509533195921,769.8576226613067,61320.44921875,4288.21728515625,146.74477665621114,431.5887947913139,105.1279830641533,573600.0,36150572843,17985288261,46924000.0,48433600.0,4955700.0
2021-11-02,776.7376708984375,63226.40234375,4584.798828125,144.15423583984375,433.0889587402344,105.6185531616211,782.1612925010318,64242.79296875,4599.9482421875,145.32039357899643,433.3983909976397,106.25720936308906,776.0393497687063,60673.0546875,4288.6865234375,143.06687765221287,431.3824744636354,105.09096975308645,777.0246241926961,60963.25390625,4322.5009765625,143.30873631409102,431.5137556913935,105.13724478723306,503800.0,37746665647,20794448222,33482000.0,48908400.0,4479700.0
2021-11-03,793.9556274414062,62970.046875,4607.19384765625,145.30950927734375,435.7330322265625,105.5259780883789,795.4478430642774,63516.9375,4664.91015625,145.3798843880956,436.1362040546767,105.6092773726727,775.2646035997666,61184.23828125,4462.97607421875,143.3201457071093,432.085657735004,104.3412300784996,782.8405214234298,63254.3359375,4589.6845703125,144.61813015361963,432.5263425699782,104.9983947695528,566900.0,36124731509,21220463155,27494000.0,52509800.0,6073000.0
2021-11-04,813.5360717773438,61452.23046875,4537.32421875,146.96435546875,437.7864685058594,109.02470397949219,816.080527070392,63123.2890625,4606.51611328125,148.41747395240975,437.87085131761023,109.08023684318464,793.5537314187258,60799.6640625,4426.62255859375,145.02207467610023,435.9862160130472,104.045057121479,795.5051304760165,62941.8046875,4604.6787109375,145.83139615139723,436.33313266603705,104.93361824883883,1058200.0,32615846901,18415244464,38412000.0,52847100.0,14682800.0
2021-11-05,810.1976928710938,61125.67578125,4486.2431640625,147.543701171875,439.3054504394531,109.03396606445312,817.5057474657401,62541.46875,4570.89599609375,149.00622700469464,441.2932109079652,110.6352248977425,805.0705998773998,60844.609375,4447.4873046875,146.89445936853247,437.7958878886841,107.5993058287407,815.2004297182509,61460.078125,4537.42333984375,147.85840028668068,440.0086692059953,109.37642815279204,735300.0,30605102446,15086003586,38354000.0,66390600.0,8668100.0
2021-11-06,,61527.48046875,4521.5810546875,,,,,61590.68359375,4530.9970703125,,,,,60163.78125,4334.9736328125,,,,,61068.875,4482.64794921875,,,,,29094934221,14429076700,,,
2021-11-07,,63326.98828125,4620.5546875,,,,,63326.98828125,4640.921875,,,,,61432.48828125,4510.984375,,,,,61554.921875,4523.98193359375,,,,,24726754302,13541376033,,,
2021-11-08,813.0005493164062,67566.828125,4812.08740234375,147.72113037109375,439.6803894042969,111.91253662109375,819.7155491214493,67673.7421875,4822.36328125,149.29120778593392,440.89931880941424,113.1528176953992,811.1544147887295,63344.06640625,4619.6494140625,147.1258987759427,438.9959416151373,108.33977633179117,818.3381147610091,63344.06640625,4619.6494140625,148.50814284863625,440.40237881132333,109.58005740609661,728100.0,41125608330,19290896267,23052000.0,50405200.0,15776300.0
2021-11-09,813.115234375,66971.828125,4735.06884765625,147.609619140625,438.2271423339844,112.7177963256836,818.2902020512124,68530.3359375,4837.58935546875,148.5175685400609,440.28054321030675,114.09691668549289,805.4150193229532,66382.0625,4718.0390625,145.9508203469495,436.8207049454919,111.22760316834318,814.9900932051429,67549.734375,4810.0712890625,147.92135382889896,440.0461369788913,112.22723716115352,676500.0,42357991721,20834172627,19530000.0,51149100.0,10874100.0
2021-11-10,782.3143310546875,64995.23046875,4636.17431640625,144.61119079589844,434.70172119140625,109.40418243408203,799.1400698863249,68789.625,4859.5029296875,146.76857441866247,438.2272005366199,111.81070992496943,779.6933936073692,63208.11328125,4485.09326171875,143.2671214393326,433.2202862022842,108.92288117289792,793.5633674887844,66953.3359375,4733.36279296875,146.20357706440018,436.53945827784827,110.70000329956241,737700.0,48730828378,22748160545,29970000.0,69429700.0,9046100.0
2021-11-11,797.17919921875,64949.9609375,4730.38427734375,144.48532104492188,434.84234619140625,109.39494323730469,802.5836715580446,65579.015625,4778.05908203125,146.23878525750848,436.2675545379645,111.50527686866202,793.1712524804226,64180.48828125,4580.990234375,144.32077969235291,434.8236039920207,109.03396548781758,797.0644178921823,64978.890625,4635.45361328125,145.20197357813035,436.19252851233256,110.38531935593839,416000.0,35880633236,17933201129,16518000.0,34848500.0,6994000.0
2021-11-12,814.6266479492188,64155.94140625,4667.115234375,147.3712158203125,438.1240234375,109.85773468017578,817.8502166471036,65460.81640625,4808.73876953125,147.54171627859984,438.6772187538003,109.97805824139732,798.8148490701168,62333.9140625,4510.92041015625,144.13293221150644,435.1611250038921,108.54339802983034,803.5019672322421,64863.98046875,4724.306640625,145.32684378573572,436.1081354103615,109.58005623224145,531200.0,36084893887,18316060208,22360000.0,53466700.0,6947200.0
2021-11-13,,64469.52734375,4651.46044921875,,,,,64915.67578125,4702.115234375,,,,,63303.734375,4582.1806640625,,,,,64158.12109375,4666.71923828125,,,,,30474228777,14457436261,,,
2021-11-14,,65466.83984375,4626.35888671875,,,,,65495.1796875,4689.8427734375,,,,,63647.80859375,4516.935546875,,,,,64455.37109375,4648.6328125,,,,,25122092191,12172962219,,,
2021-11-15,819.4954223632812,63557.87109375,4557.50390625,147.147216796875,438.2740173339844,109.33016967773438,824.1633906601953,66281.5703125,4764.63623046875,148.2350742445268,439.56794432499424,110.73705663194963,815.9275098315629,63548.14453125,4546.59912109375,146.2779260424359,437.1488845782679,108.76556191713061,817.8501845189328,65521.2890625,4627.0908203125,147.59177639922783,439.40856410960447,110.44086953308023,638000.0,30558763548,16275851299,23508000.0,46980500.0,5157000.0
2021-11-16,823.1592407226562,60161.24609375,4216.365234375,146.5762939453125,440.00872802734375,109.29312133789062,825.1297317461602,63721.1953125,4891.70458984375,147.45499226873417,441.1432464437642,109.57079270974641,810.4275602395136,59016.3359375,4144.3349609375,146.0177396467435,437.9365844635233,108.44158449888346,814.521623008978,63721.1953125,4570.47802734375,146.84738864467752,438.0115818851338,108.93214361131898,690900.0,46844335592,27417502801,18904000.0,48857500.0,5555100.0
2021-11-17,822.116455078125,60368.01171875,4287.59375,146.74575805664062,438.9397888183594,110.2002182006836,830.2853707726217,60823.609375,4300.306640625,147.2537504824228,439.9242836397509,110.65376022465044,820.3372277695408,58515.41015625,4107.1259765625,145.9458594225756,438.3209528739824,108.76556477168086,821.8677427455715,60139.62109375,4213.91064453125,146.72642872326313,439.7461325975495,109.21909973399006,549400.0,39178392930,22183461850,19594000.0,47858300.0,6391400.0
2021-11-18,840.922119140625,56942.13671875,4000.65087890625,148.52154541015625,440.4306335449219,114.20799255371094,842.8352188853954,60948.5,4343.55712890625,149.25702820435575,440.6931674194312,114.36534039153482,832.7340545683345,56550.79296875,3959.227783203125,146.58472464481926,437.2520708292828,110.88514404853412,839.295972680936,60360.13671875,4287.80224609375,146.9385815884133,439.97117780399594,111.042491886358,865800.0,41388338699,21383250893,35608000.0,50625600.0,13229700.0
2021-11-19,819.9259643554688,58119.578125,4298.306640625,147.61753845214844,439.6429748535156,115.01323699951172,829.8549582344419,58351.11328125,4311.7138671875,149.6396167460154,441.5650945480242,115.51305393343877,817.3432676246458,55705.1796875,3982.91748046875,147.5902837878737,439.2772873896782,112.93992074137229,829.1853615437575,56896.12890625,3995.7294921875,148.6573144815026,440.31803734544474,112.94917857209013,778200.0,38702407772,20626269711,33682000.0,57315600.0,9071800.0
2021-11-20,,59697.1953125,4409.93115234375,,,,,59859.87890625,4434.38818359375,,,,,57469.7265625,4209.24267578125,,,,,58115.08203125,4298.3505859375,,,,,30624264863,15448261277,,,
2021-11-21,,58730.4765625,4269.73291015625,,,,,60004.42578125,4422.49169921875,,,,,58618.9296875,4255.455078125,,,,,59730.5078125,4412.1953125,,,,,26123447605,14094831413,,,
2021-11-22,789.87109375,56289.2890625,4088.457763671875,145.01611328125,438.4052734375,115.46678924560547,822.3076757381369,59266.359375,4302.02294921875,148.51260548030166,444.0028951339013,118.55824137569212,788.885819311832,55679.83984375,4033.572265625,144.86297594328792,438.1989948186662,114.04138675140719,817.8501788147139,58706.84765625,4266.50927734375,148.0199796793374,441.5181949166131,114.30980738943707,880800.0,35036121783,19752218877,30594000.0,72762000.0,16076100.0
2021-11-23,772.3948974609375,57569.07421875,4340.763671875,144.50070190429688,438.98663330078125,112.32904815673828,783.7587149861331,57875.515625,4385.4833984375,145.37099098397414,439.83987544998917,114.03212195541713,758.6588548574764,55632.76171875,4069.7666015625,142.8483611146585,435.4799250989726,110.62596729640303,776.3932690519251,56304.5546875,4089.680419921875,144.8684433179545,438.07713594296996,113.58784490430803,1193000.0,37485803899,22133497059,27218000.0,73206500.0,10984000.0
2021-11-24,767.5260620117188,56280.42578125,4239.9814453125,144.83570861816406,440.1585998535156,111.7274169921875,768.5686686724689,57803.06640625,4376.8759765625,144.96407174008007,440.2804956589333,111.87551405135707,743.6601311466676,55964.22265625,4176.18359375,143.1040693827115,436.1736943498332,109.58931689743622,748.0219962060976,57565.8515625,4340.0361328125,144.19489123717437,436.9894233688114,111.0702521808496,1246700.0,36635566789,21838037128,18040000.0,61858800.0,6992600.0
2021-11-25,,57274.6796875,4274.7431640625,,,,,59367.96875,4550.51806640625,,,,,57146.68359375,4249.7744140625,,,,,57165.41796875,4271.39453125,,,,,34284016248,18705358318,,,
2021-11-26,748.0411376953125,53569.765625,4030.908935546875,140.93331909179688,430.3417663574219,108.37680053710938,761.3371456748943,59183.48046875,4550.84228515625,143.28694554808493,434.96425094373944,110.18169646132759,742.2922637146529,53569.765625,3933.506591796875,140.59581194677827,429.21660486222436,107.84921709561783,752.7664963232183,58960.28515625,4522.208984375,143.0797828608647,433.50155816840993,108.75629397376203,786300.0,41810748221,26281795488,30470000.0,112669600.0,6766900.0
2021-11-27,,54815.078125,4096.912109375,,,,,55329.2578125,4187.68408203125,,,,,53668.35546875,4033.513916015625,,,,,53736.4296875,4042.9990234375,,,,,30560857714,16515693874,,,
2021-11-28,,57248.45703125,4294.45361328125,,,,,57393.84375,4297.91650390625,,,,,53576.734375,3989.969970703125,,,,,54813.0234375,4101.64892578125,,,,,28116886357,15953126340,,,
2021-11-29,779.5977783203125,57806.56640625,4445.10498046875,144.2513885498047,435.6205749511719,110.4038314819336,780.2864662552906,58872.87890625,4460.8486328125,145.0116454494308,437.4583119148909,110.95918134028537,755.664880065845,56792.52734375,4284.5048828125,142.6287680714975,432.92959581507233,109.12652610155885,760.466779461918,57291.90625,4296.94677734375,142.73433830106399,435.1236348523177,109.55229456168377,1410700.0,32370840356,19086475837,32596000.0,86268800.0,7634000.0
2021-11-30,757.118896484375,57005.42578125,4631.47900390625,140.65032958984375,427.1444396972656,108.43232727050781,785.6623156632384,59113.40234375,4753.26611328125,144.71676490782465,435.08612453579684,111.22759197466125,752.9483525148294,56057.28125,4358.07421875,140.3569260142656,426.90064804249147,107.14576417395615,772.0028120830552,57830.11328125,4447.76806640625,143.73397863340372,433.1827469437874,109.31163054542091,1144500.0,36708594618,28626354111,42068000.0,148559600.0,10561800.0
2021-12-01,769.066162109375,57229.828125,4586.990234375,139.811767578125,422.40008544921875,111.65336608886719,796.5000077517732,59041.68359375,4780.732421875,144.66771130937158,435.68624501124225,114.31905660399549,767.5739465182212,56553.08203125,4530.2724609375,139.67349778643103,422.2031922004538,110.3482943255492,777.2542273706354,56907.96484375,4623.6796875,142.73435417388086,432.8452422514508,110.3482943255492,1201200.0,36858195307,27634826695,34020000.0,131939200.0,12924400.0
2021-12-02,755.081298828125,56477.81640625,4511.30224609375,141.70941162109375,428.8696594238281,112.64373779296875,761.844113036838,57349.234375,4628.919921875,142.60001285296258,430.43550572803196,114.21723717416921,744.5018601928398,55895.1328125,4441.5078125,138.98208525171864,422.22190176024696,111.08875407387457,750.3559403992339,57217.37109375,4586.3330078125,140.00849092046252,422.6157168413784,111.39419894372394,957100.0,32379968686,21502671027,29194000.0,127637800.0,8425500.0
2021-12-03,737.9974365234375,53598.24609375,4220.7060546875,140.75343322753906,425.137939453125,110.45011138916016,756.382298548897,57482.16796875,4647.2890625,143.13085117342362,431.5887754076615,112.78258357265224,726.8249401071083,52496.5859375,4100.1455078125,139.06787856966974,420.91862695944747,109.20057246723024,751.8195366022037,56509.1640625,4514.35595703125,142.41817632795144,430.5292831950463,111.99583736711537,1115600.0,39789134215,25879591528,41230000.0,137331600.0,7809000.0
2021-12-04,,49200.703125,4119.58740234375,,,,,53904.6796875,4242.7255859375,,,,,42874.6171875,3525.494140625,,,,,53727.87890625,4227.76220703125,,,,,61385677469,38478999182,,,
2021-12-05,,49368.84765625,4198.32275390625,,,,,49768.1484375,4246.92333984375,,,,,47857.49609375,4040.217529296875,,,,,49201.51953125,4119.62890625,,,,,37198201161,25533062707,,,
2021-12-06,723.5249633789062,50582.625,4358.7373046875,141.8967742919922,430.1730041503906,110.27426147460938,728.3172888485736,50929.51953125,4375.5205078125,142.5881383480877,432.0482542479885,110.60747283637119,709.1862863401602,47281.03515625,3930.806640625,138.91818113605103,425.2692148441158,107.90476473466515,725.9067638498939,49413.48046875,4199.0,141.7832787246902,427.6789180869,110.04286508792241,1222900.0,37707308001,28229518513,30618000.0,98977500.0,5681200.0
2021-12-07,770.9888305664062,50700.0859375,4315.0615234375,145.97511291503906,439.0710144042969,113.21759796142578,774.2315488921524,51934.78125,4428.58935546875,146.23431960919498,439.633595102183,113.45825212593114,749.6672949255851,50175.80859375,4264.32373046875,143.95105317379645,430.0416814760553,111.31089442993243,753.7613567144048,50581.828125,4358.5869140625,144.31681320908484,435.4424103932935,111.5700571940202,983200.0,33676814852,22366213354,32240000.0,95484700.0,7459200.0
2021-12-08,768.9896240234375,50504.796875,4439.35791015625,146.884033203125,440.2336730957031,112.73629760742188,770.0227143228618,51171.375,4453.1123046875,147.0887305485921,440.68374339000826,113.12504175670298,761.595511548643,48765.98828125,4234.53759765625,145.11919542765767,437.7114595944113,111.17205611794768,768.310510920137,50667.6484375,4311.67431640625,146.29922253666786,439.46484235390875,112.57894273224602,551500.0,28479699446,18704315119,24270000.0,72238800.0,5795700.0
2021-12-09,739.0400390625,47672.12109375,4119.81591796875,146.34088134765625,437.2614440917969,110.60745239257812,755.6840314603019,50797.1640625,4482.31396484375,147.78953800523445,440.3368530852221,113.00471512596883,738.8009015762281,47358.3515625,4078.84423828125,145.8219839399429,437.06455084489505,110.59819456155773,752.0012791418078,50450.08203125,4433.02490234375,146.29379822913546,438.9491577219033,112.16243610617015,709100.0,29603577251,22296131874,23270000.0,61272600.0,6103900.0
2021-12-10,747.8690795898438,47243.3046875,3908.49609375,146.70066833496094,441.3775329589844,110.2649917602539,749.6004327589181,50015.25390625,4227.11181640625,147.66808793780228,441.52755637554407,111.80146699188772,738.9157271958666,47023.69921875,3897.767578125,145.41457182465953,437.4113979747184,109.44122127734641,743.5072139140822,47642.14453125,4113.58837890625,147.39303059375538,439.9617388281514,111.07025364135005,602700.0,30966005122,28014595631,24458000.0,77159800.0,5973900.0
2021-12-11,,49362.5078125,4084.452392578125,,,,,49458.2109375,4095.6484375,,,,,46942.34765625,3846.054443359375,,,,,47264.6328125,3909.667724609375,,,,,25775869261,19131502454,,,
2021-12-12,,50098.3359375,4134.453125,,,,,50724.8671875,4173.60888671875,,,,,48725.8515625,3993.055908203125,,,,,49354.85546875,4084.811279296875,,,,,21939223599,14057603914,,,
2021-12-13,731.253662109375,46737.48046875,3784.226806640625,144.5447998046875,437.4676818847656,107.75664520263672,747.8689873140579,50205.0,4145.955078125,146.66945372410888,441.20879629669554,110.17242354116739,731.1293643369199,45894.84765625,3680.609130859375,144.23851000057718,437.1863772299923,107.72887877188559,746.654150278245,50114.7421875,4136.35986328125,146.48260348264037,440.86187964178026,110.01507572580705,615100.0,32166727776,23999841386,27070000.0,87724700.0,5854300.0
2021-12-14,721.6117553710938,46612.6328125,3745.4404296875,142.64215087890625,434.4578552246094,107.63634490966797,727.2745149206823,48431.3984375,3866.6337890625,143.21011265403155,436.6894070406909,108.2750012015848,710.955774553181,46424.49609375,3700.104736328125,139.9738104375734,431.54185555192583,106.67373508621989,721.6404215113188,46709.82421875,3782.82275390625,142.7026193273764,434.20470680540546,106.84959860119001,842400.0,34638619079,23836759957,38446000.0,97264100.0,6267300.0
2021-12-15,757.798095703125,48896.72265625,4018.388671875,145.1538848876953,441.2463073730469,111.44049072265625,758.1615894134611,49473.95703125,4086.372802734375,145.43142268224105,441.49007040259744,111.54230568812147,727.6093767428201,46671.96484375,3664.719970703125,140.43274769467823,432.00131048296834,107.81219741665257,731.349520345703,48379.75390625,3862.25146484375,142.148536251989,434.51416709666717,108.09912664933275,910700.0,36541828520,26411188833,36370000.0,116899300.0,6700700.0
2021-12-16,722.1953125,47665.42578125,3962.4697265625,143.17544555664062,437.3551025390625,108.341796875,765.0870439005214,49425.57421875,4110.36865234375,146.37903341060957,443.37463777432833,112.22674793604817,720.8752687151068,47529.87890625,3956.05712890625,142.34479835563232,435.80799871674776,107.942148544885,764.2835161423841,48900.46484375,4020.4150390625,145.8769849184342,443.0933617779284,111.84568476718353,1006900.0,27268150947,19825531254,33650000.0,116568600.0,9116100.0
2021-12-17,717.2879638671875,46202.14453125,3879.486572265625,140.47933959960938,432.700439453125,108.10945129394531,725.0647180867127,48004.89453125,3992.79248046875,142.5702956240414,437.2827106378424,109.19686412399561,711.6347804741274,45618.21484375,3711.424560546875,140.05807203589413,430.99737826772844,107.74698035059522,718.5218920396599,47653.73046875,3959.012451171875,141.2475218263389,434.28117656754216,108.08157000459025,1656700.0,32902725329,23143541098,50416000.0,135511600.0,11725600.0
2021-12-18,,46848.77734375,3960.860107421875,,,,,47313.828125,3993.829833984375,,,,,45598.44140625,3774.614990234375,,,,,46219.25390625,3880.29150390625,,,,,26098292690,19530895889,,,
2021-12-19,,46707.015625,3922.592529296875,,,,,48089.6640625,4018.658447265625,,,,,46502.953125,3894.398681640625,,,,,46853.8671875,3960.872314453125,,,,,25154053861,16167785597,,,
2021-12-20,720.167236328125,46880.27734375,3933.844482421875,140.3623809814453,428.099365234375,106.82687377929688,723.8403549585491,47401.71875,3980.0986328125,140.52841967849685,428.4945351603184,108.38828996807486,712.1035283159449,45579.80859375,3759.4033203125,138.09647759296158,424.4862394814665,105.86957825770622,715.1166252323318,46707.0625,3923.69580078125,138.7695105661895,427.62890570329984,107.7376957530778,647100.0,30961902129,21589690675,27192000.0,107134800.0,6980800.0
2021-12-21,749.0167846679688,48936.61328125,4020.260009765625,142.2114715576172,435.7020263671875,109.15042114257812,750.3655526711071,49300.91796875,4058.8212890625,142.6044862116724,435.84315849906136,109.20618373327886,731.7797958151173,46698.7734375,3918.837890625,139.26757475967167,429.35082200169626,106.95700275734661,742.0244074957812,46886.078125,3938.4638671875,140.8049373737219,431.51492459595994,107.87712095825188,838100.0,27055803928,16388555198,28756000.0,69806300.0,6122900.0
2021-12-22,757.7021484375,48628.51171875,3982.099609375,145.12811279296875,440.0584411621094,112.73794555664062,757.7021484375,49544.796875,4073.79150390625,145.2123723601168,440.17134685592566,112.86806297767164,741.3260221416181,48450.94140625,3947.690185546875,141.81004635956177,435.25032979357655,108.58346293850978,744.0043496417555,48937.09765625,4018.69580078125,141.81004635956177,435.44794347232624,108.66710681308645,534800.0,24447979559,13921756199,26322000.0,58890200.0,9300100.0
2021-12-23,766.5885620117188,50784.5390625,4108.015625,145.62522888183594,442.7965087890625,112.16170501708984,770.7112893815222,51332.33984375,4149.02685546875,146.94056153124288,444.2925666264492,113.1933553378738,759.5770938994314,48065.8359375,3897.234375,145.1648034683037,440.9523154989883,111.38099340826014,760.1127594608269,48626.34375,3981.961669921875,145.21238570176314,441.0558028110541,112.42193985641056,496600.0,28223878108,18007273742,26384000.0,56439700.0,6512500.0
2021-12-24,,50822.1953125,4047.98291015625,,,,,51814.02734375,4134.1064453125,,,,,50514.49609375,4029.064453125,,,,,50806.05078125,4111.34521484375,,,,,24367912228,12769090623,,,
2021-12-25,,50429.859375,4093.281005859375,,,,,51176.59765625,4138.56494140625,,,,,50236.70703125,4027.927001953125,,,,,50854.91796875,4049.781982421875,,,,,19030650914,10894785525,,,
2021-12-26,,50809.515625,4067.328125,,,,,51196.37890625,4105.02392578125,,,,,49623.10546875,4013.0263671875,,,,,50428.69140625,4094.151611328125,,,,,20964372926,11197244172,,,
2021-12-27,776.1732177734375,50640.41796875,4037.547607421875,146.60650634765625,449.0630187988281,114.03910827636719,778.2393980907561,51956.328125,4126.00146484375,147.0401610488901,449.1100532638039,114.55958499891561,759.844905248824,50499.46875,4033.492431640625,145.87598451208166,444.12319396445406,112.64498711362008,759.8832046070653,50802.609375,4064.746337890625,145.96172629853862,444.1702284294298,112.6635793666755,527500.0,24324345758,11424360002,15976000.0,56808600.0,6309900.0
2021-12-28,769.8026733398438,47588.85546875,3800.89306640625,145.39772033691406,448.696044921875,113.44429779052734,781.7882130973421,50679.859375,4037.5380859375,146.9955515001699,450.5214301033936,114.93136622002451,768.1956765312884,47414.2109375,3769.280029296875,144.77078743444807,447.9339028188725,113.26771390994709,781.7882130973421,50679.859375,4037.5380859375,146.93310171719043,449.49583182545905,114.67112428125506,548500.0,33430376883,17299472803,18200000.0,47274600.0,6321000.0
2021-12-29,767.1339111328125,46444.7109375,3628.53173828125,145.3660125732422,449.2700500488281,112.84017944335938,770.2522733148377,48119.7421875,3827.98193359375,146.12132376201117,450.2862300149204,114.45735813750755,759.8833045390562,46201.49609375,3612.7958984375,144.3673755989165,447.8022185897107,112.43123493346563,763.432067492554,47623.87109375,3797.436279296875,145.35560679623677,448.7995905115579,113.20265040772246,404900.0,30049226299,15722555672,17788000.0,54503000.0,5847700.0
2021-12-30,765.4503784179688,47178.125,3713.85205078125,144.9154815673828,448.0280456542969,111.9200668334961,773.1697435754409,47879.96484375,3767.559814453125,146.00532013112664,450.70025247373695,112.97030951685105,765.1634251075598,46060.3125,3595.204833984375,144.71129848162374,447.56700448030426,111.70630551819133,768.7696371273657,46490.60546875,3632.2197265625,145.40464374216947,449.6934621372565,112.4591288222209,411900.0,26686491018,12925377999,15688000.0,55329000.0,4187800.0
2021-12-31,761.5477905273438,46306.4453125,3682.6328125,143.578857421875,446.89892578125,111.81782531738281,770.2906722225677,48472.52734375,3807.288818359375,145.40912459334086,448.68666632067624,113.15618409651378,761.2990781665982,45819.953125,3636.869873046875,143.578857421875,446.6260799179109,111.7341814391211,766.684459758123,47169.37109375,3713.43017578125,144.76632590571236,447.5387725895835,112.78441698110318,236400.0,36974172400,14157285268,18136000.0,65237400.0,3888200.0
2022-01-01,,47686.8125,3769.697021484375,,,,,47827.3125,3769.91796875,,,,,46288.484375,3682.28662109375,,,,,46311.74609375,3683.047119140625,,,,,24582667004,9776191466,,,
2022-01-02,,47345.21875,3829.56494140625,,,,,47881.40625,3836.161865234375,,,,,46856.9375,3727.357421875,,,,,47680.92578125,3769.29833984375,,,,,27951569547,9881471548,,,
2022-01-03,762.8389892578125,46458.1171875,3761.38037109375,143.71713256835938,449.48651123046875,119.70856475830078,764.6277329443546,47510.7265625,3836.19873046875,144.56907529374837,449.61825370387953,120.44279581583928,750.8534490739252,45835.96484375,3698.047607421875,142.44986625187568,445.85457683489585,115.24737327889926,761.1650268914524,47343.54296875,3829.53564453125,143.78006634339744,448.15981168840295,115.36819458526936,720600.0,33071628362,12080777893,28646000.0,72668200.0,18592000.0
2022-01-04,745.3340454101562,45897.57421875,3794.056640625,143.1303253173828,449.33587646484375,123.98387145996094,759.1466269392618,47406.546875,3876.78515625,145.1974901309125,451.62233155714586,125.93564731240554,730.1248801468422,45752.46484375,3723.349853515625,142.45332978624396,447.4822648058163,121.10269541794493,759.1466269392618,46458.8515625,3761.361572265625,144.1180572750369,450.9072238974489,121.63245423508752,874100.0,42494677905,14030925983,28400000.0,71178700.0,25554900.0
2022-01-05,713.2706909179688,43569.00390625,3550.386962890625,136.5640411376953,440.7076721191406,118.09137725830078,733.2338866719334,46929.046875,3842.059814453125,143.22943968889484,449.74050080120287,121.64174664852338,712.6680596892157,42798.22265625,3456.745361328125,136.4778153700128,440.61357447061033,117.92408240269275,732.6312554431805,45899.359375,3794.26904296875,143.1506401362504,448.96894028365364,121.48374792124586,1193200.0,36851084859,18061338502,54618000.0,104538900.0,17891200.0
2022-01-06,729.9623413085938,43160.9296875,3418.408203125,136.53677368164062,440.29364013671875,119.40182495117188,730.5745472450579,43748.71875,3549.708984375,138.71000766618633,443.0034914570786,119.89441326648779,698.0996670733043,42645.5390625,3335.376708984375,135.3582289281207,437.93192425280233,116.00016610139048,707.3973622859426,43565.51171875,3549.708984375,135.79436399283284,440.2466056724417,118.03558515382906,2041200.0,30208048289,24293791313,37348000.0,86858900.0,16249000.0
2022-01-07,723.2473754882812,41557.90234375,3193.21044921875,135.81272888183594,438.55303955078125,114.78265380859375,730.1919372903611,43153.5703125,3420.4619140625,137.23165041306362,441.47931328156096,118.16572093252499,711.2905014167043,41077.4453125,3117.38134765625,134.57321626393153,437.1981135652395,114.60606284134904,725.4379121834256,43153.5703125,3417.837890625,136.9313045859878,440.30316424651267,117.61736995762267,1363300.0,84196607520,24494179209,29760000.0,85111600.0,21248100.0
2022-01-08,,41733.94140625,3091.97265625,,,,,42228.94140625,3240.304443359375,,,,,40672.27734375,3020.880859375,,,,,41561.46484375,3193.50244140625,,,,,28066355845,16037732700,,,
2022-01-09,,41911.6015625,3157.75146484375,,,,,42663.94921875,3206.790771484375,,,,,41338.16015625,3075.911376953125,,,,,41734.7265625,3091.6962890625,,,,,21294384372,12334683863,,,
2022-01-10,695.57421875,41821.26171875,3083.097900390625,137.45069885253906,438.0072937011719,116.18607330322266,696.0429187547863,42199.484375,3177.21337890625,137.59938954533916,438.2236867337772,116.98537009746025,671.7848327322724,39796.5703125,2947.68359375,131.9940937569273,429.6237004184561,114.55959842276417,685.3869996250405,41910.23046875,3157.570556640625,133.89077354018556,435.36331312046167,116.2790133067896,1973400.0,32104232331,19535744145,44408000.0,119362000.0,11857700.0
2022-01-11,697.4779052734375,42735.85546875,3238.111572265625,138.5078125,441.99676513671875,120.05242156982422,699.6588670877405,43001.15625,3247.511962890625,138.9836045313537,442.0908627934465,120.40560347767196,670.2641070956298,41407.75390625,3061.140625,135.49107504085617,434.751676287286,116.6414734117044,676.2712101590052,41819.5078125,3082.990966796875,136.7940204323314,437.7438209696161,117.60806495860982,2120700.0,26327648900,15211447193,28730000.0,74303100.0,12113100.0
2022-01-12,709.922607421875,43949.1015625,3372.25830078125,140.18743896484375,443.1916809082031,122.89643859863281,716.8863185656209,44135.3671875,3401.219970703125,141.35459515725228,445.2429062617321,123.53773668086158,703.06416113604,42528.98828125,3216.718017578125,139.45791529880384,441.2345819172256,121.02832111792185,707.1868887796197,42742.1796875,3238.449951171875,139.90940202922133,443.7280116585806,121.28855596553126,959700.0,33499938689,16662871689,26108000.0,67605400.0,16389200.0
2022-01-13,698.3577880859375,42591.5703125,3248.28857421875,137.36892700195312,437.0851745605469,129.36517333984375,744.1190908614234,44278.421875,3396.9697265625,141.59445882785775,444.94185525916146,134.7650679306061,696.980354248168,42447.04296875,3247.91748046875,137.1924825382084,436.0595761258511,129.11422751832822,738.8484929239644,43946.7421875,3372.10498046875,140.29596006685344,444.2926187440994,130.81505731884695,1628700.0,47691135082,15294466275,31436000.0,91173100.0,52020000.0
2022-01-14,712.1800537109375,43099.69921875,3310.00146484375,138.2545623779297,437.26385498046875,130.73138427734375,714.1600604283502,43346.6875,3330.76611328125,139.50497974939202,437.6119903971506,133.7240986666343,696.530854543766,41982.6171875,3203.82373046875,135.79438276109653,432.7286187563213,126.48395524209444,703.6380125826527,42598.87109375,3248.648681640625,135.87416542111617,433.94241224020107,126.48395524209444,1313600.0,23577403399,13562957230,29662000.0,95890900.0,28255300.0
2022-01-15,,43177.3984375,3330.53076171875,,,,,43724.671875,3364.537841796875,,,,,42669.03515625,3278.6708984375,,,,,43101.8984375,3309.84423828125,,,,,18371348298,9619999078,,,
2022-01-16,,43113.87890625,3350.921875,,,,,43436.80859375,3376.401123046875,,,,,42691.0234375,3291.563720703125,,,,,43172.0390625,3330.38720703125,,,,,17902097845,9505934874,,,
2022-01-17,,42250.55078125,3212.304931640625,,,,,43179.390625,3355.8193359375,,,,,41680.3203125,3157.22412109375,,,,,43118.12109375,3350.947265625,,,,,21690904261,12344309617,,,
2022-01-18,684.1531372070312,42375.6328125,3164.025146484375,134.8026885986328,429.5201416015625,124.38346862792969,708.8704112607512,42534.40234375,3236.01611328125,135.92622520287958,432.7851319574491,127.49699680126793,683.2061621876003,41392.21484375,3096.12353515625,134.24811208025204,428.4098639787604,123.88157716123975,708.8321702843192,42250.07421875,3212.28759765625,134.97813484766374,432.578128611285,127.09735561643261,1178500.0,22417209227,13024154091,34872000.0,109709100.0,15191400.0
2022-01-19,668.4564208984375,41744.328125,3095.825927734375,133.92892456054688,425.0601501464844,121.76256561279297,706.7758197544491,42478.3046875,3171.158447265625,136.74693894623502,432.4557595624984,126.3074010947723,668.3512143879109,41242.9140625,3055.21240234375,133.82881433443535,424.78727560160723,121.69751398454629,704.9201100224366,42374.0390625,3163.850341796875,135.3235557494751,431.06321784637055,125.11775189331158,1593200.0,23091543258,13187424144,28648000.0,109357600.0,11155100.0
2022-01-20,675.7642211914062,40680.41796875,3001.1201171875,132.13580322265625,420.3556213378906,119.271728515625,698.2622337345451,43413.0234375,3265.3369140625,136.41635808899423,431.6372325182061,123.37973766488095,675.525083731333,40672.82421875,3000.908203125,131.795815685325,418.2385532953383,119.15090012890892,693.3934277420279,41744.02734375,3095.271728515625,135.05244527519218,426.9420552480534,122.60832216072352,1536500.0,20382033940,10645922764,29908000.0,122379700.0,11421900.0
2022-01-21,664.5439453125,36457.31640625,2557.931640625,129.20582580566406,412.1037902832031,115.73995208740234,689.8638535047962,41060.52734375,3029.0810546875,133.68014407192317,421.58824292541317,118.94643541215267,664.5248540135644,35791.42578125,2496.81298828125,128.94315552881451,412.07556385655806,115.49830240391307,676.5582106607027,40699.60546875,3002.956787109375,131.4281249429967,419.23594498974285,118.10996119304964,1689600.0,43011992031,26796291874,55652000.0,202271200.0,15573700.0
2022-01-22,,35030.25,2405.18115234375,,,,,36688.8125,2615.247314453125,,,,,34349.25,2330.247314453125,,,,,36471.58984375,2561.145263671875,,,,,39714385405,27369692036,,,
2022-01-23,,36276.8046875,2535.0390625,,,,,36433.3125,2542.144775390625,,,,,34784.96875,2381.51513671875,,,,,35047.359375,2406.92431640625,,,,,26017975951,16481489511,,,
2022-01-24,657.5516357421875,36654.328125,2440.352294921875,129.65432739257812,413.8538818359375,117.0689926147461,658.7186571921139,37247.51953125,2537.20849609375,130.04982252537027,414.36198622480896,117.17122872727758,620.4470793772367,33184.05859375,2172.30126953125,123.40573418952586,395.90115681307793,111.65050701404374,637.1101653246106,36275.734375,2535.89111328125,124.87074048240562,406.5053054589265,115.03357358090403,2833100.0,41856658597,28220804648,76622000.0,251783900.0,17083400.0
2022-01-25,620.3897094726562,36954.00390625,2455.93505859375,125.81932830810547,408.80108642578125,113.83464813232422,639.1284933612048,37444.5703125,2498.507080078125,128.26167595997225,413.7409112645625,116.93888798753571,615.8460964675578,35779.4296875,2359.384765625,125.38865318603597,401.9135523304981,113.10969913950304,624.2828754114281,36654.8046875,2440.3935546875,127.60847149388137,407.47438716618876,116.6321796164422,2095300.0,26428189594,16179776932,46960000.0,167997300.0,11370500.0
2022-01-26,624.8758544921875,36852.12109375,2468.0302734375,128.0971221923828,407.7755126953125,114.39230346679688,649.8609355076934,38825.41015625,2705.7841796875,131.8310108586025,417.80571346524874,117.72889710036193,616.6494895656124,36374.90625,2417.68310546875,126.0244974232128,403.5225401054795,113.2862982801019,632.8821732209651,36950.515625,2455.5791015625,129.96654697196033,414.6818552495206,116.529951910192,1376700.0,31324598034,21229909340,49130000.0,186391100.0,13592100.0
2022-01-27,607.0840454101562,37138.234375,2423.001220703125,127.87110900878906,405.7619323730469,108.16522216796875,636.105800398124,37148.32421875,2510.45166015625,131.48654065723252,415.50045053402,115.3774783537252,603.9657412049658,35629.28125,2328.4521484375,127.79923657133706,404.0777079047049,107.83992861576732,635.9144787063299,36841.87890625,2467.1884765625,130.14989784161355,412.3672026513168,115.24736093284461,1465300.0,25041426629,16126522783,31950000.0,149878300.0,18599800.0
2022-01-28,616.9458618164062,37784.33203125,2547.092041015625,132.17892456054688,415.83917236328125,109.30841827392578,616.9554366551749,37952.87890625,2548.778564453125,132.18438456774498,415.88620682845203,111.15795077735469,593.7017146591088,36211.109375,2367.833740234375,127.35569637367115,402.54398201671927,106.12982301495909,606.0698958721711,37128.4453125,2421.64697265625,128.51937364185733,407.1168346707988,110.33077260336982,1339700.0,22238830523,14666227351,34362000.0,164457400.0,14005900.0
2022-01-29,,38138.1796875,2597.084716796875,,,,,38576.26171875,2627.609375,,,,,37406.47265625,2526.98974609375,,,,,37780.71484375,2546.590576171875,,,,,17194183075,11172062661,,,
2022-01-30,,37917.6015625,2603.466552734375,,,,,38266.33984375,2631.408447265625,,,,,37437.7109375,2550.4609375,,,,,38151.91796875,2598.56494140625,,,,,14643548444,9501221177,,,
2022-01-31,647.775634765625,38483.125,2688.27880859375,134.1143035888672,423.3289489746094,113.97406768798828,648.110403893278,38647.26171875,2697.7353515625,134.28232364001818,423.6770844746201,114.10418511659013,619.8730892028346,36733.57421875,2489.072265625,131.04750282086047,413.82565957531546,110.42370551284883,622.4270612100163,37920.28125,2603.263427734375,132.98284153048613,415.17116710249303,111.08358878386342,1357400.0,20734730465,13778234614,39986000.0,152251400.0,10189100.0
2022-02-01,651.8695678710938,38743.2734375,2792.1171875,136.43421936035156,426.1893005371094,114.36443328857422,654.0027137200533,39115.1328125,2802.3154296875,136.58191182952572,426.8291186076498,114.54101718507644,637.3204821344233,38113.6640625,2682.621826171875,133.18751085954932,420.5343677869096,111.62265682898149,652.8930832083713,38481.765625,2687.89892578125,136.38515490873857,424.053395889453,114.22501972437995,945000.0,20288500328,13194846235,68644000.0,123155400.0,6956300.0
2022-02-02,656.91064453125,36952.984375,2682.85400390625,146.69918823242188,430.329345703125,115.38677215576172,661.2055442455598,38834.6171875,2802.212158203125,150.21451067811546,431.05384305532795,117.54301277515727,644.8007484728265,36832.73046875,2630.120361328125,144.24347030048295,426.2833764423959,113.89971088219022,658.0585160891186,38743.71484375,2791.958984375,149.92062310914736,428.5886396673794,117.3199553568384,713600.0,19155189416,13876301217,123200000.0,117361000.0,8562900.0
2022-02-03,617.8641967773438,37154.6015625,2679.16259765625,141.83233642578125,420.2144775390625,111.3809814453125,635.7899304405416,37154.6015625,2712.482666015625,148.35946558582248,426.20812763649417,115.13581523004221,616.4676130706861,36375.5390625,2587.783447265625,141.41156796467584,419.37704575360794,110.83263053433521,630.4524246661149,36944.8046875,2682.22607421875,144.42485698358425,424.3074813838875,112.87733870155694,1212000.0,18591534769,12755505065,71518000.0,118024400.0,9926800.0
2022-02-04,624.4451904296875,41500.875,2983.5869140625,142.03353881835938,422.1903991699219,112.4776840209961,632.4802310455942,41527.78515625,2983.5869140625,143.60163470292892,426.0293363499769,113.23051421532028,615.348393687461,37093.62890625,2675.44384765625,139.27995591119637,417.6080991681987,110.96274168823622,619.8920046395509,37149.265625,2681.0576171875,142.18371170014618,419.97923360740066,111.93862926675784,863100.0,29412210792,18987223729,57998000.0,118454400.0,5743200.0
2022-02-05,,41441.1640625,3014.648193359375,,,,,41847.1640625,3054.130126953125,,,,,41038.09765625,2966.781005859375,,,,,41501.48046875,2984.446044921875,,,,,19652846215,13102093957,,,
2022-02-06,,42412.43359375,3057.47607421875,,,,,42500.78515625,3061.26123046875,,,,,41244.90625,2965.429931640625,,,,,41441.12109375,3014.959716796875,,,,,16142097334,9466018022,,,
2022-02-07,621.7861938476562,43840.28515625,3142.470703125,137.97752380371094,420.83544921875,113.67664337158203,632.6716785980886,44401.86328125,3182.5283203125,142.9821426046324,424.3450587788941,115.34029556495018,620.370460216941,41748.15625,3002.927001953125,137.67915934204296,419.5087499574974,113.27699500009284,625.7271749825709,42406.78125,3057.422119140625,142.9821426046324,422.95251700944823,113.90899691103232,520300.0,28641855926,15197063785,54974000.0,84472900.0,6562900.0
2022-02-08,625.07666015625,44118.4453125,3122.608642578125,138.17379760742188,424.29803466796875,114.97783660888672,626.8845535515969,45293.8671875,3219.47265625,138.7695132466174,425.2201456654425,115.11725016527849,607.9831174295028,42807.8359375,3038.3779296875,135.80976527306845,418.91597660458353,113.02606809200608,609.1788048523765,43854.65234375,3143.008544921875,137.80457400105325,420.33677354523064,113.38853908410385,745300.0,33079398868,17136080906,54284000.0,81012000.0,7036200.0
2022-02-09,650.807861328125,44338.796875,3239.45703125,140.34750366210938,430.50811767578125,116.66007232666016,652.5870301589662,44727.80078125,3263.15576171875,141.27181794404441,430.82802671260504,116.68796071019922,635.0343625630791,43232.96875,3063.16015625,138.95485380934457,428.1275935863995,114.09489412876502,641.6440967904866,44096.703125,3121.1826171875,139.72453341095786,428.32517855026134,116.06524778011625,842000.0,23245887300,13951308490,40144000.0,92589900.0,10979700.0
2022-02-10,628.3385009765625,43565.11328125,3077.482177734375,137.40162658691406,422.7737121582031,115.9072494506836,648.1773364979156,45661.171875,3271.316162109375,140.24095165966446,430.668007266661,119.57843996686158,624.6270827057581,43402.80859375,3070.378173828125,136.744459438641,420.77896856601785,115.58195588364705,626.1480227304982,44347.80078125,3240.113037109375,138.475614665895,424.67435811188443,115.9909004198461,961200.0,32142048537,18629485080,39330000.0,140103700.0,10474900.0
2022-02-11,600.9429321289062,42407.9375,2927.383544921875,133.10226440429688,414.43719482421875,112.46842193603516,631.6290709172442,43810.83203125,3127.45068359375,137.93341878729322,424.9284364407401,117.64525909661825,598.0828571155156,42114.5390625,2888.707763671875,132.22751362039665,413.00700821201644,111.94794512703444,628.969834028416,43571.12890625,3077.4130859375,137.38182183921865,422.858431768966,116.64148999090412,1116300.0,26954925781,16043881065,39958000.0,153214600.0,9845700.0
2022-02-12,,42244.46875,2917.36279296875,,,,,42992.55078125,2980.079345703125,,,,,41852.57421875,2870.177001953125,,,,,42412.30078125,2927.386474609375,,,,,18152390304,11254355757,,,
2022-02-13,,42197.515625,2883.46337890625,,,,,42693.0546875,2947.776611328125,,,,,41950.94140625,2845.397705078125,,,,,42236.56640625,2916.78955078125,,,,,14741589015,9054963563,,,
2022-02-14,600.6273193359375,42586.91796875,2933.47900390625,134.33480834960938,413.082275390625,111.3159408569336,607.3614690882562,42775.77734375,2957.963623046875,135.10200740871497,415.5098626456239,112.97030416718194,593.0610340896201,41681.95703125,2840.257568359375,132.08525517352243,409.6197001412661,109.67088076543398,598.9438402810399,42157.3984375,2880.187744140625,132.08525517352243,413.9291255162954,111.4832357044478,890200.0,20827783012,12164552172,34302000.0,123006300.0,8081800.0
2022-02-15,627.8889770507812,44575.203125,3179.877197265625,135.40780639648438,419.7440185546875,115.73064422607422,629.7446864370589,44667.21875,3185.520751953125,136.8946223837062,419.9133771021189,115.81429518493725,614.4016450337433,42491.03515625,2917.857177734375,134.6277210675767,416.99652213320917,112.88663926033855,619.3469923222332,42586.46484375,2933.72900390625,136.36134149082847,417.5140448697904,113.40710890351448,821400.0,22721659051,13921257873,26680000.0,88482700.0,9248700.0
2022-02-16,635.0152587890625,43961.859375,3127.830078125,136.52737426757812,420.2144775390625,114.87560272216797,637.062289768148,44578.27734375,3181.616943359375,136.87230757588372,421.588211390658,115.51690083960206,616.659062248554,43456.69140625,3055.168212890625,133.73809706927898,415.82979106919817,112.98889288255725,622.7140399985951,44578.27734375,3180.44677734375,135.44546098409901,417.70221089727113,114.44807300750129,610000.0,19792547657,12352406833,25022000.0,84863600.0,5749500.0
2022-02-17,622.1687622070312,40538.01171875,2881.48193359375,131.3740692138672,411.2381286621094,111.30663299560547,633.4464648319423,44132.97265625,3154.615234375,135.90835577846806,420.18627912524965,114.0855791290705,621.7574527442737,40249.37109375,2861.85205078125,131.3140998808297,410.63595532705654,111.2043968788111,630.6629302320993,43937.0703125,3126.8583984375,135.04550824241358,417.03419417418587,113.84392948111409,1020600.0,26246662813,15860206214,38950000.0,102259100.0,7976700.0
2022-02-18,619.6817626953125,40030.9765625,2785.7275390625,129.2568359375,408.5753173828125,110.88839721679688,629.1898714145664,40929.15234375,2937.30859375,132.89161259379068,412.74358216810356,112.17099325013666,613.1389354306532,39637.6171875,2761.643310546875,129.05215373124426,406.3076988713617,110.08910050035433,623.7853409114788,40552.1328125,2884.340576171875,132.29390062238596,411.49214366579196,112.01298745949694,899400.0,23310007704,15748173433,45620000.0,132642900.0,8389000.0
2022-02-19,,40122.15625,2763.701171875,,,,,40418.87890625,2826.347900390625,,,,,39713.05859375,2707.37841796875,,,,,40026.0234375,2784.872802734375,,,,,13736557863,9774183169,,,
2022-02-20,,38431.37890625,2628.6484375,,,,,40119.890625,2763.756591796875,,,,,38112.8125,2585.9462890625,,,,,40118.1015625,2763.756591796875,,,,,18340576452,11641437834,,,
2022-02-21,,37075.28125,2573.816162109375,,,,,39394.4375,2752.45849609375,,,,,36950.4765625,2568.25439453125,,,,,38423.2109375,2627.66552734375,,,,,29280402798,18646392740,,,
2022-02-22,612.4501342773438,38286.02734375,2639.29931640625,128.67251586914062,404.1906433105469,108.65780639648438,624.6269940546324,38359.85546875,2648.916748046875,131.01870043792354,409.7702869392554,110.9348681169123,602.4924185688228,36488.93359375,2510.6787109375,127.09647962293029,400.6998126141375,107.55180134268785,610.7570225174316,37068.76953125,2572.898681640625,128.69679096846758,406.37358261467153,109.2061573147038,934000.0,25493150450,16360200507,44990000.0,124391800.0,9793500.0
2022-02-23,604.2813110351562,37296.5703125,2590.359619140625,126.46658325195312,397.0208435058594,107.71910095214844,626.0141573303118,39122.39453125,2741.368408203125,130.89035389025435,407.6626367061376,110.99993175337269,603.5926230611133,37201.81640625,2587.412841796875,126.40661391799688,396.45628627766916,107.58898353896262,622.7905885104735,38285.28125,2639.447021484375,130.49139522919555,407.0980794779474,110.1820498575094,997000.0,21849073843,13382637240,32786000.0,132578000.0,8114700.0
2022-02-24,628.3001098632812,38332.609375,2598.067138671875,131.52471923828125,402.99566650390625,103.98287200927734,630.2323004928487,38968.83984375,2689.047607421875,131.83100899869677,403.42850999389174,104.07581911436581,573.6236981244622,34459.21875,2308.914794921875,123.85523180480044,386.3790593344902,97.01226457975531,574.2071794102122,37278.56640625,2588.166259765625,123.85523180480044,386.73658449661104,100.3767469851173,2047800.0,46383802093,29312342666,54456000.0,213942900.0,27539100.0
2022-02-25,638.1336059570312,39214.21875,2764.53564453125,133.2777099609375,411.8872985839844,103.37873840332031,638.152755638887,39630.32421875,2821.972412109375,134.0825696110589,411.97197784953823,105.02379831895423,621.7574752788037,38111.34375,2579.2080078125,130.5935034058996,402.5815957478885,101.6407314005511,628.3672098274006,38333.74609375,2598.436279296875,132.37818496175834,404.22820402320997,104.36391512732327,1295400.0,26545599159,17208902048,36406000.0,121804500.0,14258900.0
2022-02-26,,39105.1484375,2781.11181640625,,,,,40005.34765625,2849.424072265625,,,,,38702.53515625,2745.009033203125,,,,,39213.08203125,2764.989501953125,,,,,17467554129,11724648351,,,
2022-02-27,,37709.78515625,2621.8017578125,,,,,39778.94140625,2831.12548828125,,,,,37268.9765625,2581.61572265625,,,,,39098.69921875,2780.50439453125,,,,,23450127612,16150857254,,,
2022-02-28,637.5498657226562,43193.234375,2919.201171875,133.8699493408203,410.8334655761719,99.45661163330078,643.3465538040846,43760.45703125,2929.180419921875,134.5583337933557,412.31071529051957,102.02178961943866,619.5093547742188,37518.21484375,2586.38818359375,131.427102602085,405.2538228246702,97.58848717900274,619.5093547742188,37706.0,2621.172119140625,131.88058572904305,406.5052324542038,101.6500296266887,1979000.0,35690014104,19266124733,38864000.0,145615000.0,26390800.0
2022-03-01,606.6536254882812,44354.63671875,2972.485107421875,132.8831787109375,404.5763854980469,100.42320251464844,636.2014120281001,44793.6015625,3029.651611328125,135.0578951055112,411.34159579885494,103.26720756640017,600.3116940147722,42952.5859375,2868.93896484375,132.04760096390638,401.8759236906789,99.49378835751469,631.5239266759457,43194.50390625,2919.77587890625,133.69299913792386,409.3374336179091,102.23555728471233,1097300.0,32479047645,18757425786,26496000.0,137785900.0,20377900.0
2022-03-02,626.8941650390625,43924.1171875,2950.118408203125,133.38870239257812,412.01898193359375,101.87310028076172,629.8116308447874,45077.578125,3026.8681640625,134.07362324299785,413.7408508486965,102.20768999041653,610.3745279563252,43432.8515625,2919.943115234375,131.90188646501582,406.0723677235664,100.2466252830552,614.6694864722274,44357.6171875,2972.471923828125,133.44470905944584,406.8250913413519,100.7485098475374,1035700.0,29183112630,16636517503,23520000.0,117726500.0,13342400.0
2022-03-03,603.3820190429688,42451.7890625,2834.468994140625,132.72262573242188,409.9678649902344,101.11096954345703,625.2966073547761,44021.578125,2964.67333984375,135.24029431326773,415.0488225356622,102.23555985091298,599.9384631634963,41914.75,2797.3193359375,131.8562994539406,408.1707060110163,100.00496439962866,623.6896107188113,43925.1953125,2950.15673828125,134.81456495195397,414.44664922565886,102.1519159782877,1020200.0,24967782593,13091199728,24604000.0,105501700.0,10841700.0
2022-03-04,568.4968872070312,39137.60546875,2617.156005859375,130.74713134765625,406.636962890625,97.64425659179688,582.9407709930682,42479.61328125,2835.17626953125,132.6750434625872,407.76604842308336,100.48826895322412,556.3582635738317,38805.84765625,2587.748291015625,129.19192148220066,402.6004124792588,96.48248880599739,577.4693322066098,42458.140625,2834.9873046875,131.75916874799498,406.2417642897953,99.44732246443537,2025300.0,28516271427,14496939024,30430000.0,113978200.0,22372100.0
2022-03-05,,39400.5859375,2664.8310546875,,,,,39566.3359375,2679.1025390625,,,,,38777.03515625,2596.989990234375,,,,,39148.44921875,2618.4736328125,,,,,16975917450,8072368396,,,
2022-03-06,,38419.984375,2555.037353515625,,,,,39640.17578125,2673.63720703125,,,,,38211.6484375,2555.037353515625,,,,,39404.19921875,2664.943603515625,,,,,19745229902,8872976607,,,
2022-03-07,549.3848876953125,38062.0390625,2497.771240234375,125.2677230834961,394.64971923828125,92.28153991699219,593.6444112587644,39430.2265625,2639.943115234375,130.57714191731998,406.75934432063025,96.74272397466024,548.8204975734824,37260.203125,2455.59375,125.18495329978524,394.58384800510765,92.06777152371795,590.5643486470676,38429.3046875,2555.297607421875,130.3323188037654,406.05365494553234,95.99919684381616,1607200.0,28546143503,14594098731,45112000.0,137896600.0,29422900.0
2022-03-08,548.1414184570312,38737.26953125,2576.74755859375,125.98735809326172,391.6575622558594,92.94140625,567.6933037723747,39304.44140625,2618.166015625,130.09642281399925,401.9700272063481,95.83188455164432,534.4914889734054,37957.38671875,2489.755126953125,124.56992628887089,390.5943191141427,91.65881739646197,549.1362678721314,38059.90234375,2497.721435546875,125.14036861156119,394.82845492231417,93.13658235222101,1441800.0,25776583476,13922922903,40428000.0,164772700.0,25650000.0
2022-03-09,594.3427734375,41982.92578125,2729.783447265625,132.24732971191406,402.158203125,97.5420150756836,599.7568204824444,42465.671875,2761.79638671875,132.56006261647792,404.13413881650297,98.2576679631226,569.1472219889224,38706.09375,2573.6552734375,128.75876292905036,397.8393882545467,95.50660284909473,582.682427176047,38742.81640625,2577.165283203125,130.0964043089668,400.02232727972273,97.13307765944302,1593200.0,32284121034,14173665398,37026000.0,116990800.0,14348400.0
2022-03-10,573.9969482421875,39437.4609375,2608.048583984375,131.2655487060547,400.3422546386719,96.62191009521484,582.1084733156043,42004.7265625,2729.116455078125,132.10064255507427,401.2361105228519,98.08109026738433,570.2759548421388,38832.94140625,2566.193115234375,129.76188368845354,395.6000145047704,95.28355122973053,573.4899487335105,41974.0703125,2729.116455078125,130.11227705245972,397.55711352812676,96.83567850490074,735500.0,31078064711,13292477213,27102000.0,93972700.0,11811000.0
2022-03-11,560.3947143554688,38794.97265625,2559.56298828125,128.72903442382812,395.25189208984375,94.25190734863281,588.2781662385819,40081.6796875,2664.55859375,132.61953964393146,403.4378710075181,97.92309098879481,559.4668890115021,38347.43359375,2534.688232421875,128.49213662745805,394.7437877372273,94.14967120859978,587.3216163747793,39439.96875,2608.271240234375,132.31523116771578,402.82627933719436,97.92309098879481,819000.0,26364890465,12382419582,31526000.0,95636300.0,18116400.0
2022-03-12,,38904.01171875,2574.754150390625,,,,,39308.59765625,2606.438720703125,,,,,38772.53515625,2559.126953125,,,,,38794.46484375,2559.66064453125,,,,,14616450657,6532996574,,,
2022-03-13,,37849.6640625,2518.944580078125,,,,,39209.3515625,2594.5498046875,,,,,37728.14453125,2503.88525390625,,,,,38884.7265625,2573.488037109375,,,,,17300745310,8632000379,,,
2022-03-14,552.4555053710938,39666.75390625,2590.696044921875,124.8439712524414,392.3631896972656,92.29082489013672,575.3648922244137,39742.5,2604.034423828125,129.26278859105312,399.46711605847577,94.67012276665548,552.2259426855808,37680.734375,2505.29931640625,124.17391792288964,391.2246858439781,92.07705652269934,573.499607829842,37846.31640625,2518.486328125,129.10518948279775,396.0233780795918,94.35411827881764,1621700.0,24322159070,11244398839,38812000.0,95729200.0,17959400.0
2022-03-15,570.7734375,39338.78515625,2620.149658203125,128.06243896484375,400.9914855957031,94.8838882446289,572.1986877606294,39794.62890625,2662.32958984375,128.71317811067638,401.62188528128036,94.9303617890022,558.4913089329481,38310.2109375,2515.765869140625,124.61550282436785,393.69936293232934,90.72941290339983,566.2011001490474,39664.25,2590.6689453125,125.85996865327388,394.9695806826798,91.11046902196509,1542500.0,23934000868,12861105614,30920000.0,106219100.0,13415600.0
2022-03-16,622.360107421875,41143.9296875,2772.0556640625,132.10903930664062,409.8831787109375,98.70352935791016,622.7140262377154,41465.453125,2781.30712890625,132.16106818044878,409.9396315604553,98.79691758856735,590.3348333265518,39022.34765625,2610.764404296875,127.60299096738325,399.7024270341616,96.01390271456512,594.4384116520181,39335.5703125,2620.028564453125,129.58392983893867,404.4917305799787,96.18200437977418,1815200.0,39616916192,17915109769,35576000.0,144954800.0,20347100.0
2022-03-17,625.6792602539062,40951.37890625,2814.8544921875,132.66265869140625,415.0111999511719,99.45065307617188,627.8793717094065,41287.53515625,2826.16064453125,132.90203693206857,415.0111999511719,99.48800979748508,611.684930680068,40662.87109375,2751.560791015625,131.02318923079633,407.5967527483876,97.82567488691137,615.1859359751676,41140.84375,2771.964111328125,131.97872086094247,407.9731146505722,98.75957154454298,854900.0,22009601093,12685265194,28264000.0,102676900.0,8042000.0
2022-03-18,650.320068359375,41801.15625,2945.343017578125,134.92904663085938,419.55670166015625,99.66543579101562,653.7062927213359,42195.74609375,2973.6162109375,135.0465048489617,419.8776045343294,99.9642823865258,619.2704927546249,40302.3984375,2774.855712890625,131.0960307543159,412.6666654946888,97.95640348306772,621.0305120583433,40944.83984375,2814.4345703125,132.2517827162383,413.40286121868064,98.72219832937907,1689800.0,34421564942,15830879093,44566000.0,106345500.0,10218200.0
2022-03-19,,42190.65234375,2946.257080078125,,,,,42316.5546875,2979.987060546875,,,,,41602.66796875,2910.80224609375,,,,,41794.6484375,2944.7216796875,,,,,19664853187,11576463120,,,
2022-03-20,,41247.82421875,2860.459228515625,,,,,42241.1640625,2956.965576171875,,,,,41004.7578125,2826.107421875,,,,,42191.40625,2946.547607421875,,,,,20127946682,12684727326,,,
2022-03-21,653.2374267578125,41077.99609375,2897.9765625,134.90528869628906,419.4340515136719,99.85221099853516,653.6966103824193,41454.41015625,2954.556640625,135.84545378656605,421.3877829881189,100.13238279555476,639.9318441473199,40668.04296875,2838.25048828125,132.91394338144454,415.9323761926658,98.18053542646504,648.7512056645621,41246.1328125,2860.103271484375,134.96674026176896,419.3868421211315,99.66543455056528,1293000.0,24615543271,15206116098,26832000.0,88349800.0,10366100.0
2022-03-22,658.8141479492188,42358.80859375,2973.131103515625,138.63865661621094,424.34197998046875,99.96429443359375,667.767440718103,43124.70703125,3040.3828125,139.81027445788428,425.27637447242336,100.82347760859572,655.5236140619573,40948.28125,2892.54443359375,134.90526665885673,420.8214384644653,99.2078404561535,658.1063103869122,41074.10546875,2897.774169921875,134.90526665885673,420.8214384644653,99.35726020938328,1111100.0,32004652376,16830539230,35496000.0,74650400.0,10401200.0
2022-03-23,636.4500732421875,42892.95703125,3031.067138671875,137.06016540527344,418.8771667480469,98.38597869873047,649.8513476466655,42893.5078125,3036.752197265625,138.36162868482575,423.3037890750717,101.03824802836188,634.7761107967523,41877.5078125,2933.306640625,136.62354624695533,418.79222440449075,98.38597869873047,639.7406074702558,42364.37890625,2973.14501953125,137.48341434965386,421.8125310374547,99.45996092243618,999100.0,25242943069,16008767658,25154000.0,79426100.0,12905300.0
2022-03-24,660.5359497070312,43960.93359375,3108.06201171875,140.32769775390625,425.19146728515625,100.7861099243164,660.5455245473792,44131.85546875,3118.3876953125,140.37428175630868,425.2009149244502,100.84214856011353,634.3839080255823,42726.1640625,3012.32666015625,136.53978312219112,419.78326986493045,98.83426963311932,637.2535577376553,42886.65234375,3031.060791015625,137.97653660408002,420.89699675804104,99.72146847001527,1176700.0,31042992291,18070503166,26396000.0,64736900.0,10834000.0
2022-03-25,657.4940795898438,44348.73046875,3106.67138671875,140.42779541015625,427.2679138183594,99.6747817993164,660.7367975376022,44999.4921875,3183.9580078125,140.78661319393285,427.5416361124458,100.84215248544365,643.0884414316254,43706.28515625,3087.49072265625,138.50930604145182,423.2471369609336,98.84360731573382,660.4594191038079,43964.546875,3108.448974609375,140.6686558555551,425.8238364518409,100.57132163125429,768600.0,30574413034,17030503831,24126000.0,77101300.0,7432100.0
2022-03-26,,44500.828125,3143.178955078125,,,,,44735.99609375,3146.825439453125,,,,,44166.2734375,3091.825439453125,,,,,44349.859375,3106.4052734375,,,,,16950455995,8876420740,,,
2022-03-27,,46820.4921875,3291.57763671875,,,,,46827.546875,3291.57763671875,,,,,44437.29296875,3129.997802734375,,,,,44505.35546875,3143.795654296875,,,,,28160889722,13431866834,,,
2022-03-28,664.6396484375,47128.00390625,3336.634521484375,140.2122344970703,430.30706787109375,99.30121612548828,664.8022455891311,48086.8359375,3424.019287109375,140.75442393883623,430.30706787109375,99.66543518890767,646.627795709716,46690.203125,3279.027099609375,138.58267148561245,424.7855856636152,97.69491301242597,650.5592021716689,46821.8515625,3292.322509765625,139.6621045995767,426.67326991890525,98.63815046836415,687100.0,36362175703,20620450770,35050000.0,68529800.0,8151200.0
2022-03-29,678.327880859375,47465.73046875,3401.98779296875,141.25296020507812,435.6303405761719,102.02821350097656,683.5697561755786,48022.2890625,3470.186279296875,142.52964906026023,436.12115693733773,102.5045028084482,667.3562220025901,47100.4375,3335.021240234375,140.79006955797232,431.5057549157547,99.73082849591675,679.150499847227,47100.4375,3335.021240234375,141.39372554579415,434.18626321308204,100.78612919181832,1076200.0,31397059069,19533323636,34318000.0,86581500.0,14076200.0
2022-03-30,654.8157958984375,47062.6640625,3385.157958984375,140.6909637451172,432.9404602050781,99.6747817993164,672.215440879949,47655.1484375,3435.2861328125,141.46608819585558,435.3000658769964,102.11224523689008,650.5687120156086,46746.2109375,3349.237060546875,140.3554379628545,430.8356815763662,99.46932341854757,669.5849286602125,47456.8984375,3401.526123046875,141.20787975036384,434.48834654789084,100.66470986113143,1031900.0,29333883962,15302506131,19884000.0,79666900.0,15456300.0
2022-03-31,638.908447265625,45538.67578125,3281.642822265625,137.84521484375,426.2768859863281,97.36805725097656,659.1585948231299,47512.02734375,3435.12841796875,140.85898818058075,432.9970375414447,100.06701773688654,638.4971377633844,45390.5390625,3272.9345703125,137.80259350469294,425.823831381212,97.30268477683936,654.7489132469444,47062.1484375,3385.289306640625,140.80446372092825,432.17589947274035,99.88957511062901,780700.0,33327427106,17685495686,37524000.0,121699900.0,13021600.0
2022-04-01,638.7169799804688,46281.64453125,3449.55224609375,138.918701171875,427.48504638671875,95.99523162841797,647.7659621164546,46616.2421875,3467.555908203125,139.23637991049796,427.9947004651948,98.94634115661646,633.0733711841033,44403.140625,3223.891357421875,137.0918971780122,423.9173238184881,95.45356989458107,645.9484941411703,45554.1640625,3282.576171875,138.27392102017845,427.85312988784034,98.77823948491071,739400.0,38162644287,20982988937,25942000.0,89048800.0,12085100.0
2022-04-02,,45868.94921875,3445.059326171875,,,,,47028.28125,3521.28466796875,,,,,45782.51171875,3442.000244140625,,,,,46285.5,3449.78857421875,,,,,29336594194,23571556215,,,
2022-04-03,,46453.56640625,3522.83349609375,,,,,47313.4765625,3573.960205078125,,,,,45634.10546875,3421.259765625,,,,,45859.12890625,3444.810546875,,,,,25414397610,15333808649,,,
2022-04-04,651.247802734375,46622.67578125,3521.2412109375,141.71490478515625,431.14703369140625,97.8630142211914,651.9269157126048,46791.08984375,3535.148193359375,142.44890540515198,431.25087129409127,98.59145234471404,640.8787774358415,45235.81640625,3422.0009765625,139.07729707607575,426.86201155519603,96.45282852369272,643.2701518846285,46445.2734375,3522.364990234375,139.12487931284696,427.68314952394616,97.14390993253922,731200.0,32499785455,18209969743,25942000.0,59601000.0,9077200.0
2022-04-05,618.371337890625,45555.9921875,3411.79248046875,139.3553009033203,425.7010803222656,95.72440338134766,645.8147598978223,47106.140625,3546.706787109375,141.73370131663094,432.11919476582733,97.68558485487918,617.7304073507224,45544.80859375,3410.547607421875,139.14863735319742,424.55903950236103,95.36018427019461,644.7338537203987,46624.5078125,3521.23974609375,141.61327865957014,429.65578083151576,97.57352182071871,1251500.0,29640604055,16681503199,21418000.0,74214500.0,12291000.0
2022-04-06,601.2011108398438,43206.73828125,3171.69189453125,135.34783935546875,421.4443664550781,94.49166870117188,611.5318367746794,45544.35546875,3411.672119140625,138.13561937873442,423.71902938512,95.3882086811068,590.5738568088943,43193.953125,3171.205078125,134.3258953417317,418.5656595556562,93.12818036970418,598.8862767223379,45544.35546875,3411.672119140625,137.53048114777272,421.793612229182,93.78190521182349,1110700.0,39393395788,25632563639,32468000.0,106898000.0,14902600.0
2022-04-07,598.1306762695312,43503.84765625,3233.274658203125,134.6941375732422,423.56805419921875,93.87528991699219,604.6352042986915,43860.69921875,3263.474609375,135.9589233791473,425.38024389891154,94.53836282122204,586.1547105117734,42899.90625,3155.5810546875,133.04772597265375,418.6223302828864,93.06280437600726,597.3941725034053,43207.5,3172.197265625,134.81456023404073,420.56664291276263,93.78190167522067,713500.0,26101973106,16745496605,26234000.0,78097200.0,12431000.0
2022-04-08,584.3850708007812,42287.6640625,3192.073974609375,132.11599731445312,422.4353942871094,92.72660064697266,595.3662458608545,43903.01953125,3301.607421875,134.4775488545769,425.3235486630253,94.04339123851065,583.4954863276073,42183.2890625,3179.142333984375,131.7968213100517,420.8969271331609,92.56783992406845,594.4192707243525,43505.13671875,3233.2724609375,134.39180707525873,422.8129253472982,93.96868492042202,840800.0,27215995394,17557050669,25142000.0,79272700.0,11796200.0
2022-04-09,,42782.13671875,3261.916259765625,,,,,42786.81640625,3261.963134765625,,,,,42183.25390625,3187.46923828125,,,,,42282.078125,3191.97607421875,,,,,16050772496,9908112156,,,
2022-04-10,,42207.671875,3211.866943359375,,,,,43376.37890625,3303.003173828125,,,,,42021.20703125,3211.866943359375,,,,,42781.08984375,3261.29150390625,,,,,17654475582,10427054790,,,
2022-04-11,571.76806640625,39521.90234375,2981.05224609375,127.69124603271484,415.21502685546875,91.12030029296875,584.0980073034543,42424.58984375,3214.4619140625,130.93151135411028,420.0097320215141,91.87675433628621,571.1845850419493,39373.05859375,2962.756591796875,127.53760956872993,414.7147916975716,90.50393217898653,580.6639678430979,42201.0390625,3209.576904296875,130.66487843192186,419.16969873165914,91.72733457004394,859600.0,33949912166,21891804831,36884000.0,89770500.0,12480500.0
2022-04-12,568.1904907226562,40127.18359375,3030.37646484375,126.59198760986328,413.6766052246094,90.9989013671875,595.4521556815716,40617.5859375,3077.45263671875,130.44334266181815,420.71765996000386,93.52976069820393,566.2773914272938,39388.328125,2957.872314453125,125.67462307577014,412.12869019333453,90.9989013671875,586.4318995099163,39533.71484375,2981.420654296875,130.44334266181815,418.19758861647455,93.38967476104901,1067900.0,30991500854,20235707410,32710000.0,84363600.0,13291500.0
2022-04-13,586.1356201171875,41166.73046875,3118.34423828125,128.7523193359375,418.4146423339844,94.79049682617188,590.3922795318496,41430.0546875,3123.575439453125,129.18845446203287,419.16970449840653,95.4629034609098,570.5055665545782,39712.74609375,3006.481689453125,126.61824282890016,413.25182485427155,92.92270378526209,575.2787419801789,40123.5703125,3029.8779296875,126.87496906105243,413.4311571589825,93.20287559142456,934200.0,27691105228,16088473629,27928000.0,74070400.0,15776800.0
2022-04-14,571.892578125,39935.515625,3019.909423828125,125.61614990234375,413.2047119140625,91.85806274414062,589.7226852062113,41451.48046875,3139.9287109375,129.3326989063027,419.754979516138,97.59218683608329,570.1038341883857,39695.74609375,2988.435302734375,125.48827832283405,413.10087428728497,91.83004698840861,587.8191599333679,41160.21875,3117.82177734375,129.3326989063027,418.6412237561914,97.12523857370968,814200.0,24342001973,15821419931,31598000.0,97869500.0,17828500.0
2022-04-15,,40553.46484375,3040.91650390625,,,,,40617.72265625,3044.287353515625,,,,,39866.83203125,3001.123291015625,,,,,39939.40234375,3020.134521484375,,,,,21756855753,11256651536,,,
2022-04-16,,40424.484375,3062.310302734375,,,,,40633.6796875,3074.886962890625,,,,,40078.42578125,3016.421142578125,,,,,40552.31640625,3041.123291015625,,,,,16833150693,8766710365,,,
2022-04-17,,39716.953125,2993.4033203125,,,,,40570.7265625,3075.77587890625,,,,,39620.89453125,2989.0439453125,,,,,40417.77734375,3061.8818359375,,,,,19087633042,10463091281,,,
2022-04-18,579.2673950195312,40826.21484375,3057.606689453125,126.5543212890625,413.37457275390625,92.24095916748047,587.1875963314227,40986.3203125,3062.52099609375,127.0856057890182,415.05461073103595,93.24022819161712,569.8836446140559,38696.19140625,2893.912841796875,125.07295756823771,411.1470901663332,91.02689792674293,571.1079978947943,39721.203125,2993.48388671875,125.8837687708988,412.2797123367979,91.47516428099318,576800.0,33705182072,18629381299,20808000.0,66002500.0,10277400.0
2022-04-19,590.3349609375,41502.75,3104.1064453125,128.86630249023438,420.0475158691406,92.87602233886719,592.2193367490079,41672.9609375,3125.084228515625,129.187444684176,420.76481631207815,92.87602233886719,570.1039014829421,40618.6328125,3035.53515625,125.8832479970726,413.10082271070314,91.25104410433647,571.5674512673912,40828.17578125,3057.5703125,126.5691670682094,413.2707073837323,91.9327918184294,1230800.0,25303206547,14156035096,26490000.0,77821000.0,10103000.0
2022-04-20,606.3665771484375,41374.37890625,3077.745849609375,126.91462707519531,419.7360534667969,92.465087890625,624.1966829350722,42126.30078125,3157.8857421875,130.24411294023668,422.4354571159878,94.32353979856887,601.6603675552022,40961.09765625,3045.288330078125,126.37937988583079,418.5751460041488,92.36235871291844,622.4844794746546,41501.74609375,3103.93505859375,129.7415653022414,421.8219654514646,93.76320336339224,1857900.0,27819532341,15547362265,31696000.0,65224400.0,8596900.0
2022-04-21,593.0418090820312,40527.36328125,2987.480712890625,123.71747589111328,413.45947265625,91.204345703125,620.6191600118143,42893.58203125,3173.451416015625,128.9550302257485,424.7383973991878,93.99669455212106,590.8991465723233,40063.828125,2962.410400390625,123.43200519213937,412.55339229515056,90.97087155228768,617.0320977612298,41371.515625,3077.829345703125,128.11399236207833,423.3509483444846,93.15618618409356,940700.0,35372786395,20783591093,36446000.0,85417300.0,13038500.0
2022-04-22,581.209228515625,39740.3203125,2964.835693359375,118.58399200439453,402.11456298828125,89.35523223876953,593.8930886097434,40777.7578125,3024.8544921875,124.2998111661898,413.4784030168014,91.32575475089907,581.0752975273905,39315.41796875,2942.358642578125,117.87974172587664,401.54825187367607,89.05638559416091,588.3546861089225,40525.86328125,2986.938720703125,123.9013440203295,412.37412370691203,90.61599129805383,1093400.0,28011716745,16782795477,56884000.0,132471800.0,11650100.0
2022-04-23,,39486.73046875,2938.114013671875,,,,,39935.859375,2975.32275390625,,,,,39352.203125,2926.740234375,,,,,39738.72265625,2964.80224609375,,,,,16138021249,9116955609,,,
2022-04-24,,39469.29296875,2922.732666015625,,,,,39845.92578125,2961.882080078125,,,,,39233.5390625,2922.128662109375,,,,,39478.375,2937.34716796875,,,,,17964398167,9696829579,,,
2022-04-25,573.7577514648438,40458.30859375,3009.3935546875,121.99226379394531,404.44580078125,89.87821960449219,574.3029918980884,40491.75390625,3018.41552734375,122.19397402288331,404.6156854519276,89.91557632882666,558.3094476724259,38338.37890625,2804.507080078125,117.46937340165847,395.31883470061024,88.20654359712421,566.9757871809811,39472.60546875,2922.990234375,118.05418408752932,399.87760832355883,88.76688733707472,2074700.0,35445730570,22332690614,46128000.0,119647700.0,10654400.0
2022-04-26,536.0794067382812,38117.4609375,2808.29833984375,117.6071548461914,392.7326965332031,86.6375732421875,561.9540772552846,40713.890625,3026.4150390625,121.43322887611035,402.1144891433886,88.73884032043193,535.5724655055756,37884.984375,2786.253173828125,117.46937661496328,392.7043824228615,86.6375732421875,559.7253573868858,40448.421875,3008.9462890625,121.21962308439458,401.9162615672227,88.66413401714352,1803100.0,34569088416,19052045399,73054000.0,103996300.0,14176000.0
2022-04-27,532.6835327148438,39241.12109375,2888.9296875,113.2899398803711,393.8370056152344,84.29351806640625,542.7273070368951,39397.91796875,2911.87744140625,116.2115281359682,399.169736833569,86.56288733050786,520.3631648758067,37997.3125,2802.2734375,111.74563485499026,391.70394193167726,84.25616134342958,528.1016795420604,38120.30078125,2808.64599609375,113.46339722510035,393.80869150273776,85.76906943611975,1904400.0,30981015184,17419284041,91820000.0,122030000.0,15846300.0
2022-04-28,564.8809204101562,39773.828125,2936.94091796875,117.48077392578125,403.78515625,88.92564392089844,569.587187649794,40269.46484375,2973.135009765625,118.59786733984906,405.5124037214935,89.84085868664025,540.0680152729112,38941.421875,2861.821533203125,113.11201138291597,394.1485348093446,85.71303702875525,549.9683411277875,39241.4296875,2888.849853515625,115.39179910794181,398.57515732733924,86.0679223308344,1513500.0,33903704907,18443524633,48884000.0,105449100.0,15176200.0
2022-04-29,539.2740478515625,38609.82421875,2815.601806640625,113.10655975341797,388.8630065917969,86.78700256347656,563.3121466971728,39887.26953125,2943.44580078125,116.88356939125211,401.95409397695,89.27116356371282,538.0209700687356,38235.53515625,2782.435302734375,112.81415439821426,388.11736315002133,86.63757570252692,551.403091149541,39768.6171875,2936.776611328125,115.70848796251151,399.8021348013602,87.02047668991172,1225300.0,30882994649,18771041399,42676000.0,145491100.0,10629300.0
2022-04-30,,37714.875,2730.186767578125,,,,,38771.2109375,2836.82763671875,,,,,37697.94140625,2727.40625,,,,,38605.859375,2815.533447265625,,,,,23895713731,13520941867,,,
2022-05-01,,38469.09375,2827.756103515625,,,,,38627.859375,2838.704345703125,,,,,37585.7890625,2728.078857421875,,,,,37713.265625,2729.994140625,,,,,27002760110,15332730152,,,
2022-05-02,546.276123046875,38529.328125,2857.410400390625,115.55831909179688,391.20367431640625,87.56214141845703,546.6874325091636,39074.97265625,2874.14599609375,115.71938932068893,392.5628092111438,88.03842352290197,529.4886251353806,38156.5625,2785.52294921875,111.61032511577044,382.2749075321882,85.20871815210799,534.4626964282984,38472.1875,2827.614013671875,112.4082500446914,388.92901145512707,86.38542978528251,1146700.0,32922642426,18609741545,35534000.0,158312500.0,8251900.0
2022-05-03,549.635498046875,37750.453125,2783.476318359375,116.302734375,392.9970397949219,87.44073486328125,554.2199768648028,38629.99609375,2859.193359375,117.4009976989236,395.4038260055901,87.83297684481495,542.257995403792,37585.62109375,2762.11865234375,115.01465634984467,390.14661777180356,86.39477524603276,545.7348583078947,38528.109375,2857.15234375,115.40717197744355,391.7039805238848,86.64692418945788,825300.0,27326943244,13026093219,24968000.0,100028200.0,9511900.0
2022-05-04,570.7857666015625,39698.37109375,2940.644775390625,121.18640899658203,404.9649353027344,89.64472198486328,572.3363819842481,39902.94921875,2956.686767578125,121.77469077330238,405.53124638806986,89.71943541399948,543.8375196985506,37732.05859375,2779.273681640625,114.10420454212863,390.4769516548114,85.84376355960316,557.725808768326,37748.01171875,2783.131103515625,116.00287299219873,393.65769528593023,87.70222270277579,1112800.0,36754404490,18186749944,49916000.0,144247900.0,9082500.0
2022-05-05,543.3656616210938,36575.140625,2749.213134765625,115.48149871826172,390.5713195800781,86.0585708618164,563.0134151326428,39789.28125,2948.960693359375,119.97515308141593,401.1329155913623,88.14115623525315,537.509909907326,35856.515625,2704.916259765625,113.99468267182898,386.4467339742489,85.19004676155359,560.84638608877,39695.74609375,2940.2265625,119.1474930563822,400.7081751004019,87.82363481959803,1231800.0,43106256317,22642925048,45840000.0,172929100.0,11517200.0
2022-05-06,530.6812133789062,36040.921875,2694.979736328125,114.72917175292969,388.24005126953125,85.57292175292969,540.9673685006148,36624.359375,2754.837646484375,116.5381358862753,391.50573725161655,86.74029221454096,524.9506150165712,35482.1328125,2645.335205078125,113.01339074570949,382.9451102963641,84.30282212069152,534.6782006594993,36573.18359375,2748.931640625,114.17211482737774,388.01353835630266,85.35812957802898,1214600.0,37795577489,21027599270,39710000.0,151770800.0,7944900.0
2022-05-07,,35501.953125,2636.093017578125,,,,,36129.92578125,2696.65283203125,,,,,34940.82421875,2599.5234375,,,,,36042.50390625,2694.991943359375,,,,,24375896406,13369276367,,,
2022-05-08,,34059.265625,2517.4599609375,,,,,35502.94140625,2638.83056640625,,,,,33878.96484375,2498.43017578125,,,,,35502.94140625,2636.121826171875,,,,,36763041910,20802269935,,,
2022-05-09,493.7550048828125,30296.953125,2245.430419921875,111.52210235595703,375.8096008300781,81.52916717529297,516.0417029755979,34222.07421875,2528.258056640625,114.06555074428341,383.5868500864093,84.2281274861586,491.5398319739895,30296.953125,2238.062744140625,111.01609125808115,374.2333719366594,81.25833633569954,510.6578740334366,34060.015625,2518.50830078125,112.25460544901141,382.3504193081462,83.99465336151579,1714700.0,63355494961,36333567678,40802000.0,155586100.0,11428600.0
2022-05-10,504.07000732421875,31022.90625,2343.510986328125,113.38954162597656,376.677978515625,82.94869232177734,510.8503764873591,32596.30859375,2450.76025390625,115.22824075207245,383.2754262479383,84.3215214074303,493.4371436579393,29944.802734375,2206.7568359375,111.90817806145773,372.6477827083813,82.26694469673566,509.6850345221762,30273.654296875,2242.650390625,114.4922665247754,381.7747206128694,84.06936534574508,1232900.0,59811038817,38202099639,39900000.0,132497200.0,11690400.0
2022-05-11,502.0765075683594,28936.35546875,2072.108642578125,112.60401916503906,370.69403076171875,82.02412414550781,524.112788431024,32013.40234375,2441.079345703125,115.34174426145016,381.35001745771194,84.58299833713733,501.2770982235498,28170.4140625,2018.8555908203125,112.24123869560488,369.94838734516037,81.99610839296355,511.6885246429857,31016.18359375,2342.754150390625,112.24123869560488,375.7152782695393,82.99537727573939,1302800.0,70388855818,45743399154,37534000.0,142361000.0,11531300.0
2022-05-12,503.0972900390625,29047.751953125,1961.7015380859375,111.85218048095703,370.3070373535156,81.89338684082031,509.5405900486545,30032.439453125,2170.4580078125,113.29042361789074,373.5727232304534,82.37900988861324,490.75967759197187,26350.490234375,1748.3031005859375,108.85921908657511,363.5208097766853,79.74542202831472,495.7197882417301,28936.734375,2072.504638671875,110.3985706744424,367.5038249274551,80.52055783783382,1134800.0,66989173272,42463486402,53836000.0,125090800.0,11592900.0
2022-05-13,528.1000366210938,29283.103515625,2014.418212890625,115.03050231933594,379.1602478027344,84.94723510742188,530.960486023146,30924.802734375,2139.71337890625,116.83896736441086,380.5382491972758,85.32079517782829,518.3628693408892,28782.330078125,1941.9759521484375,112.60650078179894,373.39335762056186,82.3323288647084,520.6261867037708,29030.91015625,1960.12255859375,113.52633818857002,374.4315896864937,82.99539460527357,946800.0,42841124537,24816096567,35038000.0,104174400.0,11180600.0
2022-05-14,,30101.265625,2056.27392578125,,,,,30192.802734375,2063.429931640625,,,,,28702.91015625,1956.572998046875,,,,,29285.642578125,2014.2806396484375,,,,,28579868620,15457044616,,,
2022-05-15,,31305.11328125,2145.706787109375,,,,,31308.19140625,2147.1943359375,,,,,29527.740234375,2008.1627197265625,,,,,30098.5859375,2056.18310546875,,,,,25835372065,14846088335,,,
2022-05-16,515.2230224609375,29862.91796875,2022.7259521484375,113.4391098022461,377.621826171875,84.43360137939453,521.0306276618958,31305.341796875,2145.8369140625,115.14894677053942,381.2839385536254,85.33014132784848,508.5293011528964,29251.884765625,1988.811767578125,112.88849600182488,375.27166828724563,83.58375198941455,513.5857004541325,31304.375,2145.8369140625,113.94512093552153,377.5180173546355,83.92929632243928,757800.0,32613897286,21459552191,25990000.0,78622400.0,6729100.0
2022-05-17,540.9193115234375,30425.857421875,2090.4091796875,115.44928741455078,385.3895568847656,87.15122985839844,542.6047784446066,30694.490234375,2113.059814453125,115.87253633398905,385.62551737529503,87.3099905693469,528.6105591626063,29570.302734375,2015.9715576171875,113.86037975364924,379.9718844356464,86.26403094421302,536.4118984683844,29862.408203125,2022.88232421875,115.81355766184248,383.70007170751927,87.13255506154914,895800.0,29101473475,18509929297,23054000.0,83029700.0,7668800.0
2022-05-18,508.8182373046875,28720.271484375,1916.6561279296875,110.91596984863281,369.85394287109375,84.545654296875,532.4436898056622,30618.716796875,2102.32666015625,114.38570610384942,381.123419587076,87.06717927974131,507.4409774722781,28720.271484375,1916.6561279296875,110.5749916437423,368.61751205317614,84.39623455255624,527.0020174045295,30424.478515625,2090.4599609375,113.98922034669788,380.8402784851767,85.98385585190276,1037900.0,31285268319,17740965589,35126000.0,117674500.0,9610900.0
2022-05-19,506.6030578613281,30314.333984375,2018.336181640625,109.41380310058594,367.5887756347656,84.2468032836914,517.2455628142717,30430.751953125,2028.38818359375,112.01672181932308,372.005979027499,86.01186711699118,503.0587697577957,28708.955078125,1907.0205078125,109.03317553495751,365.3707407010665,83.63976912738306,504.4553108566898,28720.359375,1916.1495361328125,110.45209689987173,366.79595164216687,83.90125901008452,905500.0,33773447707,18734247914,34144000.0,98510700.0,7739000.0
2022-05-20,513.1908569335938,29200.740234375,1961.315673828125,107.95077514648438,367.749267578125,84.77912139892578,522.3886764894966,30664.9765625,2054.7958984375,111.19749090818948,374.7336946022532,86.88972944084846,495.20929517325385,28793.60546875,1926.6767578125,104.86662695851531,359.1697448163897,82.95802611113578,521.4736972198255,30311.119140625,2018.0001220703125,110.96702866649967,371.1659719805041,86.88972944084846,1205700.0,30749382605,15892482289,48962000.0,131432200.0,10469900.0
2022-05-21,,29432.2265625,1974.518310546875,,,,,29588.869140625,1985.39599609375,,,,,29027.39453125,1944.26513671875,,,,,29199.859375,1961.0179443359375,,,,,17274840442,8546822406,,,
2022-05-22,,30323.72265625,2043.170166015625,,,,,30425.861328125,2047.19140625,,,,,29275.18359375,1966.038818359375,,,,,29432.47265625,1974.670654296875,,,,,21631532270,10941123403,,,
2022-05-23,534.1581420898438,29098.91015625,1972.181884765625,110.50810241699219,374.62982177734375,85.45152282714844,537.2497910292236,30590.5859375,2080.33349609375,111.16180602376643,375.39433157969796,85.83442378115886,525.5959563499841,28975.560546875,1964.3865966796875,107.7852448693059,368.457086332618,84.65771229147194,528.9861713525875,30309.396484375,2042.3447265625,108.62430893865206,370.7694822124612,85.00324940843676,977000.0,31483454557,16434529708,37184000.0,76414900.0,6920500.0
2022-05-24,526.2797241210938,29655.5859375,1978.9827880859375,105.03860473632812,371.77001953125,82.85531616210938,536.9896559347629,29774.35546875,1991.5355224609375,105.5228136697581,372.95924112163084,83.86392630566753,522.6198654856735,28786.58984375,1920.6881103515625,100.98901060230938,365.22917116715337,82.6685325475247,535.0826896466273,29101.125,1972.390869140625,104.8423469431348,370.5146932699092,83.60242924524898,1085500.0,26616506245,13057109007,76780000.0,91448800.0,8788600.0
2022-05-25,527.8689575195312,29562.361328125,1944.827880859375,104.87505340576172,375.0545654296875,84.43360137939453,531.5095352518941,30157.78515625,2014.3695068359375,105.56394457254443,377.01777330975807,84.90988355118603,518.1895741923905,29384.94921875,1943.9385986328125,102.94367769195411,369.8823286767236,83.154160376097,521.714581760832,29653.134765625,1978.677001953125,104.0627524475445,370.278726265349,83.42499126548405,832600.0,27525063551,13364545730,40258000.0,91472900.0,9113500.0
2022-05-26,539.4168090820312,29267.224609375,1803.913330078125,106.84508514404297,382.5486755371094,84.98458862304688,541.7379118131116,29834.16015625,1962.171142578125,107.69454740943145,384.18153289436907,85.33013292203228,521.3870991276962,28261.90625,1759.1995849609375,104.3001467738534,376.073931942696,83.15415218463527,522.3984262490209,29564.77734375,1945.0333251953125,104.74817746889774,376.2815783765453,83.49969648362067,933800.0,36774325352,23458681818,37948000.0,82168300.0,9762700.0
2022-05-27,561.8672485351562,28627.57421875,1724.9228515625,111.32933044433594,391.9399108886719,87.57148742675781,562.3295292151074,29346.943359375,1814.656494140625,111.33082022503682,392.0531673410909,87.61818511018609,551.0031822809412,28326.61328125,1721.2647705078125,108.17926099453373,384.80446634850006,86.413457553411,551.5136661854042,29251.140625,1802.5438232421875,108.52073839325661,385.0026651402334,86.4975119585687,843900.0,36582005748,25470760032,37914000.0,84768700.0,6279000.0
2022-05-28,,28814.900390625,1757.9417724609375,,,,,28814.900390625,1757.9417724609375,,,,,28554.56640625,1724.635986328125,,,,,28622.625,1724.635986328125,,,,,35519577634,23214777872,,,
2022-05-29,,29445.95703125,1812.031005859375,,,,,29498.009765625,1818.776611328125,,,,,28841.107421875,1765.9373779296875,,,,,29019.8671875,1792.1844482421875,,,,,18093886409,10642556101,,,
2022-05-30,,31726.390625,1996.4412841796875,,,,,31949.630859375,2005.2108154296875,,,,,29303.572265625,1804.4560546875,,,,,29443.365234375,1811.885986328125,,,,,39277993274,19580808705,,,
2022-05-31,555.03857421875,31792.310546875,1942.3280029296875,112.76210021972656,389.7408142089844,89.00035095214844,563.2444075201172,32249.86328125,2005.490966796875,114.71775829120182,393.07257654836985,89.92490661317515,551.7254261107041,31286.154296875,1932.35205078125,111.093395012744,387.00367715799683,88.26257176554897,563.0325485080095,31723.865234375,1996.4080810546875,111.75552296118306,390.32599185668306,89.2244841464743,822300.0,33538210634,18363115560,50012000.0,95937000.0,9621700.0
2022-06-01,542.874267578125,29799.080078125,1823.5693359375,112.8909683227539,386.5882873535156,88.48670196533203,558.3709534537339,31957.28515625,1965.1666259765625,116.07226223773644,392.86483164009155,89.99027604630493,536.4598897347646,29501.587890625,1776.05322265625,112.25461274183665,384.0776638781302,87.62751881193768,556.1461401044148,31792.5546875,1942.0506591796875,113.84550925646737,391.8549424707136,89.28051264238259,542100.0,41135817341,21037797760,36606000.0,86585800.0,6152400.0
2022-06-02,559.1318969726562,30467.48828125,1834.1505126953125,116.58866882324219,393.9503479003906,89.97158813476562,559.883161789832,30604.734375,1845.31396484375,116.86323458869028,393.99752849345634,89.999611015675,542.0653706204064,29652.705078125,1789.6641845703125,111.95377304234565,384.18157442197986,87.43139556232549,543.6063452618342,29794.890625,1822.412109375,112.99801076939922,386.42792368449955,87.77693271782542,669200.0,29083562061,17065041354,37992000.0,79609600.0,6335000.0
2022-06-03,542.86474609375,29704.390625,1775.07861328125,113.53427124023438,387.4849853515625,87.57148742675781,548.8360665460332,30633.03515625,1840.058837890625,115.29912428517936,390.78843305581245,88.32794857291239,540.2065150359409,29375.689453125,1746.509765625,112.5207591526129,386.5128290364629,86.75900188560834,546.245261207448,30467.806640625,1834.135009765625,115.04239803816901,389.2405180200075,88.12249016593377,531000.0,26175547452,14878001811,26136000.0,71874300.0,9137100.0
2022-06-04,,29832.9140625,1801.6094970703125,,,,,29930.564453125,1810.2996826171875,,,,,29500.005859375,1751.5333251953125,,,,,29706.138671875,1775.2208251953125,,,,,16588370958,8677951273,,,
2022-06-05,,29906.662109375,1805.2049560546875,,,,,30117.744140625,1825.859619140625,,,,,29574.44921875,1777.13330078125,,,,,29835.1171875,1801.8189697265625,,,,,17264085441,8850385937,,,
2022-06-06,550.608154296875,31370.671875,1859.2896728515625,115.79373931884766,388.6647033691406,86.95511627197266,561.9441383134994,31693.291015625,1915.030517578125,118.2980302082557,393.21399989631647,89.22448538047202,548.4314854721106,29894.1875,1804.990234375,115.14300770312117,387.4943197082246,86.73098307454698,558.2360770410214,29910.283203125,1805.635986328125,115.6787539707655,391.48678171831267,88.72018034246484,483300.0,31947336829,16518471852,33542000.0,57508900.0,9440200.0
2022-06-07,555.7319946289062,31155.478515625,1814.04833984375,116.11983489990234,392.3929138183594,87.6368637084961,556.7047589348035,31489.68359375,1862.9149169921875,116.65657936123159,392.8459684053957,87.65554563270392,542.3734741153736,29311.68359375,1729.41357421875,114.0407744070312,384.7194727728496,85.70369780684005,543.8951671793365,31371.7421875,1859.333740234375,114.46550552636866,385.1819749982957,86.54420626953103,479000.0,40770974039,24020076750,31590000.0,59272400.0,7360200.0
2022-06-08,546.5149536132812,30214.35546875,1793.572265625,116.16395568847656,388.1267395019531,87.29132080078125,556.6373938269121,31253.69140625,1830.676025390625,117.52836028330441,392.46841881070924,88.65480905141926,541.7764011313387,29944.404296875,1770.231201171875,115.57517473426661,387.333915614858,86.98313319702352,552.4477701627986,31151.48046875,1814.1007080078125,115.73525430628604,390.6845434619145,87.78628488405312,605700.0,30242059107,18041476023,26108000.0,64350000.0,6446300.0
2022-06-09,522.4080200195312,30111.998046875,1789.8260498046875,113.82617950439453,378.89599609375,84.8445053100586,543.8183047524656,30609.310546875,1827.2930908203125,117.25923874880715,388.6175587452947,87.31933274330443,522.3502349356596,30020.265625,1779.8675537109375,113.76720083398786,378.89599609375,84.79781475475399,538.7811266732424,30215.279296875,1793.5128173828125,115.3050626696795,386.3523433395128,86.8523844398643,658600.0,21692004719,12013083393,25798000.0,86289800.0,8086700.0
2022-06-10,502.2980041503906,29083.8046875,1665.042236328125,110.18446350097656,367.9096984863281,82.81794738769531,515.4542499307083,30245.80859375,1797.6077880859375,112.28335238911357,373.55388552538324,84.72309722882734,500.24654566983156,28978.146484375,1663.4339599609375,109.39595372206405,367.86251789521714,82.7712497095779,512.4396676108038,30110.330078125,1789.68994140625,111.45668305650874,372.7044332589276,84.55499556269612,928900.0,29867476527,18504740451,41452000.0,132893900.0,10460400.0
2022-06-11,,28360.810546875,1529.6634521484375,,,,,29401.916015625,1679.314208984375,,,,,28236.212890625,1507.0389404296875,,,,,29084.666015625,1665.2178955078125,,,,,27246574439,21127089064,,,
2022-06-12,,26762.6484375,1445.216552734375,,,,,28502.685546875,1539.705078125,,,,,26762.6484375,1436.1839599609375,,,,,28373.513671875,1530.189697265625,,,,,34163220274,23465074882,,,
2022-06-13,475.3785705566406,22487.388671875,1204.582763671875,105.45738983154297,353.9408264160156,79.89485168457031,483.96964666989703,26795.58984375,1448.738037109375,107.83529887701552,360.3683895194282,81.09023811332922,473.49085638352585,22141.2578125,1181.9482421875,105.18629514776413,352.3362831480851,79.39988053432204,479.68373455942213,26737.578125,1443.83544921875,105.84792407779678,358.5184668650851,80.37113378895495,1395100.0,68204556440,45162788786,47252000.0,170004900.0,14603700.0
2022-06-14,473.0574645996094,22206.79296875,1211.662841796875,105.77754974365234,352.8742980957031,81.42645263671875,480.2327182856627,23018.951171875,1252.4718017578125,106.97592316690826,356.7157429736958,82.07083649159489,466.5852723796749,20950.818359375,1094.701904296875,104.87009945591228,349.77849666174114,80.58594421180842,475.58084390517934,22487.986328125,1204.5552978515625,105.5986399557648,355.68695837561785,81.00619486173053,965400.0,50913575242,33327826525,33706000.0,104011800.0,10449600.0
2022-06-15,486.6954040527344,22572.83984375,1233.2064208984375,108.79975891113281,357.9049072265625,83.23818969726562,493.3120901608459,22642.671875,1236.6275634765625,110.44417420422363,362.3409474596305,83.87323958103805,475.7832228261562,20178.376953125,1025.6842041015625,106.72317112084933,351.2224895627162,81.59453704226078,480.9648342876238,22196.73046875,1211.365966796875,107.59097210374202,356.1682125540914,81.72528197788469,841700.0,54912007015,37539999450,39698000.0,125666800.0,11742500.0
2022-06-16,450.88641357421875,20381.650390625,1067.730712890625,105.1015396118164,346.0597229003906,79.34870147705078,466.2000765397319,22868.921875,1246.140625,107.69355345483342,350.10881384000515,80.6724350798661,448.334141312001,20265.2265625,1058.7845458984375,104.21391025532901,343.63404163139757,78.8511302916279,462.06829648573296,22576.3046875,1233.603515625,106.27860230897124,349.702968623294,80.00587677839435,1223100.0,31183975654,18907671369,51684000.0,134473300.0,10505200.0
2022-06-17,455.8945617675781,20471.482421875,1086.519287109375,106.20178985595703,346.80572509765625,79.79932403564453,460.97021255648394,21243.3125,1112.4715576171875,107.7441135350495,350.142419392661,80.3626119492596,444.8186403717292,20326.51953125,1060.86767578125,104.12272168588028,343.30792965713135,78.81356481487232,450.2602828312498,20385.71875,1067.9876708984375,105.10154532268795,346.47397650063243,79.79932403564453,1328700.0,27132421514,14591486540,51376000.0,111113900.0,9735500.0
2022-06-18,,19017.642578125,993.6367797851562,,,,,20736.041015625,1095.1668701171875,,,,,17708.623046875,896.1090087890625,,,,,20473.42578125,1086.3779296875,,,,,42009436760,21655406608,,,
2022-06-19,,20553.271484375,1127.656494140625,,,,,20683.822265625,1142.3408203125,,,,,18067.15234375,943.1163330078125,,,,,19010.90234375,993.400634765625,,,,,35329942625,21795481981,,,
2022-06-20,,20599.537109375,1127.6424560546875,,,,,20913.322265625,1159.9853515625,,,,,19689.169921875,1066.1131591796875,,,,,20553.37109375,1127.65625,,,,,30818458597,19739691429,,,
2022-06-21,476.1202087402344,20710.59765625,1124.8245849609375,110.56361389160156,355.5361022949219,81.63002014160156,479.4815010602026,21620.62890625,1185.4324951171875,111.50080688982577,356.92005638665404,82.38107554724127,470.45703666046694,20415.0625,1112.5726318359375,107.64548911545747,352.44587608946637,80.7381481146752,470.9482391547946,20594.294921875,1127.5118408203125,107.97209137326078,352.521725834006,80.7381481146752,1081400.0,28970212744,15632089439,47416000.0,76811900.0,9604000.0
2022-06-22,467.59661865234375,19987.029296875,1051.421875,110.50761413574219,354.8915100097656,79.71482849121094,478.3258322081562,20835.75,1126.26171875,112.35026855081978,358.99598772773135,80.90712103885134,464.6494620890423,19848.078125,1049.7633056640625,109.4123229035937,350.90074904768903,79.3768543341834,468.5019574023469,20719.4140625,1125.3729248046875,109.58479714760662,351.3178358414842,79.46134429214332,845800.0,28574793478,15010593493,30774000.0,90059400.0,7868700.0
2022-06-23,467.59661865234375,21085.876953125,1143.38671875,111.25546264648438,358.37042236328125,78.9731674194336,469.4361886915115,21135.76171875,1146.4942626953125,111.75156708607098,359.1003099203532,79.07643770395444,458.5047273615684,19950.1171875,1050.2196044921875,109.52927601369151,353.4696950419875,77.69637768589796,466.0556146485806,19986.607421875,1051.329345703125,111.2450568706106,357.0243929538025,78.98255041795782,739100.0,26188097173,14657862919,28362000.0,79292100.0,10370300.0
2022-06-24,496.25909423828125,21231.65625,1226.8447265625,116.93807983398438,369.7643737792969,80.66302490234375,496.5383789304196,21472.91796875,1238.616943359375,117.0411696178319,369.7738622299875,81.25448324305482,479.92449620448434,20777.51171875,1134.5140380859375,111.95972504269348,361.5080041964566,79.00132464234149,480.64683893169894,21084.6484375,1143.2047119140625,112.00185482451673,361.53644062032527,79.00132464234149,907800.0,24957784918,16981552654,41164000.0,98050300.0,10670100.0
2022-06-25,,21502.337890625,1243.4468994140625,,,,,21520.9140625,1246.394287109375,,,,,20964.5859375,1184.56201171875,,,,,21233.609375,1226.7247314453125,,,,,18372538715,12481946184,,,
2022-06-26,,21027.294921875,1199.8316650390625,,,,,21783.724609375,1272.1312255859375,,,,,21016.26953125,1199.4063720703125,,,,,21496.494140625,1242.987548828125,,,,,18027170497,12096607824,,,
2022-06-27,489.3053894042969,20735.478515625,1193.6806640625,114.81541442871094,368.3519592285156,80.60669708251953,497.983114249466,21478.08984375,1234.1807861328125,117.53727377160598,370.9776852889989,81.67694614870193,487.01315021765464,20620.19921875,1179.79248046875,114.16715569950595,367.2618578134948,80.34382989610191,495.97980042576035,21028.23828125,1199.713134765625,117.23347197127057,370.683832618729,81.60183919184156,696500.0,20965695707,12492225250,36420000.0,66009600.0,7358000.0
2022-06-28,472.3255615234375,20280.634765625,1144.5792236328125,111.02303314208984,360.82550048828125,79.17969512939453,492.5608026197815,21164.423828125,1229.739013671875,116.27843425509606,372.68398100101825,81.49857053983419,471.48764849315734,20228.8125,1141.15966796875,110.86493491306922,360.71175479299797,79.17969512939453,489.31505061961275,20731.544921875,1193.2540283203125,114.78467596630205,369.90658420443964,80.87895603988082,847200.0,21381535161,14023205651,35792000.0,86548900.0,8289200.0
2022-06-29,466.7490539550781,20104.0234375,1098.94384765625,110.71971893310547,360.53167724609375,78.53192901611328,475.49423456933584,20364.15625,1152.684814453125,112.16589494206592,362.3611548271313,79.43319116294082,464.2449261821415,19937.791015625,1092.09912109375,109.8980029257133,358.7116881165058,78.2315083005041,472.9901067963993,20281.169921875,1144.5244140625,110.57153493394433,361.3753394353569,79.26420406274848,847400.0,23552740328,15386286815,24716000.0,65676000.0,7981300.0
2022-06-30,458.33135986328125,19784.7265625,1067.298828125,108.00528717041016,357.6025390625,76.74817657470703,466.75869313564954,20141.16015625,1103.6904296875,109.9133707611735,360.8349471944622,77.18942106005078,447.0146551832438,18729.65625,1009.0948486328125,105.81174046866552,353.1567954408799,75.21790969982496,456.6651451036646,20108.3125,1099.3531494140625,109.03317519019397,356.6451313576215,76.47591918667376,866400.0,26267239923,16350755497,43170000.0,112508300.0,14201600.0
2022-07-01,433.2419128417969,19269.3671875,1059.767333984375,107.78179168701172,361.3846740722656,72.28878784179688,441.0721130774074,20632.671875,1100.223876953125,108.28978421732921,361.820737693378,74.3729592346792,427.106819691621,19073.708984375,1040.1507568359375,105.7924277811794,354.33215354384066,71.5189594785568,438.51020055681266,19820.470703125,1068.3167724609375,106.98435821071257,356.9484195577325,74.20397217140243,1570200.0,30767551159,17499453625,35476000.0,74839700.0,19531700.0
2022-07-02,,19242.255859375,1066.5128173828125,,,,,19371.748046875,1073.0526123046875,,,,,19027.08203125,1033.962158203125,,,,,19274.8359375,1060.1212158203125,,,,,18100418740,9935603640,,,
2022-07-03,,19297.076171875,1073.7669677734375,,,,,19558.26953125,1083.4189453125,,,,,18966.951171875,1044.005615234375,,,,,19242.095703125,1066.4674072265625,,,,,16390821947,8557248150,,,
2022-07-04,,20231.26171875,1151.05908203125,,,,,20258.748046875,1152.94384765625,,,,,19063.06640625,1048.3963623046875,,,,,19297.314453125,1073.7943115234375,,,,,21594638208,13670889311,,,
2022-07-05,416.4546813964844,20190.115234375,1134.541015625,112.26750183105469,362.06719970703125,71.4532470703125,417.08070592213426,20635.466796875,1165.6827392578125,112.38049828174634,362.08617660456315,71.49080054918903,397.4522696341031,19341.232421875,1086.8299560546875,104.80219643466671,353.47905430233544,69.22825179438534,403.7318255677864,20225.353515625,1150.509765625,106.15916719622534,356.3038638558327,69.9886972070962,2778300.0,26715546990,16195518291,39342000.0,81438000.0,22253100.0
2022-07-06,413.0645751953125,20548.24609375,1186.9739990234375,113.56499481201172,363.2900085449219,70.93689727783203,421.4533759773161,20595.529296875,1193.63671875,114.57355354870796,365.7735520504945,71.63162590871777,409.6647490677022,19823.51171875,1116.24755859375,110.49620571439615,359.83010948727616,69.2658068246629,417.2734218566995,20194.619140625,1134.822265625,112.30616050739741,362.2093668453206,69.74460473782061,1464700.0,24598943708,15373536703,37432000.0,70426200.0,11530500.0
2022-07-07,435.235595703125,21637.587890625,1237.5933837890625,117.73898315429688,368.73114013671875,75.7154769897461,436.1024011577745,21771.81640625,1246.8948974609375,118.14191207685637,369.52738892243804,76.00650752378831,422.4742066326321,20296.103515625,1165.6231689453125,113.82420284830546,363.3090402764563,73.54680815715844,422.58016552395526,20547.814453125,1186.9609375,114.06853442164258,365.0626968664323,73.7909022103585,1400900.0,25814972520,14230795894,40936000.0,64525900.0,15847800.0
2022-07-08,436.2469482421875,21731.1171875,1222.5062255859375,118.30445861816406,368.4277648925781,76.52284240722656,438.51026571692086,22314.94140625,1262.8857421875,118.63304215997859,370.29516685698064,77.1330738269995,424.4101482044341,21257.453125,1200.6322021484375,115.87400669825091,365.5745188691098,74.87991551846474,428.2144696774377,21637.154296875,1237.580322265625,116.21944668919558,367.1006548819058,75.03012225231755,739100.0,49899834488,16315929082,38238000.0,72397800.0,10004200.0
2022-07-09,,21592.20703125,1216.978271484375,,,,,21877.138671875,1228.7679443359375,,,,,21445.95703125,1209.3775634765625,,,,,21716.828125,1222.306884765625,,,,,29641127858,8821353104,,,
2022-07-10,,20860.44921875,1168.401611328125,,,,,21591.080078125,1216.9044189453125,,,,,20727.123046875,1157.175537109375,,,,,21591.080078125,1216.9044189453125,,,,,28688807249,10984558039,,,
2022-07-11,422.86907958984375,19970.556640625,1097.236572265625,114.6597900390625,364.21905517578125,74.26969909667969,433.5693989332954,20856.353515625,1169.19384765625,116.9608884830124,366.72154716840924,75.35872141545592,421.7614932389023,19924.5390625,1095.0028076171875,114.31683045021927,363.52706364959664,73.99744172633707,432.9818782059391,20856.353515625,1168.1390380859375,116.9608884830124,365.7546798643806,74.88931363816054,745600.0,24150249025,12064180410,31196000.0,58366900.0,9519600.0
2022-07-12,418.4675598144531,19323.9140625,1038.191650390625,113.01834869384766,360.9961242675781,74.26029968261719,428.06029194701046,20043.4453125,1097.2591552734375,115.94588857717979,366.0485507559225,76.49468500819431,415.95382134919953,19308.53125,1038.1356201171875,112.69075577017246,359.25195608212715,74.1007027772455,424.3233677096929,19970.474609375,1097.2591552734375,115.19355693473877,363.66926385832295,76.1942643546621,848000.0,25810220018,12583282453,29960000.0,62219200.0,10363700.0
2022-07-13,430.5260009765625,20212.07421875,1113.587158203125,110.37477111816406,359.1002197265625,76.3163070678711,435.2741944961231,20223.052734375,1113.587158203125,113.1922860695284,362.02931552702955,76.71999798876521,413.4690564551356,18999.953125,1019.2203369140625,110.22410668182415,355.1474128412304,74.07253876601105,414.6055649345833,19325.97265625,1038.1866455078125,110.71921287301893,355.56449960571507,74.42928605042711,1052500.0,33042430345,18302588147,43722000.0,84224600.0,14706500.0
2022-07-14,440.05126953125,20569.919921875,1191.5262451171875,109.39744567871094,358.2281799316406,78.55069732666016,441.95826528493546,20789.89453125,1202.953369140625,110.11657102778943,359.3087928722651,78.89806166743752,418.5254461754469,19689.2578125,1077.40576171875,107.42047675216378,351.715979081912,75.58404383853616,425.8933669465642,20211.466796875,1113.5157470703125,109.241827899975,354.1521096552973,77.87474896763094,1075900.0,31158743333,16688640823,37004000.0,89704800.0,23377000.0
2022-07-15,458.0905456542969,20836.328125,1233.129150390625,110.7950439453125,365.0721435546875,80.39078521728516,458.2350083357508,21138.244140625,1275.7781982421875,112.14607058469424,365.1858892356065,80.77570308948115,443.52811951966044,20397.0,1182.9031982421875,109.9252617490399,360.7211976903377,78.83235489137273,448.228168037655,20573.15625,1191.6748046875,111.01609105740265,362.62649570213034,80.34384873018988,1630500.0,25905575359,17411448225,46770000.0,79060400.0,14061000.0
2022-07-16,,21190.31640625,1352.62646484375,,,,,21514.404296875,1377.944580078125,,,,,20518.8984375,1195.60595703125,,,,,20834.103515625,1232.7916259765625,,,,,24302954056,18364013796,,,
2022-07-17,,20779.34375,1338.6357421875,,,,,21600.640625,1378.41748046875,,,,,20778.1796875,1329.7633056640625,,,,,21195.041015625,1353.205078125,,,,,22927802083,16079711737,,,
2022-07-18,456.0198669433594,22485.689453125,1578.7178955078125,108.07170867919922,362.0577697753906,78.4661865234375,468.8775461465731,22633.033203125,1578.7178955078125,112.68084025664578,368.825898190188,80.8132248341702,453.149747441072,20781.912109375,1338.8060302734375,107.41751350561796,360.8349458407432,78.26903616484705,465.77628633802567,20781.912109375,1338.8060302734375,111.64998015183659,368.1528836213448,80.79444451663254,1039500.0,39974475562,27440420623,43164600.0,63203600.0,11352500.0
2022-07-19,479.98236083984375,23389.43359375,1542.9752197265625,112.80968475341797,371.8402404785156,80.87895202636719,482.4383441548318,23666.962890625,1607.0330810546875,113.01783808815178,372.4089977632134,81.17937268228982,466.2000616712199,21683.40625,1501.7974853515625,108.59703937527189,365.3185809223327,79.38623174413759,466.9898302380257,22467.849609375,1578.3839111328125,109.87570205635436,365.9726185323084,79.79931283200375,1415000.0,48765202697,27753529276,36530900.0,78506000.0,10673100.0
2022-07-20,495.4501037597656,23231.732421875,1520.20068359375,112.89891052246094,374.2100524902344,81.26387786865234,497.7038392032916,24196.818359375,1612.645751953125,114.38572670784276,375.62247177061846,81.44225512868786,472.5085183383718,23009.94921875,1500.80322265625,111.49139301526064,370.66484393622255,79.90259808312429,474.72369120981836,23393.19140625,1542.954345703125,112.17532331814631,372.02984989964705,79.9683148900961,2294900.0,42932549127,22942708340,35600400.0,71843800.0,11664800.0
2022-07-21,522.2732543945312,23164.62890625,1576.74951171875,113.33502197265625,378.020751953125,82.41861724853516,523.2074564295734,23388.322265625,1595.761962890625,113.54318286379541,378.06813634762244,82.4280074094766,505.25481150773817,22431.1484375,1472.1854248046875,110.13341581141034,371.2336461823122,81.11366421884598,510.45570446320755,23233.201171875,1520.37451171875,113.27555175366626,373.63188089355765,81.37653142445328,2281900.0,33631012204,20009556587,32676200.0,64903900.0,7135000.0
2022-07-22,514.5584716796875,22714.978515625,1537.4051513671875,106.95162200927734,374.513427734375,81.03856658935547,526.6841660093856,23671.927734375,1641.209228515625,111.3525917974338,379.33833343517273,82.36230009337606,509.71393130572335,22603.416015625,1523.6417236328125,105.56392569889036,372.29530007355766,80.55038560309089,522.4078944772783,23163.751953125,1576.745361328125,110.0243732636322,378.1439748043947,82.06187937199901,1459900.0,31421555646,18926100582,48901200.0,72197300.0,8612100.0
2022-07-23,,22465.478515625,1549.2974853515625,,,,,22977.2109375,1591.632568359375,,,,,22002.91015625,1495.6781005859375,,,,,22706.984375,1536.4573974609375,,,,,24021799169,14998811383,,,
2022-07-24,,22609.1640625,1599.4766845703125,,,,,22974.001953125,1654.4287109375,,,,,22306.83984375,1548.671142578125,,,,,22465.509765625,1549.2225341796875,,,,,23565495303,17217849557,,,
2022-07-25,519.0947265625,21361.701171875,1445.3834228515625,106.56507110595703,374.9684143066406,81.01979064941406,523.6214194843087,22649.12109375,1605.3369140625,108.90432910851514,375.8215358224329,81.39531116631105,512.4973530592912,21361.642578125,1445.3834228515625,105.36570699180157,372.7313098957775,80.39077874216267,515.6756493543816,22607.15625,1599.1572265625,107.45716230393901,375.1390328241593,81.01979064941406,1194600.0,35574561406,20585056021,34690900.0,53631500.0,5960900.0
2022-07-26,504.8404846191406,21239.75390625,1441.8067626953125,104.09693908691406,370.53216552734375,79.25479888916016,510.10880131729334,21361.12109375,1445.151123046875,106.25777860539752,373.53705331768873,79.9870737970943,499.4180940090046,20776.81640625,1362.95166015625,103.15529199478907,369.6411191276845,78.71967436700879,508.57740891703475,21361.12109375,1445.151123046875,105.66305372814293,373.3285099278068,79.57399986799427,1029500.0,28624673855,18238563509,47991000.0,52946400.0,6977700.0
2022-07-27,526.0388793945312,22930.548828125,1636.232666015625,112.0662841796875,380.1535339355469,82.26839447021484,529.5735268062714,22986.529296875,1636.7994384765625,112.9088193610781,381.8977018374365,82.52187865019515,512.9500616293393,21070.806640625,1423.618896484375,107.06067446511638,373.52755888438156,80.09034293481858,513.9420484422435,21244.169921875,1443.726806640625,108.29968789382276,373.8214115297532,80.09034293481858,1110900.0,31758955233,23007524016,59858500.0,82342100.0,9399500.0
2022-07-28,540.0332641601562,23843.88671875,1725.4681396484375,113.21609497070312,384.92156982421875,83.18844604492188,540.2547638629709,24110.470703125,1774.576416015625,113.33503542279847,385.61353235014826,83.19783620590157,520.8189291384729,22722.265625,1604.8909912109375,110.4803511374403,377.4140367716771,81.16060102895842,527.599300747218,22933.640625,1636.23193359375,111.38235656496596,380.95927437369363,81.79899588628831,1216800.0,40212386158,27231399966,32816600.0,73966600.0,10668200.0
2022-07-29,553.2568969726562,23804.6328125,1727.406982421875,115.2976303100586,390.5332336425781,83.06639099121094,555.6454254401413,24294.787109375,1759.884033203125,115.68420188473884,391.5190777399874,83.7517222324526,538.8678235161303,23481.173828125,1662.7911376953125,112.06628125487264,385.5850941133151,82.41860606345132,540.7459268831237,23845.212890625,1725.6239013671875,112.08610970412361,386.35290637404563,82.44676937985945,1210700.0,35887249746,23249531113,37223400.0,87003700.0,10366200.0
2022-07-30,,23656.20703125,1695.969482421875,,,,,24572.580078125,1738.016845703125,,,,,23580.5078125,1678.1080322265625,,,,,23796.818359375,1727.0618896484375,,,,,28148218301,15576977870,,,
2022-07-31,,23336.896484375,1681.517333984375,,,,,24121.642578125,1745.8831787109375,,,,,23275.703125,1672.61279296875,,,,,23652.0703125,1695.884765625,,,,,23553591896,14200735370,,,
2022-08-01,556.8300170898438,23314.19921875,1635.19580078125,113.8504638671875,389.3768005371094,81.0291748046875,561.5492881731255,23464.787109375,1700.1708984375,115.69411641077537,391.8793213752261,81.57368958959019,547.9596262295657,22890.796875,1613.416015625,113.33503005804593,387.1302364241008,79.1421605437926,552.1010465791912,23336.71875,1681.445556640625,114.28659900379381,387.8411758992656,80.08097617462006,895500.0,25849159141,16191371176,26034300.0,69997500.0,20102600.0
2022-08-02,544.7427368164062,22978.1171875,1632.9454345703125,114.11807250976562,386.80792236328125,80.78507232666016,551.7253835851363,23415.041015625,1672.6297607421875,115.32735063959784,391.49064571833276,82.1557420239644,538.1453630383337,22710.083984375,1567.85107421875,112.72046951021323,385.63251176391105,79.02009469683799,541.3525813931217,23308.43359375,1634.6458740234375,112.99800726545277,387.8127144423944,79.34867867177505,876600.0,28389250717,20426082309,20236000.0,63435400.0,15541600.0
2022-08-03,562.3294677734375,22846.5078125,1618.87451171875,117.04216003417969,392.8651428222656,81.21693420410156,565.998967230661,23578.650390625,1678.0982666015625,117.57741471400418,394.0310649800449,81.4610210869324,548.2582426628916,22747.8359375,1595.634521484375,114.46501375387983,388.6468906090099,79.38623960730544,548.9805855386003,22981.302734375,1633.05126953125,114.69298797756183,388.93125481134643,80.70058279312452,825900.0,26288169966,16786218830,28499000.0,67820600.0,20779400.0
2022-08-04,568.1182861328125,22630.95703125,1608.205810546875,117.15119934082031,392.5997619628906,83.01006317138672,572.2599692946895,23198.009765625,1658.5115966796875,117.73601004530308,393.4718315474268,83.01006317138672,561.012659950997,22485.701171875,1585.3265380859375,115.86262235872188,390.95985110646615,81.32019960191357,563.0111117903849,22848.21484375,1618.88671875,116.44744062554241,392.78932847212786,81.67694690641937,680100.0,25120229769,14467440626,21602900.0,45656600.0,13472500.0
2022-08-05,557.3535766601562,23289.314453125,1732.254638671875,116.43751525878906,391.93621826171875,84.27747344970703,559.545126278526,23422.828125,1732.254638671875,117.07188946431748,392.58079648264055,85.41344663134116,546.4152149907757,22612.177734375,1606.4970703125,114.98043440591263,388.26777497334547,82.62516314706481,551.869929665235,22626.833984375,1607.52392578125,115.20841618086989,388.3246478205913,82.64393630756534,767900.0,28881249043,18546491876,19159500.0,56814900.0,13293500.0
2022-08-06,,22961.279296875,1691.6580810546875,,,,,23326.5625,1744.326416015625,,,,,22961.279296875,1691.6580810546875,,,,,23291.423828125,1732.6611328125,,,,,15978259885,11757911705,,,
2022-08-07,,23175.890625,1699.350830078125,,,,,23359.009765625,1724.7891845703125,,,,,22894.556640625,1672.908447265625,,,,,22963.505859375,1691.7779541015625,,,,,15886817043,10252090340,,,
2022-08-08,552.951171875,23809.486328125,1775.51611328125,116.26902770996094,391.4811706542969,82.55944061279297,562.42205733308,24203.689453125,1806.886474609375,119.0939769251346,395.87004150956847,83.64846291112423,545.4594102099388,23176.546875,1697.407958984375,115.85271343429999,390.3815808280443,81.59246175573337,558.0196898188564,23179.52734375,1699.6934814453125,117.34944383201373,393.62347746477167,83.53580963074857,700600.0,28575544847,16841424404,19138300.0,53886100.0,12120300.0
2022-08-09,522.4049682617188,23164.318359375,1703.0250244140625,115.60490417480469,389.9266052246094,79.99645233154297,533.2081562059467,23898.615234375,1786.12255859375,116.28884199524232,391.25368644325886,81.80836618052447,515.2897381430546,22982.0,1675.849853515625,114.69299212244628,388.8554517997777,79.27356768872721,532.0496258592548,23811.484375,1776.0712890625,116.11042376218631,390.7512903773344,81.62060598209226,1138500.0,23555719219,16368619692,19086500.0,44931800.0,13075000.0
2022-08-10,546.4829711914062,23947.642578125,1851.74267578125,118.64791870117188,398.1165771484375,83.2447738647461,546.5216261976965,24127.4140625,1869.400634765625,119.85719697468683,398.2587881715667,83.2447738647461,531.4415186446662,22771.51953125,1665.0904541015625,117.36926354294056,395.0168917661512,81.02916857337051,539.4063355505153,23162.8984375,1702.906494140625,117.73600666493809,396.9696030117307,81.49857635268577,1074800.0,32837431722,23512477984,30930400.0,68665700.0,10704600.0
2022-08-11,542.9686889648438,23957.529296875,1881.22412109375,117.79548645019531,398.1165771484375,84.04277801513672,554.5056153548354,24822.62890625,1927.939208984375,120.42219655162552,402.818277227606,85.43222839776317,541.7233026599314,23900.99609375,1851.828369140625,117.51794863944885,397.37720132659865,83.84562757834563,546.1835946383574,23948.345703125,1851.828369140625,120.21404319356567,400.9603347598482,84.45585921370586,833300.0,37127036580,23826986482,24293700.0,59489700.0,11158800.0
2022-08-12,556.0504150390625,24402.818359375,1957.2464599609375,120.61051940917969,404.8562927246094,85.30078887939453,558.0102119891682,24412.56640625,1957.552978515625,120.61051940917969,404.96054995020353,85.76080653345558,542.6888059281084,23657.265625,1860.08349609375,118.41003042457679,399.10241628589347,84.15543266256941,543.1715220835931,23957.203125,1880.899169921875,119.20300201694565,400.0503354779772,84.19298614735325,811600.0,27265804688,17168141904,19096300.0,61694500.0,12098800.0
2022-08-13,,24424.068359375,1981.3365478515625,,,,,24860.05078125,2013.7557373046875,,,,,24346.115234375,1948.59521484375,,,,,24402.1875,1957.333984375,,,,,22987346289,16038975216,,,
2022-08-14,,24319.333984375,1936.802001953125,,,,,24974.9140625,2022.79150390625,,,,,24206.259765625,1919.0101318359375,,,,,24429.056640625,1981.782470703125,,,,,22994133555,14062754456,,,
2022-08-15,555.0654907226562,24136.97265625,1904.2281494140625,121.00701904296875,406.524658203125,85.96735382080078,557.6528414782114,25135.58984375,2007.2103271484375,121.22508663392391,407.04603117644456,86.31471821018697,548.2592067325425,23839.775390625,1881.8568115234375,119.54993792371239,402.59079888321116,84.49341345044681,549.4370055187146,24318.31640625,1936.760498046875,120.06536422405678,402.64767172710765,84.50280361302356,783100.0,35123501685,20349931313,19494800.0,54048300.0,15949500.0
2022-08-16,547.0909423828125,23883.291015625,1878.139404296875,120.6303482055664,407.3208923339844,84.44644927978516,552.5553199385872,24228.416015625,1910.745361328125,121.3539353982233,409.2451671553258,85.7607923799276,539.6860962039952,23733.5,1862.2734375,119.57966720477233,404.6477532437864,83.15088650023266,546.8206520917829,24126.13671875,1902.8331298828125,120.45192996370155,405.45349035046,85.56364198929528,697000.0,27753685646,15637578930,19041200.0,59289000.0,10566100.0
2022-08-17,538.0160522460938,23335.998046875,1832.9996337890625,118.49925231933594,404.4298095703125,83.74234008789062,546.4249284886606,24407.05859375,1951.6756591796875,120.22395696701935,407.13138566830423,84.27746463864213,532.8316274335464,23243.353515625,1823.5322265625,118.3307407385834,402.4297135053033,83.06639894162073,539.7730868898378,23881.31640625,1877.934326171875,119.06424216404282,403.7283584655346,83.55457985213685,667700.0,30931623076,20308508124,22847000.0,63563400.0,9093100.0
2022-08-18,541.8970336914062,23212.73828125,1847.0078125,119.1137924194336,405.60516357421875,83.80805969238281,546.3669890923286,23563.83203125,1876.376953125,119.75808091078403,406.2876376325339,84.1835873390561,536.1044410086006,23177.6015625,1826.957763671875,117.6765398760915,403.3396227828059,83.01006791982338,538.0160366631304,23341.0390625,1833.715576171875,118.38029859169842,404.62877901944364,83.28232528459667,580600.0,23747613147,14999352229,17987700.0,49023200.0,10947700.0
2022-08-19,526.4114990234375,20877.552734375,1612.9873046875,116.17980194091797,400.1546630859375,81.86470794677734,539.5316878343187,23213.3125,1847.0953369140625,118.10275306426914,403.11216664311075,83.16966090620589,525.6101739076133,20868.84765625,1611.3388671875,115.73376016351709,399.28256461046794,81.69572087190059,537.9290965279677,23213.3125,1847.0953369140625,118.0135401713866,402.84675039895933,83.0851709500644,794400.0,40509610260,25906358731,21809500.0,68016900.0,9602800.0
2022-08-20,,21166.060546875,1577.0037841796875,,,,,21350.806640625,1652.21875,,,,,20856.73046875,1534.298828125,,,,,20872.841796875,1612.650634765625,,,,,27595671000,18334580263,,,
2022-08-21,,21534.12109375,1619.3189697265625,,,,,21668.845703125,1640.9365234375,,,,,21103.197265625,1569.0465087890625,,,,,21160.392578125,1576.5435791015625,,,,,23102307723,15849221752,,,
2022-08-22,502.0922546386719,21398.908203125,1622.505859375,113.23590087890625,391.8224792480469,80.02461242675781,512.4995815239646,21531.462890625,1622.77880859375,114.61368305722584,395.5004110497399,80.76627735714527,500.682702628848,20939.18359375,1535.0147705078125,112.84932933605899,390.921944270961,79.742972140436,510.99350987900453,21531.462890625,1619.1668701171875,114.18746218147925,395.3297635768896,80.18421646785822,795800.0,31666498758,18557078599,21456600.0,77695600.0,8054000.0
2022-08-23,507.5760192871094,21528.087890625,1662.7698974609375,112.85926055908203,390.87451171875,80.76630401611328,511.0515519118187,21646.203125,1666.676513671875,113.999154474037,393.7846307828097,81.30142861560756,501.5034714820261,20955.138671875,1569.4285888671875,112.43303961913671,390.3247023494631,79.78993494355285,502.0247836981396,21401.044921875,1622.9393310546875,112.48260318331054,391.39585573923233,79.94953903733463,592900.0,31878280659,18322041914,15870400.0,49105200.0,8462500.0
2022-08-24,507.2767028808594,21395.01953125,1657.0592041015625,112.69074249267578,392.1258239746094,80.32505798339844,512.2390385833252,21783.076171875,1686.5577392578125,113.77115848347056,393.4908012724624,80.86018257250235,503.6852644177821,21195.005859375,1610.0992431640625,111.87795005297879,389.96456893805333,79.98708380474392,504.7858712794756,21526.455078125,1662.6954345703125,112.50241004709838,390.64704312287796,80.55037887756437,485200.0,31962253368,16780932907,17734600.0,49177800.0,7085800.0
2022-08-25,521.0822143554688,21600.904296875,1696.45703125,115.6247329711914,397.66162109375,82.21208190917969,521.5456028203387,21789.63671875,1718.1832275390625,115.69411741968042,397.70900548583626,82.23085506966174,503.7237673138554,21362.44140625,1656.8560791015625,113.10705681377382,392.5238859364247,80.74753186336291,504.3030028949428,21395.458984375,1657.3365478515625,113.23591148601406,393.6139873082117,81.047952569238,758300.0,31028679593,14818795695,16956800.0,50942300.0,6602100.0
2022-08-26,492.3125,20260.01953125,1507.7828369140625,109.37019348144531,384.2012023925781,79.55523681640625,521.0727041168986,21804.908203125,1698.56103515625,114.10818734688105,398.0882155528186,82.41862743701301,491.1829313588192,20199.482421875,1498.771240234375,109.22151791479679,384.1443295439162,79.47074684527117,520.8989333913794,21596.0859375,1696.3245849609375,113.71170152369614,397.5479234905298,82.1463700368082,1229700.0,42326789564,26713710143,37245700.0,103087000.0,9381500.0
2022-08-27,,20041.73828125,1491.39501953125,,,,,20340.775390625,1517.1500244140625,,,,,19890.5234375,1454.282958984375,,,,,20262.48046875,1508.156982421875,,,,,30116729776,18120831899,,,
2022-08-28,,19616.814453125,1430.54736328125,,,,,20139.0546875,1505.7919921875,,,,,19616.814453125,1430.54736328125,,,,,20041.03515625,1491.206787109375,,,,,24366810591,12823572918,,,
2022-08-29,482.6002502441406,20297.994140625,1553.037353515625,108.4582748413086,381.6607360839844,77.78086853027344,493.67375869685344,20357.462890625,1556.3095703125,109.97482602837435,384.70354880710715,79.16092856398082,482.136832184088,19600.78515625,1427.7283935546875,107.8437290366526,380.3052184856568,77.71515172688711,488.817635935581,19615.154296875,1430.439453125,109.02326464751619,381.25313774516417,78.77601790488782,754100.0,32637854078,17965837488,21191200.0,65370800.0,9639700.0
2022-08-30,475.97735595703125,19796.80859375,1523.8388671875,107.98250579833984,377.47100830078125,77.72453308105469,490.1016332620767,20542.64453125,1600.461181640625,109.52879220958579,383.05426792751234,78.84172577462631,470.6095554701556,19617.640625,1480.831787109375,106.8525261036081,375.37611434838135,76.72939098179539,489.0396519867628,20298.611328125,1553.18896484375,109.2016908341797,382.8172880573429,78.65395838437409,1006400.0,34483360283,21835784470,27513300.0,85652400.0,8392300.0
2022-08-31,473.00384521484375,20049.763671875,1553.6849365234375,107.2688217163086,374.5987243652344,78.2502670288086,484.2414604834494,20420.990234375,1612.35888671875,109.87570309968547,380.3431127380741,79.67727053669621,469.87585437579975,19799.58203125,1524.2864990234375,107.1796088220971,374.46603071215685,77.97800968634854,483.53671384726965,19799.58203125,1524.2864990234375,109.67746398729584,379.10134082789193,78.9637687827524,936000.0,33225232872,20591680941,28627000.0,76029700.0,8887100.0
2022-09-01,453.67584228515625,20127.140625,1586.1767578125,108.77545928955078,375.77410888671875,76.64491271972656,462.46125037750477,20198.390625,1593.082763671875,109.47921797382328,376.1153458831206,76.82328999369753,444.95799204475264,19653.96875,1520.1883544921875,106.4163805635808,369.7263802950117,75.21791601574479,461.3992986917206,20050.498046875,1553.75634765625,107.32829258582089,372.4279555626427,76.4665354457556,1665500.0,30182031010,16434276817,28360900.0,78740100.0,11566000.0
2022-09-02,451.04022216796875,19969.771484375,1577.220458984375,106.9020767211914,371.81182861328125,75.9501724243164,470.0688804833662,20401.568359375,1643.1832275390625,109.76667515278551,380.6464427581479,77.90291030728125,449.9010193685516,19814.765625,1551.8779296875,106.3172660149257,370.00129941700374,75.67791508040936,463.2722302948506,20126.072265625,1586.0179443359375,109.61799202942274,379.43310730382876,76.56040390806712,1145400.0,29123998928,17708478709,24160700.0,99632100.0,8850100.0
2022-09-03,,19832.087890625,1556.8726806640625,,,,,20037.009765625,1579.454345703125,,,,,19698.35546875,1541.672119140625,,,,,19969.71875,1577.2137451171875,,,,,23613051457,9516825994,,,
2022-09-04,,19986.712890625,1577.6416015625,,,,,19999.689453125,1578.00927734375,,,,,19636.81640625,1543.6988525390625,,,,,19832.470703125,1556.8958740234375,,,,,25245861652,8884144998,,,
2022-09-05,,19812.37109375,1617.1832275390625,,,,,20031.16015625,1621.661376953125,,,,,19673.046875,1559.7818603515625,,,,,19988.7890625,1577.884033203125,,,,,28813460025,13060541168,,,
2022-09-06,453.67584228515625,18837.66796875,1561.74853515625,105.87122344970703,370.40899658203125,75.1333999633789,461.3703369087019,20155.26953125,1680.5953369140625,107.08050183935515,373.5939919026862,76.07221542144956,446.3192253092793,18800.171875,1561.74853515625,104.85027753257934,368.19086864195987,74.65460207423669,453.13517323106055,19817.724609375,1617.240234375,106.3569221880662,372.6555609471726,76.07221542144956,996900.0,43403978910,22946059125,25068300.0,76637400.0,12704400.0
2022-09-07,460.2021179199219,19290.32421875,1629.9063720703125,108.48800659179688,377.0633544921875,75.05828857421875,464.3438294425417,19427.171875,1651.0511474609375,109.01335460790509,377.83116684452074,75.27421926836169,449.50514434136204,18644.466796875,1500.013671875,105.96042387910643,369.87813861226584,73.44353209829514,452.68142386559515,18837.68359375,1560.90673828125,106.11901365650074,370.0961415467539,73.59373883816549,745400.0,35239757134,19560363854,23167000.0,70964200.0,9843500.0
2022-09-08,466.0623474121094,19329.833984375,1635.34765625,107.42739868164062,379.5279846191406,75.33055877685547,466.6802380996887,19417.3515625,1655.0640869140625,108.63667678507248,379.98296742981955,75.79996655840071,448.1246319139103,19076.71484375,1603.0638427734375,106.21812814054526,373.5939997520912,73.95049875309734,449.36038382641937,19289.94140625,1629.80517578125,107.09039071830335,374.7978759378246,74.17581964530697,943300.0,32194477850,17621046717,24238300.0,80821700.0,8181700.0
2022-09-09,483.6815490722656,21381.15234375,1719.08544921875,109.6774673461914,385.4239501953125,76.54161834716797,485.786184270645,21439.41015625,1735.809814453125,110.0144753600422,386.2865601335256,76.6636689331178,478.17857355524427,19310.962890625,1632.8365478515625,108.06178903761959,381.49955084530114,75.79995332232362,478.3909698251594,19328.140625,1635.187744140625,108.11135259840358,381.7649670625823,75.88445043279604,1012800.0,48469528171,20242323690,23197700.0,76706900.0,7084700.0
2022-09-10,,21680.5390625,1776.2037353515625,,,,,21760.275390625,1784.497802734375,,,,,21168.72265625,1710.2969970703125,,,,,21376.912109375,1718.9613037109375,,,,,36913738894,13130928217,,,
2022-09-11,,21769.255859375,1761.800048828125,,,,,21770.552734375,1782.7298583984375,,,,,21406.9453125,1730.164794921875,,,,,21678.54296875,1775.97607421875,,,,,34493951963,12464301922,,,
2022-09-12,487.4756774902344,22370.44921875,1713.7652587890625,109.88562774658203,389.5663757324219,77.12368774414062,493.3358580611362,22439.181640625,1778.1634521484375,110.63895005732203,390.2868036201907,77.4522717067415,482.38786036296904,21603.896484375,1698.29345703125,108.9638014180946,387.1870891554379,76.75755030544349,489.25206921661913,21770.1484375,1762.0848388671875,110.01448242562333,387.49043025851944,76.954700683004,1041400.0,50212088965,17688391310,22966800.0,69256300.0,7903000.0
2022-09-13,454.8150634765625,20296.70703125,1580.7879638671875,103.4030990600586,372.6270446777344,73.98804473876953,471.53635434584805,22673.8203125,1745.779052734375,107.34812094062124,382.10623671263886,76.17548649816457,452.41111753794013,20062.669921875,1564.0318603515625,103.17511727352941,371.5085069603833,73.71578739354669,467.2691315446228,22371.48046875,1713.9625244140625,106.85251559475012,380.90236081015905,75.49953821521044,1188200.0,51091116622,23066821734,38172900.0,122947100.0,12835100.0
2022-09-14,461.5731201171875,20241.08984375,1634.7550048828125,104.07711791992188,374.0489501953125,74.78605651855469,464.88454534439546,20467.201171875,1642.1572265625,104.35465569106773,375.5656268148488,75.25546433352149,454.8150950187299,19793.396484375,1564.0318603515625,102.7488992830561,370.7501807174359,74.14766160369606,460.48217706584086,20184.5546875,1574.858154296875,103.65089703928014,373.9257160615463,74.86115632537731,663700.0,37872380889,17897150206,26395100.0,85023700.0,8849600.0
2022-09-15,449.5534973144531,19701.2109375,1471.6934814453125,102.0054931640625,369.80224609375,73.62288665771484,461.82413230717555,20318.166015625,1648.9456787109375,104.3447433760891,375.3380909362644,74.82192249873911,446.8985587687231,19636.734375,1466.139404296875,101.45041004927867,368.53203779447915,73.33020294604461,456.2053393038282,20242.2890625,1635.0830078125,103.11564426895569,372.4943332407687,74.18936034011296,853500.0,36389011503,26946275878,34188300.0,87633800.0,10533100.0
2022-09-16,451.09814453125,19772.583984375,1432.44775390625,101.89645385742188,366.98101806640625,73.53790283203125,455.8673814179235,19870.62890625,1480.564208984375,102.2235476117455,367.6377713603656,73.64175716838874,444.0118765186473,19400.076171875,1415.581298828125,100.05280151558253,363.6972515966094,72.62210034038945,446.05858783759555,19704.005859375,1471.9283447265625,101.17286678380967,365.629459872336,72.80148641284381,914000.0,30123362273,16764804299,42797200.0,103084800.0,10604500.0
2022-09-17,,20127.576171875,1469.74169921875,,,,,20162.53125,1473.0604248046875,,,,,19777.033203125,1415.0423583984375,,,,,19777.033203125,1432.87646484375,,,,,24957448100,10798098671,,,
2022-09-18,,19419.505859375,1335.3291015625,,,,,20127.234375,1469.7054443359375,,,,,19387.4921875,1331.4947509765625,,,,,20127.234375,1469.7054443359375,,,,,31254779144,15762284723,,,
2022-09-19,454.8246765136719,19544.12890625,1377.5413818359375,102.1640853881836,369.82696533203125,73.8589096069336,456.6396934720393,19639.48046875,1388.272216796875,102.42180228471612,369.82696533203125,73.8589096069336,443.76083352907517,18390.318359375,1287.4208984375,100.65744846869414,363.76392058262684,72.27277915371789,443.76083352907517,19418.572265625,1335.270751953125,100.85568758151153,363.84008189633505,72.27277915371789,646500.0,40177002624,18712714223,23036800.0,73278500.0,10378600.0
2022-09-20,445.99102783203125,18890.7890625,1324.38818359375,100.25104522705078,365.5819396972656,73.78337097167969,450.403059829236,19602.45703125,1381.9656982421875,101.4702376623831,367.5141193905518,74.05716808895032,441.55003404882814,18813.455078125,1319.201416015625,99.63649189737326,362.83121456949,73.17913154153148,443.08509709469365,19545.591796875,1377.6190185546875,101.18278566442122,366.5051996914192,73.20745413933496,906700.0,36791346508,14722317220,26517100.0,77274900.0,8202800.0
2022-09-21,439.1944274902344,18547.400390625,1252.6077880859375,98.40739440917969,359.20477294921875,72.82981872558594,459.7098616516071,19674.630859375,1384.4769287109375,101.97575131964689,370.55036925173334,74.87856871948792,439.13647445284437,18290.314453125,1229.4267578125,98.39748018499488,359.1952455228189,72.82981872558594,445.5952181999546,18891.283203125,1324.215576171875,100.7763873127521,367.504555601014,73.24523612641538,783900.0,46363793975,20643507800,31487300.0,106746600.0,10869000.0
2022-09-22,425.7941589355469,19413.55078125,1327.68017578125,99.25984191894531,356.18756103515625,71.40419006347656,436.5587203841858,19456.91015625,1336.1578369140625,100.35017220971649,360.0709463739704,72.4616129365806,423.9212184043766,18415.591796875,1240.96826171875,97.92170894561988,355.4451478506608,71.14927941534556,435.12023605991556,18534.650390625,1251.5673828125,97.95144405755235,358.4338263970015,72.17837248034257,952900.0,41135767926,18461527259,34298600.0,89472600.0,10817900.0
2022-09-23,421.0635681152344,19297.638671875,1328.259521484375,97.87213897705078,350.2196960449219,69.74253845214844,421.8359020062844,19464.671875,1353.288330078125,98.78405853652902,352.7610211494688,70.23348043841668,412.57741174943607,18617.552734375,1270.1983642578125,96.61330475951237,345.78424282582023,69.0061146680895,418.6113623440439,19412.400390625,1327.481201171875,98.75431586420589,352.722940486398,70.1485126189701,1362300.0,38896078052,18771106339,31625400.0,122346900.0,12685500.0
2022-09-24,,18937.01171875,1317.9932861328125,,,,,19310.197265625,1346.2552490234375,,,,,18861.974609375,1312.6402587890625,,,,,19296.990234375,1328.24462890625,,,,,26149643168,12098209717,,,
2022-09-25,,18802.09765625,1294.216796875,,,,,19134.732421875,1333.371337890625,,,,,18696.46875,1275.627685546875,,,,,18936.310546875,1317.9384765625,,,,,23359966112,11802651633,,,
2022-09-26,415.9178161621094,19222.671875,1335.3201904296875,97.30715942382812,346.7550354003906,68.93058013916016,425.5335119873344,19274.873046875,1335.5263671875,99.00212893213987,352.37072699861113,70.04464811916627,414.2862334952222,18721.28515625,1282.04931640625,96.94041627902087,345.53671576875286,68.84560512891134,419.0844323897516,18803.900390625,1294.3861083984375,97.23777497245881,348.753848761664,69.36487684958921,1164000.0,44148798321,16034549271,27072700.0,92581200.0,13441500.0
2022-09-27,418.31207275390625,19110.546875,1330.127685546875,96.64305114746094,345.869873046875,68.94945526123047,427.2133576793952,20338.455078125,1396.8914794921875,99.12107809995993,352.5515910179344,69.90302363408811,411.7567807037123,18915.66796875,1308.991455078125,96.01859107787291,343.4808127042095,68.30744990174753,423.67987274323116,19221.83984375,1335.3370361328125,98.55608825728369,350.2862710344236,69.40263848096667,876400.0,58571439619,17870598937,30072800.0,108294100.0,12430600.0
2022-09-28,425.97760009765625,19426.720703125,1337.410888671875,99.17063903808594,352.67535400390625,68.0997543334961,428.091898674294,19688.34375,1351.9644775390625,99.81491997880579,354.3600529595543,68.25081783685137,408.54189938323304,18553.296875,1267.8692626953125,96.25647699916067,345.127482081543,66.74965488545153,411.40923379109455,19104.62109375,1329.5413818359375,96.79173171420844,346.8217084645166,67.13674971047122,957100.0,53071298734,18994979566,32466300.0,110802200.0,12943600.0
2022-09-29,412.9925842285156,19573.05078125,1335.65234375,96.5637435913086,345.30828857421875,65.40898895263672,413.8904291010681,19589.265625,1348.107666015625,97.77302184291314,349.4200991606359,66.7307655974604,404.73815072574166,18924.353515625,1293.193359375,95.11657689159186,342.367189530678,64.6536931578112,410.897583396574,19427.779296875,1337.554443359375,97.77302184291314,349.1345668445761,66.57970211663336,1141800.0,41037843771,13796915736,31047200.0,112952300.0,16120300.0
2022-09-30,400.9922180175781,19431.7890625,1327.9786376953125,94.8093032836914,339.9686279296875,64.7292251586914,413.2531876855724,20109.849609375,1368.743408203125,98.03073800147999,348.2779675279083,65.7583254319516,399.64061900587035,19265.662109375,1320.3831787109375,94.72009038986029,339.8353891876637,63.9550427379442,399.68887882453356,19573.431640625,1335.646484375,96.19699975151396,344.36600021604005,64.02113121765052,1084700.0,43975248085,14250100093,32941500.0,153711200.0,10472400.0
2022-10-01,,19312.095703125,1311.6444091796875,,,,,19471.154296875,1332.5164794921875,,,,,19231.08203125,1306.1025390625,,,,,19431.10546875,1328.1937255859375,,,,,18719537670,6227961237,,,
2022-10-02,,19044.107421875,1276.093505859375,,,,,19370.30859375,1316.330078125,,,,,18970.62109375,1275.3360595703125,,,,,19311.849609375,1311.75341796875,,,,,20765955327,7578351650,,,
2022-10-03,416.75775146484375,19623.580078125,1323.439208984375,97.77302551269531,348.9442138671875,65.38066101074219,420.45537316961907,19653.54296875,1326.554443359375,98.41731399775504,350.7907337489844,65.68278074461718,406.46624101218214,19025.2265625,1271.15087890625,95.67165604887613,341.90080218718504,63.87006234136723,408.95707250622297,19044.068359375,1276.1634521484375,95.90955206825485,343.6806881754969,64.27603640905262,1452400.0,30484729489,10153070907,27982000.0,89756500.0,11945100.0
2022-10-04,449.03216552734375,20336.84375,1362.1265869140625,100.74666595458984,359.7568054199219,68.74176788330078,451.60021876706253,20380.34375,1364.970947265625,100.94490509132231,359.7853586515844,68.85506552411258,440.02469588181725,19523.83984375,1320.07666015625,99.49773821862796,348.90614168269303,66.7685492601219,445.26698576333996,19623.583984375,1323.2783203125,99.55721600951836,354.4551993806732,66.8440810206631,1954600.0,35887278685,10139774963,28850800.0,103602800.0,14900700.0
2022-10-05,453.06768798828125,20160.716796875,1352.837158203125,100.53849792480469,358.9192199707031,70.31842803955078,458.338939580997,20343.748046875,1362.4517822265625,101.03410325667056,361.17501250579096,70.72440204805858,437.3890489356776,19801.80078125,1320.8551025390625,97.93161660163159,353.07510228982494,68.52458922979307,441.14459435730873,20335.900390625,1361.972900390625,98.95256237530134,355.397528717206,68.84558824888678,1193800.0,33223790572,9774451820,22176900.0,88065700.0,14037100.0
2022-10-06,446.1647644042969,19955.443359375,1351.70947265625,100.5285873413086,355.2166748046875,70.1957015991211,457.7885446218338,20408.392578125,1380.4049072265625,102.02531761520133,360.4706728707626,70.73385263221624,445.5372100260467,19900.087890625,1349.449951171875,99.70588064565636,354.7217133827097,69.73308230476637,449.20586935117984,20161.0390625,1352.806640625,99.79509354103838,357.52004633285617,69.8369366447587,926100.0,34711412966,12033514861,22324000.0,82333500.0,11796800.0
2022-10-07,419.2485656738281,19546.849609375,1332.5169677734375,97.81267547607422,345.30828857421875,65.85273742675781,433.208706006504,20041.0859375,1359.328125,99.64641382042795,355.3023262947486,68.00534188477022,417.78108998198,19395.79296875,1321.74609375,97.43601811981739,343.5474284997668,65.85273742675781,431.0654455020973,19957.55859375,1351.83642578125,98.97239021921095,351.19048666130027,67.79763317336479,1412400.0,29227315390,10061619355,27502800.0,107789500.0,14758600.0
2022-10-08,,19416.568359375,1315.50048828125,,,,,19601.6953125,1335.954833984375,,,,,19299.4140625,1307.072998046875,,,,,19546.328125,1332.371337890625,,,,,16437423167,5804676208,,,
2022-10-09,,19446.42578125,1322.604248046875,,,,,19542.5390625,1327.6688232421875,,,,,19349.259765625,1309.3446044921875,,,,,19417.478515625,1315.460205078125,,,,,16837262532,5486230123,,,
2022-10-10,407.30615234375,19141.484375,1291.337646484375,96.9998779296875,342.6717834472656,63.67180252075195,419.0651079485218,19515.466796875,1335.6627197265625,98.22897705771258,346.65988314467035,65.97546299225104,401.9672846838095,19102.978515625,1291.337646484375,96.15735036259238,340.43504562807703,63.265828417491754,418.9106352809737,19446.416015625,1322.61865234375,98.12985750199623,346.42192984075376,65.94714039020319,1383700.0,27425022774,8794491050,18225100.0,76042800.0,16042200.0
2022-10-11,385.7480163574219,19051.41796875,1279.57568359375,96.32585906982422,340.5015869140625,59.90474319458008,398.38551799001897,19241.9609375,1296.27392578125,98.37766497898305,345.5366860181765,61.28316869003258,380.3898804203236,18925.603515625,1272.7376708984375,95.4635030120505,338.5694076088321,59.12111756900871,398.26967086140127,19139.0,1291.109619140625,96.57366175239092,340.9774934330555,60.612833475702935,2044200.0,28711532910,9274845260,26507100.0,92482800.0,28699300.0
2022-10-12,384.5605163574219,19157.4453125,1294.9063720703125,96.7025146484375,339.3785095214844,60.527862548828125,390.9323734625601,19203.19921875,1303.0751953125,97.88205781573463,342.4814298234217,60.641160157336124,383.7688845074667,19029.7578125,1277.5274658203125,95.88972216704339,339.13102879643657,59.829208369235,389.85109433444387,19052.646484375,1279.7322998046875,96.44480530818547,340.91094386553914,60.046356716548004,1277100.0,24950173846,8355638578,21876400.0,76991800.0,16468700.0
2022-10-13,391.38616943359375,19382.904296875,1288.1239013671875,98.1893310546875,348.3350524902344,62.89762496948242,396.5319390517902,19453.328125,1297.564208984375,98.90300397980121,349.8008528442018,66.27758779454392,350.5966630016038,18319.822265625,1209.2781982421875,93.55046460378601,331.3356548770357,58.83788362804321,352.29583293427424,19156.966796875,1294.9173583984375,94.31370108960836,332.38265512986965,59.53653787796937,2782200.0,44219840004,17499038202,34574500.0,147254500.0,36639300.0
2022-10-14,366.0242919921875,19185.65625,1297.422119140625,95.7113037109375,340.39697265625,60.34848403930664,391.59857995553153,19889.146484375,1339.7447509765625,99.80500878199092,352.41837848921915,63.68124500760509,365.51261413643766,19115.408203125,1285.3782958984375,95.52297881847961,339.7592450066515,60.216307081019174,390.40145352984905,19382.533203125,1288.0487060546875,99.11115674778205,350.7907569397952,63.50186610884582,1727900.0,38452356727,13113767755,25410700.0,123737000.0,19440900.0
2022-10-15,,19067.634765625,1274.8717041015625,,,,,19212.541015625,1300.7459716796875,,,,,19019.25,1268.468505859375,,,,,19185.4375,1297.305908203125,,,,,16192235532,6798512624,,,
2022-10-16,,19268.09375,1306.296630859375,,,,,19389.603515625,1312.634521484375,,,,,19068.9140625,1275.0054931640625,,,,,19068.9140625,1275.0054931640625,,,,,17988916650,7491625206,,,
2022-10-17,378.6617736816406,19550.7578125,1331.713623046875,99.09135437011719,349.1440734863281,61.264278411865234,385.7866671853059,19635.802734375,1335.6478271484375,100.0429159217116,350.24818012108415,61.69857510234774,375.3889447703436,19173.333984375,1297.447265625,97.96137455495263,340.0637687647691,60.46177350112359,380.8243321247036,19268.5625,1306.3095703125,97.99110967182449,346.4694811126714,61.34925341821128,1417900.0,27472552998,9401189650,28419200.0,93168200.0,11280100.0
2022-10-18,385.19775390625,19334.416015625,1310.447021484375,99.8843002319336,353.2464599609375,60.15021514892578,395.025875324765,19666.994140625,1339.0859375,102.56057369471353,357.3583002169347,62.41611705151347,379.5982593695002,19144.76953125,1291.66064453125,99.09133619885397,349.8103989866183,59.272178431789435,393.2977435724575,19550.466796875,1331.669921875,102.22355811984305,357.05371300233446,62.21785162546379,1324800.0,30580012344,10416747806,24060700.0,97162900.0,16656100.0
2022-10-19,409.362548828125,19139.53515625,1285.7442626953125,98.75431060791016,350.7431640625,60.10300827026367,416.92189941610604,19348.416015625,1312.4423828125,100.13209275439554,353.93174409065676,60.52786531772523,396.20373275534206,19127.6875,1283.96533203125,98.05055198046585,347.93530350478727,58.69626018012466,401.513609829279,19335.02734375,1310.5631103515625,99.13097548058234,351.2095432352664,59.234414841277115,2435200.0,22425387184,8350692785,23811100.0,79746900.0,12385200.0
2022-10-20,422.1545104980469,19053.740234375,1283.200927734375,99.09135437011719,347.80206298828125,60.02748489379883,433.4018187455266,19315.19921875,1307.8551025390625,101.42069846059363,354.7122360773966,61.632494931408935,413.95800087796016,18971.458984375,1275.323974609375,98.51645023613129,347.0405950042413,59.83865912421176,416.3426194944985,19138.0859375,1285.6602783203125,99.12108948698905,350.2958089110657,60.18798445693904,2090900.0,24493974420,9009111996,25323200.0,88283100.0,11300900.0
2022-10-21,446.251708984375,19172.46875,1299.9464111328125,100.24113464355469,356.2541198730469,60.18798065185547,446.8792339832746,19237.384765625,1305.081298828125,100.41955287075776,356.7395247837277,60.216303254959776,422.5696597524621,18770.970703125,1260.666748046875,96.86111011341654,346.02212943460694,58.554644511057994,425.2535599249942,19053.203125,1283.1881103515625,96.98996478104308,347.5259812950986,58.554644511057994,2756600.0,32459287866,10412565245,32458700.0,131038400.0,13699000.0
2022-10-22,,19208.189453125,1314.2991943359375,,,,,19248.068359375,1317.10107421875,,,,,19132.244140625,1295.9468994140625,,,,,19172.380859375,1299.90234375,,,,,16104440957,7175324564,,,
2022-10-23,,19567.0078125,1363.447021484375,,,,,19646.65234375,1367.7607421875,,,,,19124.197265625,1302.9088134765625,,,,,19207.734375,1314.24951171875,,,,,22128794335,9909510925,,,
2022-10-24,456.62042236328125,19345.572265625,1344.99853515625,101.61892700195312,360.61346435546875,57.86543655395508,459.63256580684975,19589.125,1368.425537109375,101.84690881139284,361.74612439325887,58.17699600889423,443.7125998763401,19206.32421875,1327.85400390625,99.10125824677728,355.13101099924324,56.345394348399736,454.16821657518653,19567.76953125,1363.4918212890625,100.90526158454394,357.77707959447656,57.19510850105551,2389300.0,30202235805,13092820173,27176400.0,85436900.0,25010800.0
2022-10-25,469.2096252441406,20095.857421875,1461.6654052734375,103.56169891357422,366.37188720703125,57.72381591796875,478.6129236864023,20348.412109375,1509.9854736328125,103.89870692702209,366.6859727287409,57.931524620820745,461.8144124389551,19261.447265625,1336.9788818359375,101.81716593632244,360.4230557221393,56.184890786446644,461.94955760111407,19344.96484375,1344.7113037109375,101.99558416765885,360.5372686391246,56.609747859756666,2047200.0,47761524910,25367291294,40611400.0,78846300.0,21700600.0
2022-10-26,467.35601806640625,20770.44140625,1566.566650390625,94.09562683105469,363.6116638183594,57.44057083129883,479.04741602574796,20938.134765625,1584.63671875,97.44591608866746,368.9037428227225,58.516872861616186,457.85616981287063,20076.1171875,1460.4287109375,93.85773839371232,362.97396524839513,57.05347968703467,459.49741615498226,20092.236328125,1461.1331787109375,95.58244279853433,363.23094435236135,57.45945376535457,1879400.0,58895950537,32705548427,88114100.0,104087300.0,14006000.0
2022-10-27,458.0106506347656,20285.8359375,1514.3748779296875,91.40946197509766,361.66998291015625,57.544429779052734,472.67556673608647,20854.044921875,1574.4034423828125,94.59124776308492,366.44807462100994,58.96061753275435,457.6051561851819,20255.373046875,1510.8167724609375,90.99315525046492,361.05128110498777,57.50666390791495,465.4348259143408,20772.802734375,1566.8414306640625,93.68924229737569,364.6110821532887,58.39414027034268,1075700.0,49625110402,22813499245,60710900.0,81971800.0,12937600.0
2022-10-28,472.2701721191406,20595.3515625,1555.4779052734375,95.44368743896484,370.27435302734375,58.545204162597656,472.93632277257,20724.98046875,1568.6339111328125,95.70140436063788,370.75025961760167,58.56408709945968,452.6815716883413,20086.068359375,1493.87109375,91.32024694154877,361.3844214069697,56.713602505604925,453.61801274842975,20287.95703125,1514.3231201171875,91.45901584652545,361.5652682350303,57.374490889567895,1436100.0,43994715910,19974623205,43697300.0,100302000.0,11972300.0
2022-10-29,,20818.4765625,1619.698486328125,,,,,20988.39453125,1652.3822021484375,,,,,20566.484375,1549.983642578125,,,,,20595.103515625,1555.274658203125,,,,,40369840645,21618154775,,,
2022-10-30,,20635.603515625,1590.7833251953125,,,,,20917.005859375,1637.037841796875,,,,,20547.462890625,1579.4852294921875,,,,,20817.982421875,1619.6978759765625,,,,,31486345556,13930073427,,,
2022-10-31,456.0894775390625,20495.7734375,1572.7144775390625,93.6793212890625,367.5997619628906,58.110904693603516,464.2570254266622,20795.3203125,1630.452880859375,95.18595815992897,369.68423516133385,58.79067598254229,455.3460759139821,20287.458984375,1555.9189453125,93.1539808509468,366.69555686556424,57.65772503482825,462.4806337739604,20633.6953125,1590.4813232421875,94.58131905431053,367.81868945232327,58.14867056555607,1063600.0,45668466815,19306919714,31675000.0,96631300.0,10802800.0
2022-11-01,458.9471435546875,20485.2734375,1579.70458984375,89.6748275756836,365.9912109375,58.13923263549805,466.9505843865621,20647.2890625,1606.605712890625,95.18595629968785,371.57837896955164,59.885862847645946,456.5142356627068,20359.845703125,1568.0985107421875,89.57570802441086,364.8204992604764,58.13923263549805,466.67060081146167,20494.8984375,1572.6453857421875,94.61105231503412,371.3404256632253,59.72535968782779,760700.0,39819303159,14507311208,47161400.0,85407600.0,11561900.0
2022-11-02,430.90130615234375,20159.50390625,1519.7117919921875,86.20560455322266,356.80615234375,57.138458251953125,460.51112230477224,20742.810546875,1613.41064453125,90.3786011169974,369.9031091678092,59.37603399554847,430.8337482954017,20087.134765625,1507.2447509765625,86.11639164873716,356.70146685113565,57.138458251953125,453.8013572701982,20482.958984375,1579.4979248046875,90.14071264226654,365.4010229977816,59.007825739184256,1887400.0,55552169483,23254218281,57038300.0,126990400.0,16547200.0
2022-11-03,425.99188232421875,20209.98828125,1531.541748046875,82.69670867919922,353.1322021484375,56.911869049072266,432.61532028141784,20382.095703125,1556.7596435546875,85.75954610026633,356.16848838692556,57.48778602915199,423.2805142703803,20086.240234375,1517.1016845703125,82.60749578413358,351.0191758170607,56.10936402533783,426.84399617401255,20162.689453125,1519.724853515625,85.56130698597873,353.5700280593983,56.64751513095777,1615700.0,43228750179,14248351007,61288000.0,87100100.0,11040900.0
2022-11-04,453.91876220703125,21147.23046875,1645.0933837890625,85.81903076171875,358.21490478515625,58.98894500732422,454.74182701170145,21209.560546875,1661.334716796875,85.87850098830332,360.61346359996287,59.00782794445268,439.9456029568994,20188.01953125,1529.2684326171875,82.97425311346052,352.170885136249,57.610523010914285,447.7117034404312,20208.76953125,1531.3975830078125,84.64940174408115,358.8335775577456,58.07314236512967,1587800.0,64072727950,20806964347,51124900.0,103505200.0,14662800.0
2022-11-05,,21282.69140625,1627.968017578125,,,,,21446.88671875,1660.4864501953125,,,,,21097.634765625,1625.9642333984375,,,,,21144.83203125,1645.156494140625,,,,,37846047609,11006973190,,,
2022-11-06,,20926.486328125,1572.2347412109375,,,,,21345.376953125,1634.1324462890625,,,,,20920.19140625,1572.2347412109375,,,,,21285.056640625,1627.901123046875,,,,,35082693210,11632744705,,,
2022-11-07,468.0855407714844,20602.81640625,1568.59130859375,87.71223449707031,361.6413879394531,59.2532958984375,470.0706244835354,21053.24609375,1604.475341796875,88.11863452220038,362.2315073959389,59.41379905505787,454.74179706596783,20489.97265625,1550.41552734375,86.08664952122535,357.4343613850076,58.50743972848392,459.79652931151844,20924.62109375,1572.0169677734375,86.51287043332725,359.5093069084671,59.121118946839445,1429400.0,53510852236,15279963349,34078900.0,68286900.0,8507100.0
2022-11-08,487.64599609375,18541.271484375,1332.8355712890625,88.11864471435547,363.5926818847656,61.387020111083984,489.97000455853447,20664.607421875,1574.7998046875,89.52616228462122,366.56233474373306,62.0762347076218,475.5127055593527,17603.544921875,1259.443115234375,86.82015337855162,359.5189221082523,60.63172423878518,482.47506765540896,20600.671875,1568.32958984375,88.11864471435547,362.7455541021946,60.77334446581119,2316100.0,118992465607,42048003440,30429000.0,84641100.0,14102800.0
2022-11-09,473.96337890625,15880.7802734375,1100.1697998046875,86.55252838134766,356.101806640625,61.36813735961914,488.2560774379683,18590.458984375,1335.7435302734375,88.65389803931104,362.7740251463003,62.87873622323521,473.4308040742648,15682.6923828125,1083.28564453125,86.51287904112137,355.60684528454624,61.320928218870314,478.85351044670483,18543.76171875,1333.1224365234375,87.67259388397157,361.62231048852317,62.81264774804899,1302600.0,102905151606,38864492427,31769100.0,78495500.0,15086800.0
2022-11-10,543.0350341796875,17586.771484375,1299.464599609375,93.11434173583984,375.6711120605469,66.88182067871094,544.0324521371234,18054.3125,1341.7911376953125,93.56038355540274,376.00425245255667,66.91015048318663,503.88507908989294,15834.0185546875,1093.12255859375,90.80481883714413,367.0572151863192,63.55850339410361,514.6723942567155,15883.158203125,1100.107177734375,91.43919312210994,369.3510591794325,63.95503421952606,3518000.0,83202283721,28581002122,51620100.0,141455800.0,21367900.0
2022-11-11,558.1895751953125,17034.29296875,1287.2210693359375,95.56262969970703,379.3070983886719,69.70476531982422,560.3005480293793,17650.943359375,1302.2952880859375,96.07805594966968,380.1066180137116,70.43173855524164,540.8078708615437,16543.482421875,1211.32958984375,93.09450954770053,374.64319033872147,68.33577945648749,543.0254059494343,17583.251953125,1298.8824462890625,93.85774604143894,376.5277909851231,68.67566510510187,1982800.0,55871616488,20920539099,33090500.0,93839900.0,15524700.0
2022-11-12,,16799.185546875,1255.268310546875,,,,,17066.67578125,1288.15087890625,,,,,16651.775390625,1242.1522216796875,,,,,17036.875,1287.4383544921875,,,,,29717699419,10964962767,,,
2022-11-13,,16353.365234375,1221.8192138671875,,,,,16920.765625,1271.7125244140625,,,,,16320.634765625,1208.52099609375,,,,,16799.72265625,1255.4412841796875,,,,,27209183682,10717455214,,,
2022-11-14,559.5258178710938,16618.19921875,1241.604248046875,94.8588638305664,376.08038330078125,68.73230743408203,571.6106733456023,17109.32421875,1284.2176513671875,95.93928745861939,380.89655521020984,69.56313489599944,555.7105586891719,15872.94140625,1178.4290771484375,93.67932820432442,375.8043493716394,68.2035925009504,556.5820876947428,16352.0283203125,1221.8955078125,94.25422468031444,377.5461835918774,69.14771756348944,1806400.0,49630243054,15028035663,30179500.0,71903500.0,11575300.0
2022-11-15,578.5536499023438,16884.61328125,1251.7362060546875,97.57478332519531,379.28802490234375,75.96432495117188,589.0601667090722,17051.962890625,1283.19873046875,99.25983848330503,382.9239582221826,78.29631572291292,567.9697085060301,16542.55078125,1238.688232421875,95.85998549384487,375.4807721813481,75.53947142404945,587.5398669244131,16617.484375,1241.677734375,97.39636509743826,381.8198514474499,77.34274710060362,1669400.0,36599436183,11798011594,41640800.0,93194500.0,48742400.0
2022-11-16,558.4412841796875,16669.439453125,1215.6025390625,97.9811782836914,376.3946228027344,75.0107421875,565.4617440801621,16960.294921875,1264.486328125,98.76423566096419,378.6123352567277,76.06816497541888,555.6330765784015,16430.111328125,1192.98779296875,96.78181421845211,375.7664224694947,74.49147766370054,565.0453652749457,16884.341796875,1251.808837890625,97.03953112343324,377.660521851281,76.05872170681062,1418900.0,33925512989,11939561598,29105200.0,68508500.0,24006600.0
2022-11-17,570.3809204101562,16687.517578125,1200.80859375,97.49549865722656,375.2428283691406,76.92731475830078,571.7559456533147,16726.439453125,1224.9656982421875,98.40741081347373,375.9186366580597,78.30573651199235,550.9366509164116,16460.68359375,1189.1527099609375,95.93929794363618,371.3404174691277,74.29320491831321,550.9463437657508,16670.42578125,1215.8486328125,96.11771619701832,371.6449756187588,74.86912179388949,917900.0,27868914022,9723646871,26052600.0,74496300.0,24278400.0
2022-11-18,574.3800659179688,16697.77734375,1212.30029296875,96.57365417480469,376.946533203125,77.67317199707031,580.9357413523895,16947.05859375,1226.7374267578125,98.0307350439421,378.640759324959,78.21132303804389,566.284764220776,16564.611328125,1200.8021240234375,95.52297330311087,374.10062138676545,76.47413624020047,580.6355585582007,16687.912109375,1200.8021240234375,97.90187281922236,378.57412543802,78.15467783471082,1115300.0,26862218609,7979913378,28342300.0,92922500.0,18578400.0
2022-11-19,,16711.546875,1218.4267578125,,,,,16797.876953125,1227.8372802734375,,,,,16570.41015625,1200.4755859375,,,,,16696.220703125,1212.2154541015625,,,,,16106223492,5978745776,,,
2022-11-20,,16291.83203125,1142.4666748046875,,,,,16746.779296875,1224.0777587890625,,,,,16248.6923828125,1137.9332275390625,,,,,16712.919921875,1218.436279296875,,,,,21313378652,9651002684,,,
2022-11-21,561.9176635742188,15787.2841796875,1108.35302734375,94.7597427368164,375.5758972167969,75.46392059326172,565.306851561224,16291.2236328125,1142.395751953125,97.53513576068444,376.7466376918826,76.5024567772583,556.8919795950926,15599.046875,1084.8572998046875,94.52185428293382,373.7389050539046,75.02962390552143,562.7988855483791,16291.2236328125,1142.395751953125,96.43489126326328,375.6235052961584,76.29474809983839,849800.0,37429485518,14080099208,21647400.0,51243200.0,18659700.0
2022-11-22,577.3336791992188,16189.76953125,1135.1734619140625,96.1969985961914,380.63006591796875,77.92809295654297,577.6435549125632,16253.0478515625,1136.442626953125,96.36550259521411,380.79188693120494,78.54177576207657,556.0495381034092,15656.6064453125,1081.13818359375,93.22336658471515,376.1089535381112,76.69129127994239,563.3023910575922,15782.30078125,1107.89599609375,95.10666080878029,377.5176474312929,76.80458169117087,1082400.0,30726828760,12040670755,23438500.0,60429000.0,16504700.0
2022-11-23,584.7317504882812,16610.70703125,1183.1995849609375,97.59461212158203,383.0286560058594,77.38994598388672,590.6870617188415,16638.193359375,1184.997314453125,97.8919783793907,383.51406095455076,78.31518467230012,576.33626404508,16170.5029296875,1130.0228271484375,96.23665063568495,380.06850204043604,77.16335794635134,576.33626404508,16195.5888671875,1135.4215087890625,96.23665063568495,380.29692789864373,77.83368599292541,874700.0,32958875628,11242676044,18868100.0,68261600.0,14683800.0
2022-11-24,,16604.46484375,1203.983154296875,,,,,16771.474609375,1211.62744140625,,,,,16501.767578125,1180.3797607421875,,,,,16611.63671875,1183.3450927734375,,,,,26129037414,9706372376,,,
2022-11-25,573.1019897460938,16521.841796875,1198.9259033203125,96.6033935546875,382.9430236816406,76.85179901123047,578.9701238720316,16603.31640625,1203.7994384765625,97.77302247882432,383.4950916496888,77.76760168268896,573.1019897460938,16388.404296875,1174.8233642578125,96.543923332857,382.19111210524926,76.85179901123047,578.0308039644552,16602.26953125,1203.7994384765625,97.37653668783366,382.4671170422372,77.55044969954865,408900.0,18678255976,5483308196,9701400.0,30545400.0,5908300.0
2022-11-26,,16464.28125,1205.89794921875,,,,,16666.86328125,1227.0380859375,,,,,16416.228515625,1198.097900390625,,,,,16521.576171875,1198.79052734375,,,,,18000008764,5074160558,,,
2022-11-27,,16444.626953125,1195.126953125,,,,,16594.40625,1220.3494873046875,,,,,16437.025390625,1195.0390625,,,,,16463.8828125,1205.9052734375,,,,,20443898509,4486976868,,,
2022-11-28,564.8711547851562,16217.322265625,1170.086181640625,95.20578002929688,376.8323974609375,74.79361724853516,579.1928738219723,16482.93359375,1198.7376708984375,96.7223310193925,381.49627670237254,76.54969111358226,562.0435610671261,16054.5302734375,1156.0625,94.76964495050564,376.07092941217024,74.48205412984171,574.9806209001879,16440.22265625,1194.9603271484375,96.18707639424052,379.8591567063179,75.78494462196153,1056200.0,27743025156,7275411870,26237500.0,67881600.0,13214200.0
2022-11-29,560.494140625,16444.982421875,1216.9012451171875,94.35335540771484,376.1851501464844,74.89744567871094,568.4151487227084,16522.2578125,1222.1641845703125,95.27518172427101,378.15538144006086,75.7282731710089,558.509056951712,16139.396484375,1163.4775390625,93.28284596351969,374.34812855248094,74.5481167996808,565.597307465932,16217.6396484375,1169.8743896484375,94.88861012981242,376.96561491269216,75.44503996375185,562900.0,23581685468,7639405818,20061700.0,52310000.0,11502300.0
2022-11-30,588.8665161132812,17168.56640625,1295.6885986328125,100.10236358642578,388.03515625,78.343505859375,589.1473132455617,17190.9375,1302.0386962890625,100.15192714493028,388.03515625,78.76835928339415,558.6737025125926,16445.4765625,1215.4979248046875,93.59010977787369,374.51942770651925,75.97374978427617,566.7690052295901,16445.4765625,1216.9287109375,93.98659555889795,376.4325522787015,76.12480605831071,1569700.0,29523576583,9836925304,43647500.0,144566700.0,21667300.0
2022-12-01,591.906982421875,16967.1328125,1276.27392578125,100.10236358642578,387.7496337890625,78.06027221679688,597.0391679587823,17197.498046875,1295.9998779296875,101.35129114983415,390.2433795179694,78.95718828006724,582.3204014527103,16888.388671875,1267.70849609375,99.36886980705012,385.24636063389784,76.6063185371105,592.3427468482424,17168.001953125,1295.76953125,100.13209869659357,389.07263892248426,78.40015786675492,1245900.0,22895392882,6857935276,28687100.0,76398200.0,15975100.0
2022-12-02,586.5328369140625,17088.66015625,1294.3033447265625,99.55721282958984,387.30230712890625,76.94621276855469,588.217737892004,17088.66015625,1294.3033447265625,99.88430663851699,388.20651222768515,77.56933893067362,578.0985800718726,16877.880859375,1269.2431640625,98.03074732602357,382.76216868711776,76.61577035066031,581.2940880406661,16968.68359375,1276.32861328125,98.17943045499304,382.86685419503635,77.23888930967478,719800.0,19539705127,6213645709,21480700.0,85342700.0,10519800.0
2022-12-03,,16908.236328125,1243.3348388671875,,,,,17116.041015625,1299.84033203125,,,,,16888.140625,1241.431884765625,,,,,17090.09765625,1294.45654296875,,,,,16217776704,5672609405,,,
2022-12-04,,17130.486328125,1280.256591796875,,,,,17157.767578125,1281.4923095703125,,,,,16903.439453125,1242.9117431640625,,,,,16908.169921875,1243.21923828125,,,,,16824520830,5174128454,,,
2022-12-05,581.7686767578125,16974.826171875,1259.6767578125,98.60564422607422,380.3350524902344,77.05950927734375,587.9369947488148,17378.15234375,1302.237548828125,100.48893851504042,385.4177317516839,77.58821713827986,574.5933069467857,16922.431640625,1252.472412109375,98.1298597604134,378.9834939436765,76.42693985446162,585.9422177092202,17128.89453125,1279.9989013671875,98.52634555474117,384.48497335823737,77.36162908403644,873900.0,22209086834,6120359523,24405100.0,77289800.0,11523300.0
2022-12-06,574.2736206054688,17089.50390625,1271.65380859375,96.12761688232422,374.8525390625,75.11458587646484,585.3127124695762,17091.86328125,1271.9232177734375,98.9030023011365,380.7157112233438,76.88954556162813,568.2408855684024,16939.921875,1247.6298828125,95.57253374869178,372.76809510416285,74.73694162295152,584.3927782971103,16975.23828125,1259.854248046875,98.42722540069438,380.17319983401165,76.8517796956563,839200.0,19889922369,5089212680,24910700.0,77972200.0,13992100.0
2022-12-07,582.3108520507812,16848.126953125,1232.4375,94.10555267333984,374.2148742675781,74.8124771118164,584.8769750027353,17109.376953125,1272.694091796875,96.02849641963317,376.5753814167961,75.2562170981151,571.988380450808,16750.55859375,1224.447998046875,93.88748509454602,373.0822142567911,74.19879430529912,573.4602751948189,17089.505859375,1271.5531005859375,95.56263371133674,374.0054742055746,74.58588908589279,878600.0,19675404389,5752205180,31045400.0,65927900.0,14925300.0
2022-12-08,587.6754150390625,17233.474609375,1281.1163330078125,92.88634490966797,377.14642333984375,76.28531646728516,590.1640539760346,17267.916015625,1286.229736328125,94.73991146391016,378.212449392276,76.44581601712484,569.0542112801359,16788.783203125,1226.3585205078125,92.62862803485098,374.3195371968257,74.68029935957814,573.1406336028183,16847.349609375,1232.4517822265625,94.54166480545987,376.0994521400108,75.0107417278079,1019300.0,20496603770,6227269815,32213300.0,60737900.0,11197500.0
2022-12-09,578.7764282226562,17133.15234375,1264.2847900390625,92.01410675048828,374.3290710449219,76.18146514892578,591.8199306027735,17280.546875,1290.055419921875,93.43153859513204,378.45993659247966,77.59765295740142,577.5175989166818,17100.8359375,1260.8187255859375,91.93480806603606,374.205330689029,76.18146514892578,583.8989219912892,17232.1484375,1281.0772705078125,92.94583982461623,375.9090843451082,76.33252143621594,870700.0,20328426366,5706183865,28225400.0,81447700.0,13787900.0
2022-12-10,,17128.724609375,1266.3841552734375,,,,,17216.826171875,1279.5279541015625,,,,,17120.68359375,1262.119873046875,,,,,17134.220703125,1264.37548828125,,,,,12706781969,3282499999,,,
2022-12-11,,17104.193359375,1263.8685302734375,,,,,17245.634765625,1281.783203125,,,,,17091.8203125,1260.6636962890625,,,,,17129.7109375,1266.4178466796875,,,,,14122486832,3362005848,,,
2022-12-12,590.67724609375,17206.4375,1274.6190185546875,92.4898681640625,379.72589111328125,75.93598937988281,590.6869389426296,17212.564453125,1275.6103515625,92.73767083950996,379.72589111328125,75.93598937988281,576.9365098548931,16899.39453125,1243.477783203125,90.80481299595476,374.45283780553007,74.39706791208295,577.9726399384816,17102.5,1263.573486328125,91.89514325545609,375.11908962319546,75.3317498340532,819600.0,19617581341,5151109364,29420000.0,75405800.0,11516600.0
2022-12-13,608.3785400390625,17781.318359375,1320.5491943359375,94.78946685791016,382.600341796875,76.01152038574219,622.9907467170933,17930.0859375,1341.4393310546875,98.65518970639518,390.70977956297014,77.50323269827733,598.0172978938928,17111.763671875,1258.472412109375,94.19474201099017,379.8400894083029,75.180685615967,622.6227730614577,17206.44140625,1274.6624755859375,96.90075027363069,390.45280046353844,77.50323269827733,1334000.0,26634741631,8812883119,40593700.0,123782500.0,16938000.0
2022-12-14,596.3614501953125,17815.650390625,1309.3287353515625,94.23441314697266,380.15411376953125,75.54889678955078,606.9163726149334,18318.53125,1346.1744384765625,96.01859566290456,385.9601789916347,76.95564855087655,590.6192050163896,17739.513671875,1305.8333740234375,92.77733201935133,377.2130150280867,75.07683418045983,602.7912375808329,17782.06640625,1320.6885986328125,94.3632678322139,382.2576124071932,76.30419984533782,1167500.0,25534481470,7830915428,28733600.0,108111300.0,17910000.0
2022-12-15,567.7761840820312,17364.865234375,1266.3538818359375,90.06141662597656,370.85498046875,73.68887329101562,585.6516926595493,17846.744140625,1311.067138671875,92.81698152362237,376.20416598654884,75.20803427411195,565.7620214596524,17322.58984375,1262.6893310546875,89.218888932877,369.1988348015829,73.47998729760283,583.908693454861,17813.64453125,1309.1907958984375,92.31146188282725,375.2999318308924,75.20803427411195,1420500.0,20964448341,6032859783,40107000.0,117705900.0,17080200.0
2022-12-16,556.13671875,16647.484375,1168.2593994140625,89.4666748046875,366.4766845703125,72.4450454711914,567.2048315459679,17505.525390625,1278.156982421875,90.52726989079738,369.6416517370113,74.11611856394457,547.8283497391484,16584.701171875,1162.1756591796875,88.73317348357445,364.3444126151115,72.37858241913791,558.9836390906275,17364.546875,1266.4605712890625,89.96228012646478,368.3029997780551,73.68885712130493,2097300.0,24031608960,9297811507,58011800.0,119858000.0,11929100.0
2022-12-17,,16795.091796875,1188.1495361328125,,,,,16800.58984375,1189.0450439453125,,,,,16614.029296875,1165.4078369140625,,,,,16646.982421875,1168.0667724609375,,,,,14463581825,5077258586,,,
2022-12-18,,16757.9765625,1184.7152099609375,,,,,16815.38671875,1194.2144775390625,,,,,16697.8203125,1176.185791015625,,,,,16795.609375,1188.1285400390625,,,,,10924354698,3350092519,,,
2022-12-19,550.6074829101562,16439.6796875,1167.60986328125,87.66268157958984,363.3690185546875,72.2551498413086,557.618251102661,16807.52734375,1192.923828125,89.76404353999254,367.0025351167428,73.22361978905114,544.8555441876579,16398.13671875,1160.377197265625,87.43469977854382,361.70526779936387,71.93233135468093,555.8752519055175,16759.041015625,1184.75830078125,89.4666848509379,366.6678648941245,73.03372016992036,906800.0,17221074814,4943628091,29493000.0,79878100.0,12561300.0
2022-12-20,545.3299560546875,16906.3046875,1217.70361328125,88.23757934570312,363.8662414550781,71.7994155883789,550.946371502141,17012.984375,1224.0926513671875,88.39617669869548,365.482194633709,72.35010645337931,543.3836436299275,16427.8671875,1165.5994873046875,86.6714720777627,361.2941043449694,71.11579134886854,544.4391004117248,16441.787109375,1167.8826904296875,87.33558147815765,362.61364283927566,71.31518054473726,845700.0,22722096615,6684951715,23453800.0,74427200.0,12080600.0
2022-12-21,562.5664672851562,16817.53515625,1213.5999755859375,88.79265594482422,369.3069152832031,73.24262237548828,565.4714854241408,16916.80078125,1218.1922607421875,89.42703018514993,370.43520527298585,73.50847465731226,549.3389182614422,16755.912109375,1206.4400634765625,87.54372835066033,365.9220161334383,71.94183686064221,551.0432050260857,16904.52734375,1217.58642578125,88.29705059692365,366.45747677877307,72.02729351918929,797700.0,14882945045,4217182733,24745600.0,78167400.0,10806100.0
2022-12-22,538.3482666015625,16830.341796875,1218.18212890625,86.98865509033203,364.0383605957031,71.47660064697266,552.9701669593741,16866.673828125,1221.98681640625,87.76179824360828,369.28780122976565,72.56850023705688,529.4879380207293,16592.408203125,1187.1278076171875,85.56130923053732,358.3490543275083,70.28025804646713,552.9701669593741,16818.380859375,1213.672607421875,87.38514089164586,366.2662563964438,72.42607729157947,1351800.0,16441573050,5297471739,27658300.0,100120900.0,13019700.0
2022-12-23,533.9132690429688,16796.953125,1220.159423828125,88.44573211669922,366.13238525390625,71.10628509521484,534.5911184165942,16905.21875,1226.998779296875,88.76291923113465,366.2758070046261,71.54304335814216,525.3531821845099,16794.458984375,1215.994873046875,86.30471342250716,361.4662030943732,70.42266094665736,529.5557419160479,16829.64453125,1218.079345703125,86.34436275710375,363.01521636298173,71.10628509521484,602600.0,15329265213,4835831923,23003000.0,59857300.0,7452600.0
2022-12-24,,16847.755859375,1221.1485595703125,,,,,16864.703125,1224.91162109375,,,,,16793.52734375,1216.3387451171875,,,,,16796.9765625,1220.117919921875,,,,,9744636213,2626153345,,,
2022-12-25,,16841.986328125,1218.9620361328125,,,,,16860.5546875,1223.517822265625,,,,,16755.25390625,1203.7196044921875,,,,,16847.505859375,1221.1715087890625,,,,,11656379938,3942720070,,,
2022-12-26,,16919.8046875,1226.974365234375,,,,,16920.123046875,1226.974365234375,,,,,16812.369140625,1214.3359375,,,,,16842.25,1218.920166015625,,,,,11886957804,3282098400,,,
2022-12-27,520.1725463867188,16717.173828125,1212.7916259765625,86.62190246582031,364.68853759765625,70.5650863647461,529.1974765931343,16959.845703125,1230.4180908203125,88.15828207571641,366.3618594408892,70.96386471763036,519.523775544239,16642.072265625,1205.8956298828125,86.24524512227134,363.0152157544233,70.41317390628404,528.7617120471195,16919.291015625,1226.987060546875,88.01951318270693,366.01764723973866,70.57458315712813,802600.0,15748580239,4091530737,20097300.0,51638200.0,8974800.0
2022-12-28,514.8079833984375,16552.572265625,1189.986083984375,85.26396179199219,360.15625,69.3687515258789,524.6462858997592,16768.169921875,1213.12890625,87.26621212712578,366.59137848650926,70.7834767418851,512.2612459957909,16497.556640625,1185.7021484375,85.1846706641137,359.9267751898031,69.1598655345797,519.7077784991942,16716.400390625,1212.736572265625,86.21553094992734,364.6216127041186,70.44166461865562,609900.0,17005713920,4991669631,19523200.0,70911500.0,10275700.0
2022-12-29,534.0100708007812,16642.341796875,1201.5953369140625,87.6725845336914,366.63909912109375,72.16022491455078,537.7866178915012,16651.755859375,1204.1416015625,88.06907033133078,367.5092298344996,72.1982048495671,523.0485214138292,16508.68359375,1188.3602294921875,85.84876045182291,362.47012280084226,70.40369457265402,524.0652659066405,16552.322265625,1190.0101318359375,85.85867467640674,362.99604137114017,70.59358700380376,841000.0,14472237479,4132233940,23333500.0,66970900.0,11142500.0
2022-12-30,529.1007080078125,16602.5859375,1199.2327880859375,87.45452880859375,365.6734313964844,70.72650909423828,529.1781326111332,16643.427734375,1202.03466796875,87.52391325940049,365.8168531569802,70.80246895991036,519.7755942194691,16408.474609375,1187.4625244140625,85.80911531469404,361.84869548769285,69.92895223647598,523.736069538949,16641.330078125,1201.569580078125,86.21551535680346,363.961883087202,70.53661667398958,703200.0,15929162910,4055668253,23986300.0,84022200.0,7784100.0
2022-12-31,,16547.49609375,1196.771240234375,,,,,16628.986328125,1205.088623046875,,,,,16517.51953125,1194.2037353515625,,,,,16603.673828125,1199.360107421875,,,,,11239186456,3018513333,,,
2023-01-01,,16625.080078125,1200.96484375,,,,,16630.439453125,1203.475341796875,,,,,16521.234375,1192.8853759765625,,,,,16547.9140625,1196.713623046875,,,,,9244361700,2399674550,,,
2023-01-02,,16688.470703125,1214.6566162109375,,,,,16759.34375,1219.860595703125,,,,,16572.228515625,1195.2149658203125,,,,,16625.509765625,1201.103271484375,,,,,12097775227,3765758498,,,
2023-01-03,532.1703491210938,16679.857421875,1214.77880859375,88.33670806884766,364.13397216796875,70.28975677490234,546.2887556598192,16760.447265625,1219.0953369140625,90.24974519044535,369.49815002254616,72.1317438341713,528.4906708208057,16622.37109375,1207.4915771484375,87.74197554671677,361.274962367188,70.04289081221229,543.5096260073008,16688.84765625,1214.7440185546875,88.80257078642089,367.52841345608357,72.01780402586849,675100.0,13903079207,3392972131,28131200.0,74850700.0,9276200.0
2023-01-04,552.7572631835938,16863.23828125,1256.526611328125,87.30583953857422,366.9451904296875,72.46403503417969,557.289085032018,16964.5859375,1264.8074951171875,89.85325071371112,368.9722958919306,72.73938404606055,543.2965671871286,16667.763671875,1213.1688232421875,86.50295373591993,363.3499291613042,70.70750522838907,552.7281846287543,16680.205078125,1214.7186279296875,89.55588448127065,366.3905873546689,71.20122974504909,1087300.0,18421743322,6404416893,34854800.0,85934100.0,12316400.0
2023-01-05,547.4215698242188,16836.736328125,1250.4385986328125,85.44236755371094,362.757080078125,71.90385437011719,555.3909831997513,16884.021484375,1258.571533203125,86.80032906609173,365.10928447945327,72.57798177682308,544.739251101027,16790.283203125,1245.173095703125,85.14500885244108,362.1642506841692,71.53355189213609,547.4796678170113,16863.47265625,1256.484619140625,86.70120949900179,364.9945470716449,72.16020982294829,710900.0,13692758566,4001786456,27194400.0,76970500.0,10039200.0
2023-01-06,576.9850463867188,16951.96875,1269.3790283203125,86.57233428955078,371.0758056640625,74.1256332397461,579.7254636205249,16991.994140625,1273.2203369140625,86.9192640659125,372.19455357778276,74.76178078344634,549.319639891316,16716.421875,1240.947509765625,84.11413611960162,362.785708249104,72.302640020218,557.1147607614162,16836.47265625,1250.458984375,86.02717297103696,365.84547897836046,72.63495536066357,1025800.0,14413662913,4977252792,41381500.0,104189600.0,13744100.0
2023-01-07,,16955.078125,1264.2703857421875,,,,,16975.017578125,1270.5982666015625,,,,,16914.19140625,1262.2711181640625,,,,,16952.1171875,1269.4197998046875,,,,,7714767174,2565213548,,,
2023-01-08,,17091.14453125,1287.3594970703125,,,,,17091.14453125,1287.3594970703125,,,,,16924.05078125,1260.226806640625,,,,,16954.146484375,1264.181884765625,,,,,9768827914,3495088905,,,
2023-01-09,601.6582641601562,17196.5546875,1321.5389404296875,87.24635314941406,370.8654479980469,76.25244903564453,612.3680942821361,17389.95703125,1342.1441650390625,89.25851700743456,376.4495872696216,77.11647605565058,593.3983016944269,17093.9921875,1286.6807861328125,87.08776338680192,370.68379991549534,76.01507993044686,594.5506278070397,17093.9921875,1287.4508056640625,87.58336868376195,373.2654787600865,76.4898181408422,1348800.0,18624736866,7990438824,29003900.0,73978100.0,22247600.0
2023-01-10,613.3363647460938,17446.29296875,1336.5860595703125,87.64285278320312,373.4663391113281,77.16397094726562,613.7140312093126,17484.720703125,1342.7572021484375,87.89065547093827,373.53327899556643,77.45831366053643,601.9293008858305,17162.990234375,1318.5272216796875,85.07562056818927,369.34518834804146,76.39489711115864,602.9170257580234,17192.94921875,1321.3955078125,85.22430369329793,370.28225918611713,76.44237384540857,873900.0,15808338949,5830173253,30467800.0,65358100.0,10269000.0
2023-01-11,624.268798828125,17934.896484375,1387.9327392578125,90.7155990600586,378.1898498535156,77.64818572998047,624.7142560589485,17934.896484375,1387.9327392578125,90.7948977302534,378.26636090740493,77.7526287227719,613.249095937447,17337.994140625,1323.5831298828125,88.22766567198052,374.2312636370513,76.55628632420778,615.4278587551566,17446.359375,1336.48681640625,88.3961696743914,375.0440257972263,77.44879653754157,806500.0,18372283782,6314904311,26862000.0,68881100.0,11771400.0
2023-01-12,631.8994750976562,18869.587890625,1417.9384765625,90.32903289794922,379.5668029785156,82.60445404052734,635.5113616814888,19030.087890625,1432.28125,91.06253429761234,381.02976337180365,84.34199774337145,614.7405315094154,17995.203125,1378.422119140625,88.96116478580137,375.2257485082276,80.15480297526489,630.8149398375874,18117.59375,1405.3514404296875,90.6759627102154,379.2895306207411,80.66752114547778,1322200.0,34971338710,12230193038,30258100.0,90157700.0,36086800.0
2023-01-13,638.8036499023438,19909.57421875,1451.6148681640625,91.31033325195312,381.039306640625,82.41456604003906,639.8203941792299,19964.322265625,1461.6727294921875,91.37971769910212,381.6130228505716,82.69940465385022,628.1906316464477,18753.1640625,1404.02392578125,89.33781849580512,376.10539392375364,80.610559176844,628.7716705923333,18868.90625,1417.9461669921875,90.05149141638756,376.3731242643396,81.0947942374334,649700.0,29225029694,7684148212,26329200.0,63903900.0,18719900.0
2023-01-14,,20976.298828125,1550.7069091796875,,,,,21075.142578125,1563.7391357421875,,,,,19907.828125,1450.9884033203125,,,,,19910.537109375,1451.428466796875,,,,,38967784639,15444626014,,,
2023-01-15,,20880.798828125,1552.4794921875,,,,,20993.748046875,1556.9508056640625,,,,,20606.986328125,1520.893798828125,,,,,20977.484375,1550.7315673828125,,,,,19298407543,6774614499,,,
2023-01-16,,21169.6328125,1576.83349609375,,,,,21360.875,1594.039794921875,,,,,20715.74609375,1529.5736083984375,,,,,20882.224609375,1552.519287109375,,,,,26792494050,8454485431,,,
2023-01-17,637.3512573242188,21161.51953125,1567.8460693359375,90.48761749267578,380.34124755859375,84.4939193725586,641.9895813749623,21438.66015625,1594.0009765625,91.43917877077745,382.69348088927234,85.19653726193502,630.485705562518,20978.533203125,1553.3359375,89.25851845375324,379.66236518124305,81.80690613916202,630.485705562518,21175.833984375,1577.107421875,91.25084633493321,381.0201591163604,81.86387241627253,902600.0,24999983362,7599462786,32602400.0,62677300.0,21850000.0
2023-01-18,631.6381225585938,20688.78125,1515.5069580078125,90.31912994384766,374.33642578125,84.94966888427734,654.7039754958142,21564.501953125,1602.106689453125,91.9843643742161,382.58829750949707,86.61125286236145,630.9118679665002,20541.544921875,1509.4228515625,89.84334543702602,374.1356353327088,84.84522588328328,652.1960094019912,21161.05078125,1567.698974609375,91.33016162262862,381.526947386791,85.90864223707236,1152700.0,30005625418,10354880595,29116700.0,99632300.0,19209800.0
2023-01-19,610.2959594726562,21086.79296875,1552.5565185546875,92.23217010498047,371.6112976074219,83.9337158203125,634.9208254456012,21163.01171875,1557.9703369140625,92.78724574591155,373.9443593060729,85.46237341496445,607.1682418538483,20685.380859375,1514.3800048828125,89.83343416594599,370.2917592534764,83.80078970285844,633.8846951059314,20686.74609375,1515.2496337890625,89.92264707243187,372.2997219516563,84.53188334885583,1534100.0,21152848261,6432638856,37000400.0,86958900.0,13651100.0
2023-01-20,628.3070068359375,22676.552734375,1659.754150390625,97.1584701538086,378.5340881347656,86.43083953857422,630.001600815031,22692.357421875,1659.8857421875,97.43601550407813,378.68708106087394,86.43083953857422,614.120869844032,20919.126953125,1544.9178466796875,94.18483803338714,371.36270886328373,84.69329590750523,617.887724359362,21085.373046875,1552.3736572265625,94.26413670489272,373.00734634342695,85.45287996027987,1033200.0,28799154319,8528894754,63191100.0,91806400.0,14287200.0
2023-01-21,,22777.625,1627.1181640625,,,,,23282.34765625,1674.1793212890625,,,,,22511.833984375,1626.81298828125,,,,,22677.427734375,1659.7060546875,,,,,32442278429,8859250310,,,
2023-01-22,,22720.416015625,1628.382080078125,,,,,23056.73046875,1658.0234375,,,,,22387.900390625,1612.085693359375,,,,,22777.986328125,1627.365966796875,,,,,24746386230,7517988734,,,
2023-01-23,654.6265258789062,22934.431640625,1628.2510986328125,98.91293334960938,383.07598876953125,90.82691955566406,654.868610733687,23126.486328125,1641.2181396484375,99.16073606642,385.0074698849866,90.89338261658112,636.0537238097129,22654.3046875,1607.903076171875,96.64305955614341,378.3811219727352,87.0859800710833,637.2157429332099,22721.087890625,1628.55078125,97.08910142146702,379.3373059432333,87.12395999788309,1780900.0,26518700512,8264507375,40005100.0,84178800.0,22875100.0
2023-01-24,648.7970581054688,22636.46875,1556.604248046875,96.8412857055664,382.6647644042969,89.78250122070312,651.7310956059589,23134.01171875,1639.723876953125,98.73450183779414,383.5731214964874,93.04870290607647,639.0264880473837,22549.744140625,1551.3897705078125,96.3456803384707,380.2169362364954,86.92458198993272,645.611183814503,22929.626953125,1627.8482666015625,97.23777151171052,381.40259479828296,90.95036057716017,1066900.0,26405069715,8180274691,33078500.0,59524900.0,11370500.0
2023-01-25,659.952392578125,23117.859375,1611.7110595703125,94.3830795288086,382.8082275390625,87.74113464355469,661.3952088559466,23722.099609375,1632.24169921875,95.31481996198589,383.1428977378186,88.30132235127675,634.2817051248613,22406.076171875,1530.7978515625,92.93591288382635,376.31573073269413,86.5163089803781,636.160285961768,22639.267578125,1556.8074951171875,94.73000174467127,378.6010242444025,87.99749013401888,1569200.0,30685366709,10598973448,42330000.0,84800300.0,14147300.0
2023-01-26,662.247314453125,23032.77734375,1603.10595703125,96.66287231445312,387.0154724121094,88.72858428955078,663.254366114351,23237.078125,1626.1982421875,96.7124358785813,387.1780365308271,89.51665159647649,646.6764009365874,22911.373046875,1586.59814453125,94.54168184198296,382.5022827834098,87.95951057099495,660.3106357257906,23108.955078125,1611.0809326171875,95.65184064234623,385.466459007332,89.14635630651024,1593300.0,26357839322,8395315241,30114000.0,72287400.0,15759400.0
2023-01-27,646.2599487304688,23078.728515625,1598.156494140625,98.49661254882812,387.9046936035156,88.58616638183594,656.6502100100987,23417.720703125,1617.0008544921875,99.43825971343786,390.2760402786123,89.36473687511294,645.572406583336,22654.59375,1565.2449951171875,96.45471331121503,385.7628509166012,87.57971629740616,646.0759619081508,23030.716796875,1603.080078125,96.45471331121503,385.97321255052447,88.13041444346172,1249700.0,25383335641,8124465373,33879800.0,68346200.0,13646600.0
2023-01-28,,23031.08984375,1572.43505859375,,,,,23165.896484375,1604.7041015625,,,,,22908.845703125,1565.39013671875,,,,,23079.96484375,1598.1253662109375,,,,,14712928379,5803653357,,,
2023-01-29,,23774.56640625,1646.1556396484375,,,,,23919.890625,1653.7249755859375,,,,,22985.0703125,1568.98486328125,,,,,23031.44921875,1572.6295166015625,,,,,27423687259,8801292300,,,
2023-01-30,629.7207641601562,22840.138671875,1567.3265380859375,96.08795928955078,383.0377197265625,88.42475891113281,637.3996881599791,23789.34765625,1646.651611328125,97.42609210526543,387.37880296998725,89.48817538023067,627.1159289287212,22657.58203125,1546.6607666015625,95.55270465079757,382.7413050405992,87.90255109346947,629.4205813239423,23774.6484375,1646.147705078125,96.62321392830401,385.1508780562935,88.15890660484136,1209900.0,27205595568,9180418120,27226200.0,74202000.0,14079800.0
2023-01-31,639.9173583984375,23139.283203125,1586.535400390625,97.97126770019531,388.669677734375,88.04496765136719,639.9366849942533,23225.021484375,1598.517578125,98.01091703799966,388.717475261581,88.07345079012657,626.806006668253,22765.568359375,1563.8043212890625,95.96902529627194,383.2098461559824,85.45289336529018,630.601880112497,22840.796875,1567.419921875,96.01858885911187,383.5540875652921,86.40236995823786,801800.0,22837828665,6585191019,29870700.0,86811800.0,13342100.0
2023-02-01,657.0473022460938,23723.76953125,1641.792724609375,99.54729461669922,392.80035400390625,89.95341491699219,663.3996057735905,23764.5390625,1644.7275390625,100.30061689425332,395.54462644508357,90.93137469794252,635.1240860208919,22877.75,1566.8572998046875,96.72234552879351,384.7206171548962,87.89305234509372,638.6488553039412,23137.8359375,1586.4881591796875,97.84241093913148,387.45528923844535,88.30132759037639,1274200.0,26683255504,8116969489,35531100.0,101459200.0,16788500.0
2023-02-02,674.4967651367188,23471.87109375,1643.2415771484375,106.79302978515625,398.51837158203125,91.76691436767578,676.4722152444256,24167.2109375,1704.4581298828125,106.90206355804081,399.981331954011,92.57396802474624,663.2640522726059,23468.595703125,1641.3226318359375,104.68175389285314,394.7892597691829,90.9978333997506,674.8357193722292,23720.82421875,1641.365966796875,104.8700863300786,396.6824854385565,91.71943764034688,1318600.0,32066936882,10558081069,69883800.0,101654500.0,14925300.0
2023-02-03,658.102783203125,23449.322265625,1664.74560546875,103.85905456542969,394.2824401855469,89.87744903564453,671.4271420929757,23678.103515625,1670.6968994140625,106.86242173682118,398.7000051703591,92.05174384764395,656.4662873402896,23279.955078125,1634.223388671875,101.67839407914221,393.0776391240828,89.54512646524638,656.9698427143138,23469.412109375,1642.9046630859375,102.02531630709647,393.55573107794413,90.23824749810466,1015800.0,27083066007,8169519805,65309300.0,94736800.0,12242200.0
2023-02-04,,23331.84765625,1667.0592041015625,,,,,23556.94921875,1690.099609375,,,,,23291.794921875,1648.189208984375,,,,,23446.3203125,1664.4722900390625,,,,,15639298538,5843302512,,,
2023-02-05,,22955.666015625,1631.6458740234375,,,,,23423.435546875,1671.770263671875,,,,,22841.759765625,1616.391845703125,,,,,23332.248046875,1667.16650390625,,,,,19564262605,6926696531,,,
2023-02-06,642.4030151367188,22760.109375,1616.2470703125,101.9955825805664,391.872802734375,87.19042205810547,649.555222190709,23119.279296875,1653.7154541015625,103.44274929562647,393.2688521236934,87.39930803114176,639.9963396059345,22692.025390625,1611.319091796875,100.98454343127975,390.21862339860974,86.15548898549757,646.2362702146319,22954.021484375,1631.645263671875,101.49997723038128,391.8345763914126,87.16193892431511,783100.0,23825006542,6919871886,31999600.0,60295300.0,12425200.0
2023-02-07,658.6577758789062,23264.291015625,1672.0035400390625,106.69392395019531,396.9980163574219,89.77301788330078,663.4808990992126,23310.974609375,1673.7978515625,107.22917865979215,398.24104381969875,89.91543358205128,639.7536016044711,22756.2578125,1614.863037109375,102.2136547117616,389.7118993305467,87.04801735894341,639.7536016044711,22757.267578125,1616.0096435546875,102.31277427376001,390.9549267928235,87.14296357275434,1236100.0,27187964471,8030277434,49010200.0,90990700.0,15258900.0
2023-02-08,643.1988525390625,22939.3984375,1650.716796875,98.49661254882812,392.6568603515625,89.51664733886719,654.9412293528035,23367.958984375,1688.5272216796875,102.23347365780366,396.366858057828,91.09278187775418,641.8111284051834,22731.09765625,1635.2650146484375,97.17830046850436,391.96840686812754,89.46917785806322,651.6222770237333,23263.416015625,1671.9052734375,101.15305759656383,395.0282066123747,90.21925795257371,763900.0,25371367758,7806089579,94743500.0,76227500.0,12899700.0
2023-02-09,644.4991455078125,21819.0390625,1546.438232421875,94.17493438720703,389.2529296875,91.80488586425781,662.1126777075409,22996.4375,1655.23486328125,99.15080896730558,396.4051963035193,93.58989909124315,642.4515287067074,21773.974609375,1537.1822509765625,92.80705872811015,388.0290153704697,90.78894629059138,653.2234027790988,22946.56640625,1651.082275390625,99.12107385512309,396.2522033663381,91.14974475576784,686500.0,32572572185,10524969124,119455000.0,78694900.0,16997400.0
2023-02-10,636.9490966796875,21651.18359375,1514.869140625,93.7387924194336,390.16131591796875,90.55158996582031,637.7448656198259,21941.185546875,1553.32568359375,95.89963197469012,390.5437836705012,91.62449596358881,629.4670324803367,21539.392578125,1504.83447265625,93.42160530867747,387.2640796514173,89.48817351884193,633.7855079292796,21819.005859375,1546.5965576171875,94.61105508342865,388.0768126828916,91.1022809128557,731800.0,27078406594,8397387897,54980700.0,70769700.0,11511400.0
2023-02-11,,21870.875,1539.9267578125,,,,,21891.41015625,1541.334716796875,,,,,21618.44921875,1510.14697265625,,,,,21651.841796875,1514.94189453125,,,,,16356226232,5064007416,,,
2023-02-12,,21788.203125,1515.03369140625,,,,,22060.994140625,1545.55419921875,,,,,21682.828125,1501.4620361328125,,,,,21870.90234375,1539.7760009765625,,,,,17821046406,5319698775,,,
2023-02-13,648.972900390625,21808.1015625,1507.1658935546875,93.77843475341797,394.74139404296875,91.25418090820312,653.1264175529176,21898.4140625,1524.7314453125,94.36324537302151,394.875273798094,91.52003315144285,637.8904774163118,21460.087890625,1470.02392578125,93.0151983623495,390.3525133608386,90.11481208176707,639.6469737862818,21787.0,1514.9169921875,93.90728940799079,390.81149214644563,90.64651656824653,596000.0,23918742607,9363855114,50076100.0,64913500.0,7803500.0
2023-02-14,657.45458984375,22220.8046875,1556.8751220703125,93.84783172607422,394.5596923828125,93.01072692871094,660.851134584247,22293.140625,1562.0343017578125,94.01633573432831,396.8640696336887,93.9886866683336,637.7837838666073,21632.39453125,1497.1944580078125,91.44910358703162,390.61064866854656,90.40916307127809,642.1507699615321,21801.822265625,1506.9920654296875,93.6000290448755,393.22101173495633,90.97884758287141,1013400.0,26792596581,9249575045,54726100.0,88389300.0,15345100.0
2023-02-15,656.8043212890625,24307.841796875,1673.7459716796875,96.08795928955078,395.84100341796875,88.07344818115234,657.4545003233081,24307.841796875,1674.289794921875,96.26637750246853,395.9174852871057,88.9469648822447,641.461647933894,22082.76953125,1545.689697265625,93.32248077049421,391.52860488743005,86.18398460152682,642.2574168438958,22220.5859375,1556.76513671875,93.6594887491517,392.3700513500147,87.6651729685218,683500.0,32483312909,10015035156,50169000.0,61555700.0,30208300.0
2023-02-16,636.88134765625,23623.474609375,1640.067626953125,94.6705322265625,390.3907775878906,86.23146057128906,648.4489932358257,25134.1171875,1732.8011474609375,96.82145754317696,394.8179138959173,87.15245399012002,636.075864662468,23602.5234375,1638.1455078125,93.90729578367531,390.25692701019995,85.338950290124,639.2297993968533,24307.349609375,1673.867431640625,94.53176333918978,390.8784407346895,86.38338029741556,946300.0,39316664596,12704861676,42462600.0,76431500.0,15568400.0
2023-02-17,632.6597900390625,24565.6015625,1694.7833251953125,93.52072143554688,389.4154968261719,85.5478286743164,638.550375841863,24924.041015625,1716.7818603515625,94.72008539046281,389.6545428210452,85.73772831506567,628.2540078571869,23460.755859375,1636.173828125,92.39074192224304,386.34612524209655,84.44643973369307,631.5146764119945,23621.283203125,1640.2801513671875,94.0163267505867,388.2680643786122,85.42439934077733,1149600.0,41358451255,9802443159,34284100.0,89257800.0,11235300.0
2023-02-18,,24641.27734375,1691.8194580078125,,,,,24798.8359375,1705.30908203125,,,,,24468.373046875,1683.670166015625,,,,,24565.296875,1694.7418212890625,,,,,19625427158,5491437195,,,
2023-02-19,,24327.642578125,1681.4361572265625,,,,,25093.0546875,1718.9476318359375,,,,,24327.642578125,1673.9066162109375,,,,,24640.02734375,1691.68017578125,,,,,25555105670,6959144003,,,
2023-02-20,,24829.1484375,1702.6751708984375,,,,,25020.458984375,1716.4893798828125,,,,,23927.91015625,1659.2950439453125,,,,,24336.623046875,1682.3370361328125,,,,,28987376573,7703604237,,,
2023-02-21,611.1644287109375,24436.353515625,1658.036376953125,90.98323822021484,381.60345458984375,83.21211242675781,624.9058487224637,25126.8515625,1714.28564453125,92.28172191944829,386.4513142893378,84.90217928634108,610.9218184342218,24200.36328125,1642.396728515625,90.91385376824827,381.34529542458307,83.0601999672094,619.1511400664904,24833.048828125,1702.7978515625,92.18260235411577,385.39950609313314,83.91472294552082,1022700.0,31252098714,8721608198,33629300.0,82655900.0,14007600.0
2023-02-22,605.7591552734375,24188.84375,1643.231689453125,90.8444595336914,381.0775146484375,82.44304656982422,616.6183952532642,24472.33984375,1663.996826171875,91.30041553499177,383.55402728513724,83.63938174907382,602.0908589097432,23644.318359375,1604.8033447265625,89.81359952809775,379.62409654042705,82.28163730270924,613.8623160357505,24437.41796875,1658.1409912109375,90.89401552985218,382.0145561334285,83.31656321484385,1017300.0,30199996781,9189387004,30884000.0,83742300.0,10106400.0
2023-02-23,619.2289428710938,23947.4921875,1651.0738525390625,90.09113311767578,383.1046447753906,85.52884674072266,623.8773355828007,24572.08984375,1674.6015625,91.13190729905016,384.577176151522,87.34234312878709,608.1561739735299,23693.919921875,1632.566162109375,88.97106783366301,378.88787027584414,84.9401686899529,623.1495045752515,24190.71875,1643.298583984375,91.11207885163788,383.965204449082,85.7377327343484,1093000.0,30476264066,9013236167,41206400.0,96242400.0,15468300.0
2023-02-24,600.1015014648438,23198.126953125,1608.3731689453125,88.34660339355469,379.0122375488281,83.65838623046875,606.2055559759614,24103.705078125,1661.09130859375,89.09992561252551,379.84411300157524,83.69636616484144,594.6087704859103,23007.072265625,1583.1478271484375,87.8014420680175,376.3923025955011,82.83233895670925,601.1204529932,23946.0078125,1650.8951416015625,88.65388384050988,378.09430903342667,83.6393926413165,995700.0,26811744928,8909129423,36585100.0,108194400.0,8817600.0
2023-02-25,,23175.375,1594.9149169921875,,,,,23210.2109375,1608.8651123046875,,,,,22861.55859375,1567.6317138671875,,,,,23200.125,1608.6583251953125,,,,,16100721565,5657686235,,,
2023-02-26,,23561.212890625,1640.817138671875,,,,,23654.3671875,1645.2734375,,,,,23084.220703125,1590.39306640625,,,,,23174.150390625,1594.7611083984375,,,,,16644534842,5727967432,,,
2023-02-27,613.3964233398438,23522.87109375,1634.326416015625,89.08011627197266,380.30303955078125,82.8893051147461,620.470917592623,23857.890625,1662.57568359375,89.3675683080764,383.7070519585176,84.36098941027308,607.7484490644918,23205.87890625,1615.387939453125,88.55476820178005,379.365968807818,82.8323315962838,612.7461851604634,23561.451171875,1640.763671875,89.08011627197266,382.3492579579314,84.21856648001405,804500.0,22660763494,7239824677,27502300.0,80444700.0,10609400.0
2023-02-28,599.4707641601562,23147.353515625,1605.8951416015625,89.2684326171875,378.8974609375,82.67091369628906,606.7685026501626,23585.384765625,1644.435791015625,90.42815487570596,381.78512595829335,83.69634999443876,592.1051468935318,23077.650390625,1602.4281005859375,88.534938821612,378.79226552930106,82.50950443933876,594.3468642222058,23521.837890625,1634.50244140625,88.54485304599933,379.82496053517093,82.73737675761744,1381700.0,20535363434,6323676957,30142000.0,96438600.0,7520400.0
2023-03-01,596.7728271484375,23646.55078125,1663.4337158203125,89.56581115722656,377.4440002441406,83.95270538330078,604.701315159276,23880.6328125,1663.4337158203125,90.22992059802009,379.3085704071732,85.49085982935806,593.8712174405033,23088.626953125,1601.548583984375,88.88187326493379,376.14360422634064,83.81028246801078,602.711922547608,23150.9296875,1606.0404052734375,89.18915376446422,378.08465625730815,84.54138338599859,794300.0,24662841200,7701847224,31111200.0,99706800.0,8176700.0
2023-03-02,605.7203369140625,23475.466796875,1647.3193359375,91.19139099121094,380.3794860839844,84.53189849853516,606.6131855671363,23739.138671875,1672.0511474609375,91.46892879729705,381.22093252105213,84.82623391937236,585.3992934786629,23245.021484375,1622.5999755859375,88.80256940162761,375.13958820432623,82.71840200315386,588.3979831933483,23647.01953125,1663.549072265625,88.87196141548718,375.47425838003477,83.2121266359064,795800.0,20386398516,7080950926,32204400.0,85127800.0,9761600.0
2023-03-03,618.539794921875,22362.6796875,1569.1676025390625,92.82688903808594,386.4800109863281,85.25349426269531,618.8212015367532,23479.34765625,1648.475341796875,92.90618771372029,386.7286281625777,85.31046053360737,603.3912225410013,22213.23828125,1552.4515380859375,91.63743159058448,381.54609807414363,83.43999070340077,606.8653592678081,23476.6328125,1647.5577392578125,91.66717426570082,382.1962961869598,84.19007799410919,1024100.0,26062404610,9922240199,35160100.0,90120000.0,10844000.0
2023-03-04,,22353.349609375,1566.9239501953125,,,,,22405.177734375,1575.63720703125,,,,,22198.98046875,1551.73681640625,,,,,22362.923828125,1569.278076171875,,,,,11166012913,4389045367,,,
2023-03-05,,22435.513671875,1564.46875,,,,,22613.685546875,1584.2088623046875,,,,,22307.142578125,1559.9541015625,,,,,22354.14453125,1567.1793212890625,,,,,13317001733,5020886238,,,
2023-03-06,602.6148681640625,22429.7578125,1567.398681640625,94.29387664794922,386.7477111816406,85.0541000366211,614.3960390290471,22584.29296875,1579.456298828125,95.12649761674808,389.59714976739536,86.71568378323458,601.52797871412,22331.314453125,1557.363525390625,93.17381121430402,386.3078747490803,84.98763697651376,608.7772055745568,22436.81640625,1564.3831787109375,93.19363210202732,387.3022850157021,85.52883824993923,1403000.0,17353192895,5245153345,32639300.0,72795900.0,9960000.0
2023-03-07,591.10546875,22219.76953125,1561.93310546875,93.03504943847656,380.8193664550781,84.36099243164062,603.3621467492299,22527.41796875,1579.1622314453125,94.82913862718598,386.93896700217493,85.68076429437477,587.408089874313,22011.26171875,1543.1275634765625,92.70794804845617,380.20742390861926,83.83878466056295,601.0427778945744,22428.322265625,1567.4246826171875,94.1452082944525,386.699921017692,85.40541521772738,1033000.0,22765452204,6854058349,27835500.0,108310600.0,8761100.0
2023-03-08,601.0912475585938,21718.080078125,1534.0882568359375,93.4216079711914,381.44085693359375,86.24095153808594,602.2072192970955,22268.896484375,1568.17529296875,95.11657735157019,382.196221130841,86.25044108737923,591.0277779808143,21708.05078125,1534.0882568359375,93.17380529752776,379.2129323233864,83.6868574556246,593.7158595799029,22216.44140625,1561.9779052734375,93.2927533033278,380.9340806833584,83.886246649745,1081800.0,22536575684,7130327525,34103300.0,74746600.0,8813000.0
2023-03-09,586.8646240234375,20363.021484375,1438.6607666015625,91.5085678100586,374.4034423828125,84.38947296142578,605.4485973992396,21802.716796875,1544.1083984375,94.69035312052974,383.88880145673494,86.10803043883281,586.6899517085499,20210.306640625,1423.2647705078125,91.09226114790435,373.41857393091925,84.09513754966305,598.8301810570136,21720.080078125,1534.0316162109375,93.2233655789375,382.22502128661864,85.17754023465052,983800.0,30364664171,9457897583,28813500.0,111945300.0,10354700.0
2023-03-10,583.43896484375,20187.244140625,1429.1580810546875,89.83342742919922,369.0009460449219,82.84182739257812,599.101840518812,20370.595703125,1438.7601318359375,91.97444627624094,375.93327957719293,84.66482059493725,581.7115511074442,19628.25390625,1378.525390625,89.60545319191515,367.4806170891498,82.7943506684197,595.9479066746611,20367.001953125,1438.7601318359375,91.35989288962611,373.8583475978051,83.58241792829084,1043500.0,39578257695,12665194936,35941000.0,189253000.0,11928800.0
2023-03-11,,20632.41015625,1482.61669921875,,,,,20792.525390625,1484.136962890625,,,,,20068.66015625,1428.72314453125,,,,,20187.876953125,1429.100830078125,,,,,30180288176,14917080154,,,
2023-03-12,,22163.94921875,1590.29296875,,,,,22185.03125,1607.152587890625,,,,,20448.806640625,1461.6109619140625,,,,,20628.029296875,1482.431884765625,,,,,29279035521,11480965122,,,
2023-03-13,586.9034423828125,24197.533203125,1680.3089599609375,90.3092041015625,368.4749450683594,83.30707550048828,594.8512987461087,24550.837890625,1699.9117431640625,91.75637076191212,373.284577202758,84.50341805404871,572.4535590682815,21918.19921875,1572.07470703125,88.6340556613181,363.9713279086819,81.94932366222214,575.5880651103255,22156.40625,1590.8311767578125,89.29816499049838,365.08050452774603,82.0157867349793,966900.0,49466362688,15711468959,37335600.0,157790000.0,11847600.0
2023-03-14,601.9646606445312,24746.07421875,1703.507080078125,93.1440658569336,374.5660095214844,84.77876281738281,602.1102505160076,26514.716796875,1779.9178466796875,93.5306374048924,376.2106473473908,85.10158137033677,593.2113213538959,24081.18359375,1665.90234375,91.62751477458181,370.0910457381612,83.27858811570778,599.2377232593005,24201.765625,1680.2952880859375,91.74645521251553,373.38989256874834,83.5824203248126,844600.0,54622230164,16159781303,36050200.0,149752400.0,11100100.0
2023-03-15,588.757080078125,24375.9609375,1656.1805419921875,95.2652587890625,372.2232971191406,82.31962585449219,591.0861630701859,25240.615234375,1721.0792236328125,96.07805124185921,372.42408758364206,82.83234413467657,578.9750144349266,23964.91015625,1616.63037109375,91.82575652926289,366.8973453679593,81.12329044466087,582.963514270118,24770.92578125,1705.18994140625,92.40066053699009,368.9818486133687,82.79436419792971,1047200.0,43655701450,12715339905,50622100.0,172996900.0,12171500.0
2023-03-16,611.9213256835938,25052.7890625,1677.2154541015625,99.43826293945312,378.7539978027344,85.2296371459961,612.3677499040348,25190.326171875,1693.1392822265625,100.30061902134946,379.0982391870772,85.39188666178049,581.2844936478261,24225.111328125,1639.26171875,94.66062738841612,369.36429390384325,81.90825513880411,582.9924794273986,24373.45703125,1656.33203125,95.35447189407667,369.87107021323396,82.03232701293794,1063200.0,33866061747,9364980166,65492000.0,143254200.0,13184600.0
2023-03-17,614.958984375,27423.9296875,1792.485107421875,100.72683715820312,374.3253173828125,85.39189147949219,619.5297844784093,27787.8125,1799.343994140625,101.93610789707766,378.55818505074,85.92636392947303,608.282343116768,24955.169921875,1667.1318359375,99.22019261289883,372.9431553160695,84.94331326684069,614.978412156025,25055.123046875,1677.2967529296875,99.37878995970463,377.4255889740926,85.00057609172693,1109300.0,50730261335,12467445117,61028500.0,140553400.0,13287700.0
2023-03-18,,26965.87890625,1761.65966796875,,,,,27725.953125,1840.3575439453125,,,,,26636.26171875,1751.2628173828125,,,,,27448.1171875,1793.5924072265625,,,,,35723036817,10317822213,,,
2023-03-19,,28038.67578125,1785.5765380859375,,,,,28440.560546875,1843.8441162109375,,,,,26907.716796875,1762.9632568359375,,,,,26969.50390625,1762.9632568359375,,,,,37769448859,9170565472,,,
2023-03-20,627.225341796875,27767.236328125,1735.3212890625,100.3303451538086,377.9246826171875,85.93590545654297,629.1662243962041,28527.724609375,1807.7252197265625,100.85568559854943,378.33743311980123,86.25086553945775,620.2090109231956,27242.880859375,1728.103759765625,98.9922122627572,374.4021114765073,84.61880958477289,627.1962001269876,28041.6015625,1785.416259765625,99.2400149300755,375.10277090610924,85.14373577465692,935600.0,44774027664,10978325507,32960400.0,93055800.0,8217500.0
2023-03-21,623.1494140625,28175.81640625,1806.7607421875,103.99781799316406,382.8870544433594,88.28378295898438,636.4444703821601,28439.5625,1836.28857421875,104.17623620992997,383.36697102971766,88.76099259660052,616.4242636373012,27439.646484375,1725.00732421875,100.33034166916575,379.69079357481445,86.66127310374601,632.4462573665819,27768.392578125,1735.617919921875,100.36007677823723,381.28412015653794,86.85215404613598,848500.0,36102192830,10758627746,42110300.0,91524200.0,12299700.0
2023-03-22,621.4415283203125,27307.4375,1737.717041015625,102.46147155761719,376.3601989746094,88.39830780029297,641.8499385308493,28803.3359375,1821.458251953125,105.65316424413483,386.3232727268631,90.69845425656452,620.6360454076565,26759.99609375,1717.76513671875,102.4218222148709,376.3218267349629,88.32195251767104,623.9937938329491,28158.720703125,1804.95703125,103.3535553012225,382.71431965042825,89.2381940642126,955500.0,33382021890,12484103560,43427400.0,111746600.0,12812400.0
2023-03-23,644.528076171875,28333.97265625,1816.4051513671875,104.6718521118164,377.37762451171875,90.27851104736328,654.0190176957594,28729.84375,1853.8880615234375,105.36570416377398,383.25179889041164,91.45244989868283,635.5806384762386,27183.36328125,1732.524658203125,103.541872478814,374.6708879123496,89.17138853220578,638.2978614623853,27301.95703125,1737.140869140625,104.13659740739351,379.22048781510506,90.1830705811388,1171500.0,24220433689,11012966854,40797800.0,119351300.0,11169700.0
2023-03-24,628.3897705078125,27493.28515625,1752.0447998046875,104.51326751708984,379.8539733886719,88.56056213378906,639.4721915777798,28388.4375,1819.935302734375,104.56282351890222,379.9403548581303,89.88720429456406,620.839710119546,27039.265625,1730.3494873046875,102.92732421233099,373.75902695920195,87.89246429695243,636.667602509273,28324.111328125,1815.81982421875,104.06721812674961,376.1010222149094,89.66768466549065,842700.0,25980310960,10913669383,30393300.0,107682400.0,7653700.0
2023-03-25,,27494.70703125,1743.7647705078125,,,,,27791.826171875,1762.674560546875,,,,,27196.234375,1716.6519775390625,,,,,27487.337890625,1751.469482421875,,,,,13383005987,6614309912,,,
2023-03-26,,27994.330078125,1775.6767578125,,,,,28178.14453125,1797.8802490234375,,,,,27445.046875,1741.182861328125,,,,,27495.5234375,1743.8421630859375,,,,,13878363192,6990313307,,,
2023-03-27,625.0126953125,27139.888671875,1715.4608154296875,101.5594482421875,380.5643310546875,86.52764892578125,638.0457146113303,28037.92578125,1781.3792724609375,103.83923589570183,382.8967484518619,87.97836291857789,624.0422540312971,26606.689453125,1690.5166015625,101.03410777688019,379.67169303289216,86.42266223032958,635.9980977234407,27994.068359375,1775.4813232421875,103.70046700155793,382.12886416554034,87.84474481193769,800300.0,18188895178,8585750760,31120900.0,74010400.0,9349800.0
2023-03-28,620.8009033203125,27268.130859375,1772.78564453125,100.14201354980469,379.7100524902344,86.67081451416016,625.5657431050702,27460.71875,1791.1109619140625,101.54953089706174,380.5642888800985,86.7280846238159,613.6875534048365,26677.818359375,1702.564697265625,98.86335086819658,377.8767674052834,85.82138191762073,625.0610947743331,27132.888671875,1715.327392578125,101.53962423516843,379.87320774489075,86.52765744412427,793200.0,17783600385,8346890042,32057900.0,62871700.0,7521300.0
2023-03-29,639.6373291015625,28348.44140625,1793.0018310546875,100.49885559082031,385.2290344238281,88.53193664550781,645.5084877094932,28619.54296875,1825.6009521484375,101.58918588440255,385.46899270747423,88.97096865139021,629.3021045270657,27259.662109375,1772.89990234375,99.7653617660232,382.6662670661032,87.2816424062091,630.3696256028073,27267.03125,1772.89990234375,101.38103253800085,383.8660584843338,87.57751734185702,1101800.0,20684945906,9136176952,28779600.0,77497900.0,9264000.0
2023-03-30,656.6781005859375,28033.5625,1792.7371826171875,100.00323486328125,387.4846496582031,88.25514221191406,660.5113549180887,29159.90234375,1827.2802734375,100.27086595492908,388.1085353397573,89.2572779759372,653.6018187705112,27720.16015625,1766.2489013671875,98.90299051392147,385.6225710265115,87.83519544510031,655.2418666590557,28350.140625,1793.345947265625,100.02306330980005,387.8589693504225,89.09502846390113,892500.0,22435349951,9724496987,33086200.0,69840000.0,10232800.0
2023-03-31,660.589111328125,28478.484375,1822.0220947265625,102.81828308105469,392.9461364746094,88.78007507324219,662.9860728816739,28639.896484375,1844.6773681640625,102.97687285114189,393.24368242982905,89.00914093510045,653.7183704155493,27583.71484375,1783.1422119140625,100.15192403778421,388.30051790737826,86.97622328054405,655.1352360210262,28032.26171875,1793.6201171875,100.40964092180509,388.4061147934353,87.08120998015217,681600.0,19001327598,9149379763,36863400.0,112062600.0,8701800.0
2023-04-01,,28411.03515625,1813.860595703125,,,,,28802.45703125,1840.173095703125,,,,,28297.171875,1811.1185302734375,,,,,28473.33203125,1821.704345703125,,,,,10876469901,5556443606,,,
2023-04-02,,28199.30859375,1795.7081298828125,,,,,28518.958984375,1824.328857421875,,,,,27884.087890625,1774.8724365234375,,,,,28462.845703125,1821.192138671875,,,,,12284641999,6199721188,,,
2023-04-03,654.0676879882812,27790.220703125,1810.297119140625,103.44275665283203,394.4434814453125,88.60828399658203,655.7659601741656,28475.623046875,1839.1578369140625,103.61126066891856,394.84659500245755,89.33364470082017,647.662799436788,27276.720703125,1765.5189208984375,101.03411417712786,392.03429064106433,87.5297928128706,654.8537430307921,28183.080078125,1794.9224853515625,101.49007022424684,392.4278257842298,88.77054081104309,657200.0,19556501327,9643826401,25035400.0,67391100.0,6863600.0
2023-04-04,648.9146118164062,28168.08984375,1871.005126953125,103.7995834350586,392.2550354003906,87.96882629394531,661.4526954837064,28433.7421875,1886.5946044921875,104.65202522333027,395.3744932102715,89.02823231345296,646.3720606214358,27681.3046875,1802.9554443359375,103.12555987136325,390.8824517022873,87.53934051593582,655.9018002736276,27795.2734375,1810.14208984375,103.41301187553275,395.0865256835199,88.79917371729067,877900.0,15284538859,10398322335,24420100.0,66601500.0,6338400.0
2023-04-05,644.2760009765625,28177.984375,1909.114013671875,103.55178833007812,391.2279968261719,86.08861541748047,645.1299940566782,28739.23828125,1937.49755859375,105.16745913119128,392.2838191469049,87.978368779869,637.8807667656333,27843.763671875,1865.94189453125,102.74891004200208,389.577082640603,84.99103908004776,644.0430453111377,28169.7265625,1870.965087890625,104.85027199347772,391.52554275858984,87.42480385454253,850300.0,17052315986,10319231689,28290500.0,65200200.0,9171800.0
2023-04-06,637.6962890625,28044.140625,1872.922607421875,107.4670639038086,392.7541809082031,86.12678527832031,645.5374702045167,28178.384765625,1909.271728515625,108.21047194004801,393.0325407601975,86.76625166678322,635.9495068241521,27738.759765625,1857.0850830078125,103.41301570943838,389.3851567329968,85.32507665752337,638.8414025213173,28175.2265625,1909.1435546875,104.33484197686876,390.4313714897771,85.57322768466359,679600.0,13837809380,8263191830,48711500.0,63743300.0,5874500.0
2023-04-07,,27925.859375,1865.6361083984375,,,,,28111.59375,1882.2991943359375,,,,,27794.03125,1845.993896484375,,,,,28038.966796875,1872.734130859375,,,,,10861680497,8356130492,,,
2023-04-08,,27947.794921875,1849.4981689453125,,,,,28159.86328125,1879.1077880859375,,,,,27883.38671875,1848.87548828125,,,,,27920.513671875,1864.6790771484375,,,,,9373255556,5016362733,,,
2023-04-09,,28333.05078125,1859.3878173828125,,,,,28532.830078125,1873.057373046875,,,,,27828.48046875,1828.7000732421875,,,,,27952.3671875,1849.6722412109375,,,,,12175322951,6361497715,,,
2023-04-10,642.0828247070312,29652.98046875,1911.20751953125,105.50447845458984,393.15728759765625,84.96239471435547,642.4224554848291,29771.46484375,1917.3001708984375,106.64436480832546,393.2340906618624,84.97194094529735,626.4101733176217,28189.271484375,1848.1641845703125,104.19608051990066,389.6635097627265,82.52863010230632,630.7189352518573,28336.02734375,1859.7412109375,106.03973318637243,390.277787817443,84.38974464573454,688700.0,19282400094,8380134275,27067400.0,63681000.0,12232900.0
2023-04-11,640.2679443359375,30235.05859375,1892.189697265625,104.42403411865234,393.26287841796875,85.17236328125,652.8545369884608,30509.083984375,1936.728271484375,105.79190957241535,394.66422675434245,85.74501331743724,639.4915440701056,29609.30078125,1886.5341796875,103.75992483847456,392.4950235384784,84.43746373644375,649.7200311853006,29653.6796875,1911.3758544921875,105.61349136376525,393.7811965721071,84.59971324506274,787400.0,20121259843,8877222956,26311800.0,59297900.0,11079200.0
2023-04-12,635.30908203125,30139.052734375,1920.68212890625,103.72028350830078,391.6599426269531,82.91041564941406,652.1365604106453,30462.48046875,1929.8812255859375,105.8117386190125,395.6144801885437,85.42053604245481,634.367782391317,29725.57421875,1860.036865234375,103.42291728349981,391.07445840947173,82.90086941658305,649.2349503703078,30231.58203125,1891.94970703125,105.643234620716,395.32651264091214,84.85743209334082,897300.0,18651929926,11010714187,24370300.0,86420400.0,11299100.0
2023-04-13,645.7413330078125,30399.06640625,2012.6346435546875,106.48577117919922,396.8622131347656,83.08219146728516,651.0496778310506,30539.845703125,2022.150146484375,106.54524140425345,397.2173467130726,83.63574905054674,640.3456816351111,29878.623046875,1901.8603515625,104.90974215422128,391.6023169352439,82.05141701849676,642.7524163870402,29892.740234375,1917.6983642578125,104.90974215422128,392.7445207254535,82.61452083229537,1118600.0,17487721001,12546950499,24843600.0,85814800.0,7910500.0
2023-04-14,646.5079345703125,30485.69921875,2101.635498046875,107.91310119628906,395.8927917480469,83.22534942626953,652.7575782219662,31005.607421875,2126.316650390625,107.98248563608612,398.4171577397506,84.34202539880874,639.8798046379724,30044.498046875,2011.5032958984375,105.90093731750099,393.58919793642514,82.59543655511143,645.7412481200457,30409.5625,2013.9306640625,105.95050087264322,396.22873922494233,83.94116380991855,645900.0,22659995079,16298099411,26578000.0,78161500.0,7656400.0
2023-04-15,,30318.49609375,2092.466796875,,,,,30601.740234375,2111.075439453125,,,,,30245.8828125,2076.5107421875,,,,,30490.75,2101.616455078125,,,,,11940685378,8036468153,,,
2023-04-16,,30315.35546875,2120.005859375,,,,,30555.537109375,2137.445068359375,,,,,30157.83203125,2076.83203125,,,,,30315.9765625,2092.281005859375,,,,,12854816417,7898126856,,,
2023-04-17,620.1506958007812,29445.044921875,2076.242919921875,105.03860473632812,397.3133239746094,83.97933959960938,623.1202433727008,30319.197265625,2120.113525390625,105.22693719940173,397.3325100919648,84.03660970055435,613.5905633318883,29275.37109375,2063.03857421875,103.60134460665196,394.5777937246766,83.18717723321357,619.8595752998142,30317.146484375,2120.001220703125,103.74012106946371,395.80637894641507,83.75028104075037,1536500.0,17872186762,9648882546,37571200.0,66436400.0,8163600.0
2023-04-18,624.31396484375,30397.552734375,2104.537353515625,103.5815200805664,397.5724792480469,84.12252044677734,629.1079468259422,30470.302734375,2121.531494140625,105.60359085373453,399.02183667204184,84.37067151522201,617.9381589390448,29154.849609375,2057.65380859375,103.15529916912894,396.1999248791392,83.51169264879181,625.6337506836898,29449.091796875,2075.855224609375,105.55402729287576,398.8874459715307,84.17978327732546,910300.0,19480529496,9134015143,26596400.0,63560000.0,8468200.0
2023-04-19,605.1671142578125,28822.6796875,1936.4034423828125,103.26433563232422,397.5053405761719,83.25397491455078,609.3885690557054,30411.0546875,2104.857177734375,104.05730725261225,398.4075568472331,83.39713194326427,598.6457777640352,28669.8984375,1928.5828857421875,102.16409110128505,395.60486027089866,82.11821394249512,606.2928592296629,30394.1875,2103.9462890625,102.66961069827711,395.6624479202901,82.29955588771793,2266100.0,24571565421,13779745451,20905700.0,55227300.0,11191300.0
2023-04-20,614.842529296875,28245.98828125,1943.09765625,104.36457061767578,395.3360900878906,85.2200927734375,620.9660118069894,29076.400390625,1979.5733642578125,105.31613193758433,397.0829934844094,87.69203505067765,606.8751845411316,28037.2578125,1918.1328125,102.95705330462381,393.7907434550367,84.08433157489974,606.8751845411316,28823.68359375,1936.41796875,102.99670263824548,394.6929889766768,84.29430496773604,1692900.0,21340360360,11324135406,27820800.0,75840400.0,19206300.0
2023-04-21,615.7158203125,27276.91015625,1849.9998779296875,104.48351287841797,395.6432800292969,81.47876739501953,618.3069410494462,28349.96875,1955.649169921875,105.0683235019506,396.10398124565415,83.90299296748123,609.2429938768438,27177.365234375,1827.7889404296875,103.85904536110522,393.6948196903557,81.39286588302328,616.7251171020936,28249.23046875,1943.409912109375,104.54298309441472,395.63367232336066,83.77891381478001,982000.0,20759504330,12044274581,25800100.0,73457400.0,13175400.0
2023-04-22,,27817.5,1874.2286376953125,,,,,27872.142578125,1886.7816162109375,,,,,27169.5703125,1845.8492431640625,,,,,27265.89453125,1849.2864990234375,,,,,13125734602,6970642726,,,
2023-04-23,,27591.384765625,1862.06201171875,,,,,27820.244140625,1882.229736328125,,,,,27400.314453125,1838.992431640625,,,,,27816.14453125,1874.1715087890625,,,,,12785446832,6607451862,,,
2023-04-24,608.83544921875,27525.33984375,1842.7574462890625,105.03860473632812,396.0559387207031,80.78204345703125,622.3536890133978,27979.982421875,1888.1937255859375,105.69279990108514,396.4782676301581,82.04187655579659,608.398738800679,27070.849609375,1811.7921142578125,103.77976284473804,394.10747868962846,80.16166949803629,621.8878961573405,27591.73046875,1862.0853271484375,104.56282024731928,395.4416314735753,81.50740411439338,1431400.0,17703288330,8438191338,23542800.0,64332100.0,10567600.0
2023-04-25,587.8545532226562,28307.59765625,1866.753662109375,102.93722534179688,389.76904296875,78.53916931152344,607.9523553850722,28371.078125,1877.4849853515625,105.75226754350551,394.6450119030647,79.59857537425744,587.8545532226562,27207.931640625,1805.3228759765625,102.92731111776044,389.7114553215701,78.5105378960401,607.9523553850722,27514.873046875,1842.204345703125,104.89982577246494,394.088292257947,79.47449619830728,1404900.0,17733373139,8677255481,46664100.0,97766700.0,13423700.0
2023-04-26,591.095703125,28422.701171875,1866.564208984375,102.7984619140625,388.1181640625,78.50098419189453,596.9474919116797,29995.837890625,1962.567626953125,105.41525758570141,391.4583943618871,78.62505607439365,588.2523175557,27324.548828125,1792.4638671875,101.72795253139088,387.56147365849546,77.5083872869782,595.5791366690598,28300.05859375,1866.14892578125,103.99782596670221,390.3833857943013,78.4914379604281,844200.0,31854242019,14356524696,53347600.0,80447000.0,11583500.0
2023-04-27,610.6404418945312,29473.787109375,1908.786376953125,106.64436340332031,395.8448486328125,79.85625457763672,612.6395484977413,29871.546875,1936.9451904296875,107.41751415837903,396.11360078097556,80.0375965599883,594.6573029583042,28402.88671875,1863.14794921875,102.62996431134651,390.4025810177756,78.4150867948283,603.3815603077163,28428.46484375,1866.6932373046875,103.53196218207461,390.65214704527966,79.1213549804301,1127000.0,27153445027,14008145806,50089200.0,92968400.0,10013700.0
2023-04-28,618.03515625,29340.26171875,1892.5128173828125,106.39654541015625,399.2234191894531,80.45755767822266,618.5010082939299,29572.791015625,1923.19921875,106.40645963391208,399.23302689490464,80.65798487679534,608.0008276089113,28929.609375,1876.2918701171875,104.16632149232343,394.9041697532796,79.9039926831312,612.2125091646238,29481.013671875,1909.2730712890625,106.09918675851405,394.9617574024191,80.62935346009097,823000.0,17544464887,7691759733,36139800.0,89433100.0,8262600.0
2023-04-29,,29248.48828125,1908.9169921875,,,,,29452.455078125,1916.9737548828125,,,,,29088.04296875,1887.990478515625,,,,,29336.56640625,1892.5650634765625,,,,,10662634333,4796651246,,,
2023-04-30,,29268.806640625,1876.92431640625,,,,,29952.029296875,1938.41796875,,,,,29114.021484375,1876.92431640625,,,,,29245.515625,1908.7413330078125,,,,,14652199272,6539641957,,,
2023-05-01,618.227783203125,28091.568359375,1831.954833984375,106.25777435302734,398.8203125,80.1521224975586,622.1306474984381,29329.935546875,1886.2064208984375,107.0408316423043,400.8455465437123,80.8297592124553,617.0890616555321,27680.79296875,1809.1932373046875,105.88111704371835,398.58993260769745,80.07576721884456,618.0331152229768,29227.103515625,1868.89111328125,105.90093792848754,398.7819109693187,80.45753633077457,469300.0,18655599976,8625783201,26681700.0,62122300.0,4931100.0
2023-05-02,617.1085815429688,28680.537109375,1870.789306640625,104.3943099975586,394.3378601074219,79.17861938476562,620.4858962738998,28881.298828125,1879.759521484375,106.25778337997941,398.1580067083917,80.21894014424005,611.7361127734989,27924.123046875,1824.3270263671875,102.79846017510972,391.43917444922255,78.78731128228436,615.96011750953,28087.17578125,1831.7265625,106.19831315828286,398.1099974743272,79.69400664886658,738100.0,16432924527,7536785767,30997200.0,103998500.0,6875000.0
2023-05-03,617.7802124023438,29006.30859375,1904.65185546875,104.48351287841797,391.631103515625,78.93046569824219,627.4254578802303,29259.533203125,1915.504150390625,106.54522517711807,397.2461331896153,79.94215501163879,613.8676047864911,28178.388671875,1845.871826171875,104.03746357143218,391.3911452329056,78.68232194659987,617.0015996849112,28680.494140625,1870.6871337890625,104.60245331041146,394.83694265774216,78.85411769554338,582900.0,19122972518,8306390869,21795400.0,91531800.0,7151600.0
2023-05-04,618.0819091796875,28847.7109375,1877.7041015625,103.76985168457031,388.85723876953125,79.68446350097656,622.2573214860804,29353.185546875,1915.8717041015625,104.67184949855658,390.91126663739385,79.94216078381908,613.020837556256,28694.0390625,1868.6297607421875,103.05617876315749,387.52305652796423,78.8732085708051,615.2399461113096,29031.3046875,1905.1689453125,104.5628157154331,390.5849268562114,79.21680009350098,614000.0,15548678514,6578438233,23419500.0,94901900.0,7290600.0
2023-05-05,632.9439697265625,29534.384765625,1995.0609130859375,104.6421127319336,396.0559387207031,81.09700012207031,636.7397291604292,29668.908203125,1998.41357421875,104.94938562732777,397.10215328992234,81.66965018244461,616.9627158070361,28845.509765625,1876.9466552734375,103.19494602522195,392.2262140059175,79.93260753971289,619.6684055097502,28851.48046875,1877.8331298828125,103.89870471094449,392.4853583991723,80.45754100934634,801400.0,17936566518,9498261360,26639300.0,87891800.0,6865000.0
2023-05-06,,28904.623046875,1900.2218017578125,,,,,29820.126953125,2017.5594482421875,,,,,28468.966796875,1870.6055908203125,,,,,29538.859375,1995.4791259765625,,,,,15913866714,9623243037,,,
2023-05-07,,28454.978515625,1873.076416015625,,,,,29157.517578125,1933.9984130859375,,,,,28441.3671875,1873.076416015625,,,,,28901.623046875,1899.9176025390625,,,,,11301355486,6883942236,,,
2023-05-08,637.4890747070312,27694.2734375,1849.042724609375,106.8227767944336,396.16156005859375,81.64102935791016,637.4988170180917,28663.271484375,1886.162109375,107.0111092526405,396.64147667611564,81.64102935791016,631.86354351734,27310.134765625,1818.4505615234375,104.2357237525446,394.76021173712985,80.56253814966529,634.335654948918,28450.45703125,1872.47509765625,104.25554463966958,396.3823322476967,80.64843239312091,518900.0,19122903752,9895102899,26511400.0,50046800.0,6746600.0
2023-05-09,625.8682250976562,27658.775390625,1848.6031494140625,106.40646362304688,394.4242858886719,81.18290710449219,626.6663225058178,27821.400390625,1860.66748046875,109.18185651644418,395.53769601743005,81.58376876318766,621.2257159390979,27375.6015625,1832.906982421875,106.24787384869296,394.19393527299343,80.45755364553064,623.3863708650116,27695.068359375,1849.06103515625,107.43732362452766,394.61626426292884,81.36424911005344,746100.0,14128593256,6129516088,36360100.0,49220100.0,7287800.0
2023-05-10,639.5817260742188,27621.755859375,1842.4014892578125,110.76780700683594,396.2671813964844,81.03018951416016,642.7546308227337,28322.6875,1886.80029296875,111.94735027992186,397.8893020071386,81.2687943082056,634.48174445081,26883.669921875,1795.6688232421875,106.98138204967745,392.44703434025826,80.33346031162567,636.8954617005228,27654.63671875,1848.2135009765625,107.02103138919628,397.2558085179079,80.65796661798049,813600.0,20656025026,9945549603,63153400.0,96142900.0,7442300.0
2023-05-11,632.8173217773438,27000.7890625,1796.4906005859375,115.5454330444336,395.5760498046875,79.62718200683594,634.8515043888176,27621.94140625,1842.4920654296875,116.88356600068316,395.8639880395315,80.30481866172258,627.9120088917189,26781.826171875,1774.132568359375,113.40442182690181,393.5028066384593,78.76820340147276,633.3915834747744,27621.0859375,1842.4920654296875,114.38571831983981,395.4032868637811,80.30481866172258,560600.0,16724343943,8353828312,78900000.0,70157100.0,8730900.0
2023-05-12,630.2089233398438,26804.990234375,1808.019775390625,116.4771728515625,395.0577087402344,79.62718200683594,633.6056630888835,27055.646484375,1812.4249267578125,116.99259909422787,397.0253842033069,80.10439153407776,624.9434420898369,25878.4296875,1742.40380859375,115.08947634268829,392.6389398327061,79.1690576567624,631.9900434499427,26987.662109375,1795.1766357421875,115.65446614587465,396.8142197460938,79.57945814145594,375300.0,19313599897,9047198660,41102300.0,70481500.0,5069800.0
2023-05-13,,26784.078125,1796.1148681640625,,,,,27030.482421875,1816.0584716796875,,,,,26710.873046875,1788.4755859375,,,,,26807.76953125,1808.375,,,,,9999171605,4647630864,,,
2023-05-14,,26930.638671875,1800.5009765625,,,,,27150.9765625,1823.49072265625,,,,,26661.35546875,1793.228759765625,,,,,26788.974609375,1796.10791015625,,,,,10014858959,4711210241,,,
2023-05-15,638.1704711914062,27192.693359375,1817.5499267578125,115.4859619140625,396.42071533203125,81.75556182861328,638.1802135038125,27646.34765625,1845.6954345703125,117.43864822230549,396.8238288685914,81.7651007789593,627.6493084317801,26766.09765625,1787.536376953125,114.9903565591719,393.75238023444746,79.43632260727263,629.5958699740188,26931.384765625,1800.3712158203125,115.08947611768251,395.6624389099318,79.53176308222314,893400.0,14413231792,6748889346,36266800.0,54289400.0,8707300.0
2023-05-16,634.6278076171875,27036.650390625,1824.1214599609375,118.45960235595703,393.7715759277344,81.96552276611328,640.2923096609444,27299.3046875,1830.3515625,119.6887016048796,396.2383543170176,82.79587013700484,634.1703941020396,26878.947265625,1797.84375,115.40667134063953,393.761968222226,81.68874030914942,635.3383430788348,27171.513671875,1816.82421875,115.46614156745153,395.31689334176326,81.78418805969221,709600.0,12732238816,5595959668,45035600.0,57705500.0,11283200.0
2023-05-17,652.5848388671875,27398.802734375,1821.859619140625,119.77789306640625,398.55157470703125,86.73761749267578,653.4608154327766,27465.927734375,1835.5545654296875,120.60059973288946,399.1562450551422,87.61568872330012,635.3285876407631,26600.14453125,1786.6719970703125,117.84503529559602,394.14594356293253,84.04615554008504,639.435804495831,27035.470703125,1824.068359375,118.55870818399895,395.7872502342352,84.27522139936491,1162700.0,15140006925,6352161579,33323600.0,87287000.0,23215600.0
2023-05-18,677.3352661132812,26832.208984375,1801.728515625,121.75041961669922,402.390869140625,88.42694854736328,678.6200038334986,27466.52734375,1831.4503173828125,122.2261965471798,402.8131980774416,89.14276301383146,657.0326438985174,26415.1015625,1774.195068359375,119.76799809424153,398.01403224251106,86.91896432374308,657.227311929643,27401.650390625,1822.0682373046875,119.8869385456927,398.23477512417634,87.0907600869611,1459000.0,15222938600,5673124255,35234200.0,97177200.0,14879000.0
2023-05-19,675.456787109375,26890.12890625,1812.5894775390625,121.68102264404297,401.80535888671875,88.3601303100586,681.1699399079387,27128.619140625,1826.1942138671875,124.8628079526781,403.82101441184767,88.56055746605345,675.3010883395928,26700.2109375,1797.4344482421875,121.07638353692812,400.58638129995114,87.38661865906582,679.3499098016481,26826.75390625,1800.994384765625,122.464079972312,403.29311788250186,87.93063730580629,949700.0,11258983301,4796110259,41353400.0,103793300.0,9295200.0
2023-05-20,,27129.5859375,1820.47802734375,,,,,27155.158203125,1829.0096435546875,,,,,26843.27734375,1808.0467529296875,,,,,26888.841796875,1812.76611328125,,,,,7044911360,2951655969,,,
2023-05-21,,26753.826171875,1804.5313720703125,,,,,27265.91796875,1827.9219970703125,,,,,26706.921875,1799.9468994140625,,,,,27118.423828125,1820.1380615234375,,,,,8647416921,3386768865,,,
2023-05-22,679.9729614257812,26851.27734375,1817.5347900390625,123.95089721679688,401.9685363769531,87.5393295288086,680.907273042406,27045.734375,1826.696533203125,125.31876521794419,403.50427528786696,88.2265125126881,670.4250784651218,26549.734375,1793.2239990234375,121.66119542840033,400.586374286309,87.04302747083314,672.4008077414013,26749.892578125,1804.8419189453125,121.85944209965614,401.8245672616326,87.87337478996098,856000.0,11056770492,4534841049,35253000.0,60745400.0,9259800.0
2023-05-23,663.2422485351562,27225.7265625,1854.380615234375,121.48278045654297,397.4573059082031,86.31768035888672,674.8534819720253,27434.68359375,1869.343994140625,123.53458629434267,401.90133808318683,87.17665186910995,660.721424990339,26816.1796875,1816.2879638671875,121.13585822548262,397.06377080135275,86.21269365756768,672.3910529021592,26855.9609375,1817.7811279296875,123.06872361968306,400.3271976557855,86.85215281531737,958600.0,13697203143,6820047160,34046300.0,86383500.0,7656700.0
2023-05-24,648.973876953125,26334.818359375,1800.0999755859375,119.8373794555664,394.5778503417969,86.02178955078125,652.9157116783763,27224.603515625,1854.2996826171875,120.83850441605266,396.238372422446,86.04088201020863,643.5137859751162,26106.576171875,1780.925537109375,118.80651938298395,393.4164603018304,85.11509433225372,650.2099625665289,27224.603515625,1854.2996826171875,120.05544702738894,395.85444497777297,85.21053478447139,1159300.0,16299104428,7101647419,34182600.0,89213700.0,9443900.0
2023-05-25,689.5498657226562,26476.20703125,1805.9537353515625,122.39469909667969,397.99481201171875,96.3486099243164,691.9928096936407,26591.51953125,1815.9947509765625,124.21852313290142,399.4441694496832,97.70389064636198,675.2232028647084,25890.59375,1763.3651123046875,120.88805461582595,395.84479511708275,92.5595720293758,682.2892299890312,26329.4609375,1799.84521484375,123.4255515574692,398.0811934806872,92.63592002704749,1929800.0,13851122697,6321689859,42317000.0,90961600.0,60793200.0
2023-05-26,716.2664794921875,26719.291015625,1828.689697265625,123.51476287841797,403.14910888671875,98.50560760498047,722.4760152931945,26916.669921875,1837.8658447265625,124.15905132995717,403.8689837488059,99.67954645882877,696.5186348938468,26343.94921875,1798.406005859375,121.37374418942687,398.57071530888675,96.13865199829503,697.5016579344577,26474.181640625,1805.7254638671875,122.08741708575724,398.64748907245814,96.25317764535478,2349100.0,12711619225,5451414258,35635900.0,93830000.0,26135800.0
2023-05-27,,26868.353515625,1831.1182861328125,,,,,26888.8828125,1836.1845703125,,,,,26621.140625,1817.4920654296875,,,,,26720.181640625,1828.57568359375,,,,,7892015141,3216737652,,,
2023-05-28,,28085.646484375,1910.9141845703125,,,,,28193.44921875,1915.7232666015625,,,,,26802.751953125,1825.46728515625,,,,,26871.158203125,1831.0986328125,,,,,14545229578,6359610561,,,
2023-05-29,,27745.884765625,1893.078125,,,,,28432.0390625,1926.4217529296875,,,,,27563.876953125,1879.0775146484375,,,,,28075.591796875,1909.2974853515625,,,,,15181308984,5884674572,,,
2023-05-30,708.8013916015625,27702.349609375,1901.026611328125,122.58302307128906,403.3027038574219,97.3316879272461,727.1671931274237,28044.759765625,1916.574951171875,124.55553777083063,405.6062976614237,100.44308974661384,706.1637795952302,27588.501953125,1883.9346923828125,120.92770304942592,401.9205417166639,96.90219485336308,723.2740704399392,27745.123046875,1893.0931396484375,124.53570932230704,405.07840112218025,99.05918461015483,1411100.0,13251081851,5363439784,35076700.0,72216000.0,25248000.0
2023-05-31,703.6138305664062,27219.658203125,1874.1304931640625,121.79006958007812,401.0662841796875,94.09618377685547,710.5338422952979,27831.677734375,1907.035400390625,122.96960524960811,402.38125089733444,95.42283314061773,694.2217071704374,26866.453125,1852.0947265625,121.42331887409836,399.5017514717894,93.59034277482004,707.6432270431056,27700.529296875,1901.0982666015625,121.67112156567815,401.4790054006544,95.18422834481683,1347600.0,15656371534,5984512548,37325800.0,110811800.0,22206700.0
2023-06-01,707.3512573242188,26819.97265625,1862.201416015625,122.6325912475586,404.8768615722656,94.33480072021484,713.1422301620335,27346.10546875,1887.705322265625,123.32643572526102,405.9326839874396,96.00503450589832,699.3508588087868,26671.720703125,1846.2274169921875,121.54226097016722,400.0489015795839,94.10574212560928,704.8499187119146,27218.412109375,1873.9146728515625,121.74050008884288,401.2966730663804,94.18209741769161,992100.0,14678970415,5640027197,30772700.0,88865000.0,14998500.0
2023-06-02,705.287841796875,27249.58984375,1907.256591796875,123.5742416381836,410.7318420410156,94.43024444580078,712.976723234902,27303.861328125,1910.2784423828125,125.04123686671639,411.5188830151562,96.68267449460451,700.5284851949895,26574.64453125,1851.9647216796875,122.67224379356901,406.92130300774403,94.12483057214813,710.4948694758194,26824.556640625,1862.4237060546875,122.90021802977736,407.44919955900986,96.63495061867957,813800.0,14837415000,6097746022,26980100.0,91426200.0,13085100.0
2023-06-03,,27075.12890625,1892.4124755859375,,,,,27317.052734375,1908.822265625,,,,,26958.00390625,1885.4854736328125,,,,,27252.32421875,1907.4207763671875,,,,,8385597470,3472274607,,,
2023-06-04,,27119.06640625,1890.5135498046875,,,,,27407.01953125,1912.2056884765625,,,,,26968.224609375,1885.65185546875,,,,,27075.123046875,1892.398193359375,,,,,9360912318,3747042696,,,
2023-06-05,702.9032592773438,25760.09765625,1811.828369140625,124.9024658203125,409.94476318359375,93.58079528808594,707.2148851950249,27129.982421875,1890.6405029296875,126.30998323761919,412.36353228842165,94.30614855836316,699.2048048883314,25445.16796875,1780.2115478515625,122.75153279545627,409.2440744066445,89.95399981014053,705.2780663110184,27123.109375,1890.4176025390625,122.92004436641427,411.0773593229492,93.54261765044401,663700.0,21513292646,9246593033,32305500.0,65460200.0,10568500.0
2023-06-06,697.4820556640625,27238.783203125,1884.494873046875,126.19103240966797,410.83740234375,95.27013397216797,698.465078538864,27313.8203125,1896.22265625,127.16241466547471,411.3652988856477,96.01457985905364,684.167584670717,25434.8671875,1801.4052734375,124.25817456021957,408.8793344192004,92.97952620215266,688.8393194992772,25732.109375,1810.5814208984375,124.90246303081489,409.53204325524,93.16086819877812,845400.0,21929670693,8704411776,26638300.0,64022200.0,13827600.0
2023-06-07,691.2337036132812,26345.998046875,1832.39599609375,121.42329406738281,409.4168395996094,95.71871948242188,700.9081160954003,27332.181640625,1893.80908203125,127.90580449987925,412.3635345526036,98.32428028456626,686.7176669325389,26146.98828125,1822.3031005859375,121.04663677557409,408.9945106484148,95.00290495498675,694.2995021591815,27235.650390625,1884.3729248046875,125.85400649761135,411.2309384070294,96.75903310043947,921200.0,19530045082,7919894455,52539000.0,85373300.0,14367500.0
2023-06-08,700.810791015625,26508.216796875,1846.3018798828125,121.06649017333984,411.89324951171875,95.3846435546875,701.1709001401913,26797.513671875,1861.1361083984375,122.14691391047484,412.34437231335727,96.10999680030672,689.4428790026545,26246.6640625,1830.1650390625,120.17439891385648,408.71620378018724,94.13434962974675,692.0999164364389,26347.654296875,1832.5135498046875,121.15570308045743,409.48405866767195,94.4779410752041,762400.0,11904824295,4536041931,29389200.0,61952800.0,9074200.0
2023-06-09,696.7327270507812,26480.375,1840.2252197265625,121.15567779541016,412.63232421875,98.11429595947266,706.2222141400882,26770.2890625,1854.824951171875,122.67222883886024,414.63837227354514,99.90860142103939,693.569564687679,26339.314453125,1828.5445556640625,120.83849069849471,411.6436971048215,97.5893624906321,701.307158349059,26505.923828125,1846.077880859375,121.17549868044499,412.6899118726264,98.01884821485396,864500.0,11015551640,4610831509,23778300.0,85742800.0,14902400.0
2023-06-10,,25851.240234375,1752.384765625,,,,,26531.044921875,1844.78564453125,,,,,25501.8359375,1721.443115234375,,,,,26481.76171875,1840.3919677734375,,,,,19872933189,10788500406,,,
2023-06-11,,25940.16796875,1753.415283203125,,,,,26203.439453125,1776.84716796875,,,,,25668.986328125,1741.1104736328125,,,,,25854.03125,1752.527587890625,,,,,10732609603,4559112981,,,
2023-06-12,710.6603393554688,25902.5,1742.5286865234375,122.55329895019531,416.3756408691406,102.18012237548828,711.244343407611,26087.919921875,1757.6597900390625,122.95969899565966,416.4524439304632,102.49508247496753,700.7620914469948,25675.197265625,1722.9063720703125,120.59070586126717,412.89147087099775,99.55546944310983,702.6989105006054,25934.28515625,1753.075439453125,121.71077130849028,413.61134578902306,99.5841008554914,1058900.0,11677889997,6031384958,28306400.0,76104300.0,20568100.0
2023-06-13,717.5706176757812,25918.728515625,1739.03759765625,122.74163055419922,419.1207580566406,101.93196868896484,719.6437101370534,26376.3515625,1761.9554443359375,124.05994268348793,419.76382988102273,105.64465862019617,704.460496907957,25728.365234375,1727.7498779296875,122.09734204600761,417.1722978814529,101.87469858813691,717.5219061215878,25902.94140625,1742.39013671875,123.881524443717,417.8345851160925,104.98610707297715,876100.0,14143474486,6214125203,22278300.0,95899700.0,17858600.0
2023-06-14,720.43212890625,25124.67578125,1650.519287109375,122.58302307128906,419.619873046875,102.51417541503906,721.901732864775,26041.80078125,1749.1632080078125,122.95968796986351,421.4243641568749,102.79095059044379,708.7040489384391,24902.15234375,1637.187744140625,120.38253415008784,416.1740753599218,100.42399492175896,715.7603340190581,25920.2578125,1739.2501220703125,122.01803328576474,419.45671780561304,101.1970721862254,821400.0,14265717766,7462905534,30592300.0,100612100.0,12862600.0
2023-06-15,718.95263671875,25576.39453125,1665.519775390625,123.99054718017578,424.8221435546875,100.8062744140625,724.5490000747855,25735.30859375,1676.4066162109375,124.35729787447553,426.069914890404,102.22473442642134,703.0200383166097,24797.16796875,1624.1383056640625,121.32419544608322,418.70801128446885,100.70084798621842,703.9446667519516,25121.673828125,1650.4981689453125,122.05768927234496,418.80397116276845,101.8509451654308,820400.0,15837384409,7328564880,35246300.0,110303100.0,11987900.0
2023-06-16,702.5918579101562,26327.462890625,1716.6688232421875,122.44425201416016,423.37518310546875,100.22164916992188,713.5704330259127,26463.173828125,1727.28955078125,125.001577340157,427.3732818174655,101.35258133929034,700.7620854901405,25245.357421875,1653.1708984375,122.1964493483621,422.90312715218045,100.01079629411991,711.857508938803,25575.283203125,1665.41064453125,124.82315911828891,426.80488011436864,101.04588824143484,1337400.0,16324646965,6281023479,45535600.0,114165800.0,11430800.0
2023-06-17,,26510.67578125,1727.2041015625,,,,,26769.39453125,1766.76318359375,,,,,26174.4921875,1714.15087890625,,,,,26328.6796875,1716.6717529296875,,,,,11090276850,4875187477,,,
2023-06-18,,26336.212890625,1720.5775146484375,,,,,26675.92578125,1746.5091552734375,,,,,26325.890625,1718.1114501953125,,,,,26510.45703125,1727.1937255859375,,,,,9565695129,3820038842,,,
2023-06-19,,26851.029296875,1737.659423828125,,,,,26984.611328125,1745.1346435546875,,,,,26312.83203125,1705.8134765625,,,,,26335.44140625,1720.50537109375,,,,,12826986222,5210480121,,,
2023-06-20,701.1610717773438,28327.48828125,1792.1199951171875,122.01802825927734,421.1785888671875,99.65616607666016,705.3753935339915,28388.96875,1793.31396484375,123.47510910990492,422.32503554227975,100.5187352084205,691.593765965704,26668.791015625,1715.342529296875,121.06646695245337,419.1072877770987,98.78400341890148,701.3654820949879,26841.6640625,1736.8797607421875,121.84952426545516,421.4387253030806,99.84784648102053,799300.0,22211859147,7171072578,26097500.0,76160400.0,9295500.0
2023-06-21,688.4014282226562,30027.296875,1891.0072021484375,119.4904556274414,419.0205993652344,97.41348266601562,700.3241168148635,30737.330078125,1898.6689453125,121.58191085699323,420.99555478179644,99.41657757413869,686.0266209350553,28283.41015625,1788.4892578125,119.04440626489465,418.4329109170005,97.39431754741639,699.4189728910779,28311.310546875,1791.9949951171875,121.32419395167761,420.1959468611093,98.86069407694282,820300.0,33346760979,11731457711,30306300.0,76982300.0,9340400.0
2023-06-22,698.2412109375,29912.28125,1872.9429931640625,122.06761932373047,420.5331115722656,98.84152221679688,698.5721524802739,30495.998046875,1932.0655517578125,122.15682467150185,420.6390713007603,99.12905018242421,681.6370462341702,29679.158203125,1867.8765869140625,117.78558869691297,417.72961825633774,97.11637635945267,683.2234983686733,29995.935546875,1889.79443359375,118.94530359197341,418.06681362984074,97.20263036185693,699800.0,20653160491,8477657143,26952200.0,70637200.0,8575900.0
2023-06-23,679.242919921875,30695.46875,1892.862060546875,121.26471710205078,417.3539123535156,97.67225646972656,682.8829804385108,31389.5390625,1932.5316162109375,121.71076646804086,419.1362056994903,97.9406119951897,677.3255259455148,29845.21484375,1865.1920166015625,119.99596857737609,416.64100677536294,96.8096799149239,679.4472708615125,29896.3828125,1872.540771484375,120.31315570854476,417.08416191308544,97.29846720252903,916900.0,24115570085,8290615074,34913600.0,92074500.0,8919000.0
2023-06-24,,30548.6953125,1876.0596923828125,,,,,30804.1484375,1905.2274169921875,,,,,30290.146484375,1867.8115234375,,,,,30708.73828125,1893.77197265625,,,,,12147822496,5026191704,,,
2023-06-25,,30480.26171875,1900.506103515625,,,,,31041.271484375,1929.0791015625,,,,,30327.943359375,1870.85009765625,,,,,30545.150390625,1875.84912109375,,,,,12703464114,6937581709,,,
2023-06-26,681.530029296875,30271.130859375,1859.432861328125,117.29986572265625,415.648681640625,95.94709777832031,695.0391694007667,30636.029296875,1905.3604736328125,120.92770036348257,418.70263864501453,98.75525904150324,681.5202869857319,29955.744140625,1840.215087890625,117.23048127903954,415.4078319979814,95.92792534925137,684.2941724663671,30480.5234375,1900.05029296875,119.69860126412782,416.7854848977608,97.7776698988857,714000.0,16493186997,8619702292,33969900.0,72823600.0,8560000.0
2023-06-27,705.7064208984375,30688.1640625,1889.703369140625,117.28996276855469,420.2055969238281,97.83517456054688,707.2441617080731,31006.787109375,1911.3111572265625,118.03337078609204,420.8221567639146,98.51564951275323,685.6957711097564,30236.650390625,1856.83837890625,115.07955960231514,416.0726085341393,95.86083126560825,688.0121840407202,30274.3203125,1859.34619140625,116.05094940599243,416.52540707007813,96.94384677286894,1115800.0,16428827944,7686042202,39535900.0,72813700.0,9732000.0
2023-06-28,704.8401489257812,30086.24609375,1827.97119140625,119.12371063232422,420.4175109863281,96.72342681884766,710.494907387859,30703.279296875,1890.208984375,119.33186398652833,421.4290677123489,97.64350611807346,698.1537153031221,29921.822265625,1822.102783203125,115.82297695350607,418.509971256602,96.05253794820602,700.2073233126401,30696.560546875,1889.906494140625,116.06086542083392,419.1265310456325,96.32089349646267,866400.0,14571500779,7135265016,27091400.0,75636000.0,8160900.0
2023-06-29,704.0225219726562,30445.3515625,1852.227294921875,118.05320739746094,422.0745544433594,96.4550552368164,709.8914327025088,30796.25,1876.5302734375,119.00476887917876,422.2383451446893,97.29845929287215,702.3095979585737,30057.203125,1828.059326171875,117.26024327719865,419.5986423394109,95.8608342557827,708.1784492840908,30086.1875,1828.059326171875,118.19197630756531,420.00325329466176,97.12594399593586,768100.0,13180860821,5677228612,24090900.0,67882300.0,7383900.0
2023-06-30,705.38525390625,30477.251953125,1933.18896484375,118.64791870117188,427.0553283691406,96.72342681884766,708.0131239251624,31256.86328125,1945.2742919921875,120.01579431786013,428.0379843526411,97.65309233397984,696.538105370259,29600.275390625,1831.281005859375,118.63801203897671,424.96474047999936,96.23463948972602,703.2245990623891,30441.353515625,1852.0084228515625,119.1137889438215,425.28267848094407,97.1834701245307,963600.0,26387306197,12895131248,29532200.0,104964000.0,11704600.0
2023-07-01,,30590.078125,1924.56591796875,,,,,30641.2890625,1942.7015380859375,,,,,30328.865234375,1910.8486328125,,,,,30471.84765625,1933.3238525390625,,,,,9086606733,5136809625,,,
2023-07-02,,30620.76953125,1937.4383544921875,,,,,30766.140625,1958.1607666015625,,,,,30264.01953125,1895.906982421875,,,,,30587.26953125,1924.4481201171875,,,,,10533418042,6343966490,,,
2023-07-03,714.271240234375,31156.439453125,1955.38916015625,118.84616088867188,427.5466613769531,98.8606948852539,717.4733123310388,31375.61328125,1974.7750244140625,119.13361289055685,427.82602579498047,99.3686546218951,706.7477994815735,30586.513671875,1934.6888427734375,117.77565154972177,426.4291155030701,97.82560298107563,714.378286853639,30624.515625,1937.8837890625,118.19195821631217,426.70850932168867,97.99811829843868,531900.0,15271884873,7858509087,14467900.0,32793400.0,5638400.0
2023-07-04,,30777.58203125,1936.633544921875,,,,,31325.197265625,1966.3653564453125,,,,,30659.35546875,1932.611328125,,,,,31156.865234375,1955.524169921875,,,,,12810828427,5683423776,,,
2023-07-05,696.5477294921875,30514.166015625,1910.5880126953125,120.67990112304688,426.9107666015625,96.7905044555664,703.3022994178044,30877.330078125,1942.4324951171875,121.53234291871821,427.6429588433256,98.80317814569052,695.3506133307079,30225.61328125,1897.124755859375,118.18205351963279,425.72577590511764,96.7617531233294,701.9299998720353,30778.724609375,1936.7967529296875,118.1919601816183,425.7354192979581,97.18345882851062,954800.0,12481622280,6034088075,27584800.0,58418400.0,9010800.0
2023-07-06,680.625,29909.337890625,1848.636474609375,119.0543212890625,423.5678405761719,95.27622985839844,684.8782323819473,31460.052734375,1956.0123291015625,119.24265374755836,423.991738320798,95.41998654718577,674.7074360495029,29892.2265625,1847.8507080078125,117.35935184961298,421.06299828536083,94.49990717824264,682.9803229239899,30507.150390625,1910.4171142578125,118.74704838295892,423.3366343156822,94.97911563990932,1218700.0,21129219509,8905008384,24745200.0,80658300.0,9140800.0
2023-07-07,678.1235961914062,30342.265625,1870.6025390625,118.42984771728516,422.49847412109375,96.06211853027344,686.8831226306302,30434.64453125,1876.9632568359375,119.9860480817826,426.4388005460157,97.70101037141501,675.1258749545453,29777.28515625,1832.025390625,118.35054905305088,422.2576244540767,94.88326265569448,679.2526350877813,29907.998046875,1847.5125732421875,119.0443934592586,422.5755624788719,94.95993775416821,1352000.0,13384770155,6468885150,21709500.0,86134200.0,8036600.0
2023-07-08,,30292.541015625,1865.53955078125,,,,,30374.4375,1872.5015869140625,,,,,30080.16015625,1844.6417236328125,,,,,30346.921875,1871.0020751953125,,,,,7509378699,4299007854,,,
2023-07-09,,30171.234375,1863.009765625,,,,,30427.58984375,1878.6689453125,,,,,30085.591796875,1857.748291015625,,,,,30291.611328125,1865.594970703125,,,,,7903327692,4392863807,,,
2023-07-10,690.86376953125,30414.470703125,1880.556396484375,115.42648315429688,423.5678405761719,95.62122344970703,693.7836112661641,31026.083984375,1905.4608154296875,117.27013566390707,423.7412452715391,96.56047495945761,684.6347500683669,29985.39453125,1848.7772216796875,115.11921025680768,421.57359837767063,95.26661397825983,684.9072971443717,30172.423828125,1863.240234375,117.26022900177597,422.1420000351028,96.08126664700372,930900.0,14828209155,6336468234,35315200.0,62443500.0,8041600.0
2023-07-11,686.1629028320312,30620.951171875,1878.3360595703125,116.11042785644531,426.2653503417969,97.0492935180664,690.8152131553871,30788.314453125,1889.3817138671875,116.67541768732227,426.7566930521444,98.07479926818019,677.1016617679691,30358.09765625,1863.2186279296875,114.33615968802944,423.3558970583311,95.97586399998437,689.9781465947046,30417.6328125,1880.6549072265625,115.2679002226587,424.32893908451956,98.07479926818019,623200.0,12151839152,4905225892,23078800.0,64463800.0,7677800.0
2023-07-12,705.4921264648438,30391.646484375,1872.11376953125,117.88468933105469,429.69500732421875,99.57949829101562,710.9814430336004,30959.96484375,1901.1484375,119.27238582914387,431.1015903646367,100.08745798073794,702.932393861466,30228.8359375,1865.7100830078125,117.36926309239514,428.62564905437046,98.4869038193497,710.0276471022977,30622.24609375,1878.322021484375,117.75583466197419,430.0514894814251,98.55399269700852,1311700.0,14805659717,6379007000,30404400.0,91924500.0,10202000.0
2023-07-13,730.6808471679688,31476.048828125,2006.511474609375,123.44538116455078,433.10552978515625,101.18004608154297,731.4205501099013,31814.515625,2011.88525390625,123.73283317428397,433.8955237982183,101.25672116893637,720.4224885160645,30268.3515625,1864.49609375,119.3913254796749,431.0727725814678,98.25687235588433,721.3665424152929,30387.48828125,1872.040283203125,119.86710994186647,431.5062843686877,100.63374888010794,1209100.0,23686079548,11114853969,44297900.0,72425200.0,9265900.0
2023-07-14,733.8732299804688,30334.068359375,1939.3470458984375,124.3176498413086,432.835693359375,100.76792907714844,751.3533156573981,31582.25390625,2026.2049560546875,125.6656970596948,434.83954937929775,102.83811261427378,731.8779567567564,29966.38671875,1901.3612060546875,122.4046128006824,432.0746002832751,100.4995735768853,740.3260866316233,31474.720703125,2005.6861572265625,123.703104019214,433.99178336356243,101.5921680063218,1843900.0,20917902660,10627449471,33283100.0,69815800.0,9518300.0
2023-07-15,,30295.806640625,1931.466552734375,,,,,30407.78125,1946.0191650390625,,,,,30263.462890625,1928.1873779296875,,,,,30331.783203125,1939.129638671875,,,,,8011667756,4380084234,,,
2023-07-16,,30249.1328125,1923.681884765625,,,,,30437.560546875,1942.0308837890625,,,,,30089.669921875,1917.2940673828125,,,,,30297.47265625,1931.64501953125,,,,,8516564470,4329306566,,,
2023-07-17,734.3305053710938,30145.888671875,1911.6461181640625,123.55441284179688,434.3386535644531,100.43248748779297,736.6955702132399,30336.400390625,1936.1776123046875,125.9828759841853,435.3887545883977,100.66250544980788,715.8284307790049,29685.783203125,1875.120361328125,123.1083634981514,432.64306249429234,98.32396634754888,724.6074412186031,30249.626953125,1923.6943359375,124.83307552717416,432.6912500682276,100.32706106517381,1355200.0,13240156074,6678090758,25716200.0,52680200.0,10722600.0
2023-07-18,736.8026123046875,29856.5625,1897.5992431640625,122.6722412109375,437.56597900390625,98.8606948852539,739.6932270595121,30233.65625,1916.4683837890625,123.58415326124799,438.2114395521847,99.41657838699481,722.6121650786752,29556.427734375,1878.718505859375,121.87926960750545,433.57749499281715,97.76810031266793,728.7924728851373,30147.0703125,1911.697021484375,123.50485458843724,434.01103608987984,99.37824083734303,1220600.0,13138897269,5814708445,26193600.0,80668200.0,10343600.0
2023-07-19,696.6548461914062,29913.923828125,1889.0079345703125,120.95744323730469,438.5390625,98.77442169189453,722.9820756670615,30184.181640625,1919.264404296875,124.07975852514653,439.724023983291,100.43248578227062,694.0756287293101,29794.26953125,1883.067138671875,120.72946900607533,437.48893213427476,98.30479956138184,719.4490621855399,29862.046875,1897.7972412109375,123.50485449122769,438.35601441060516,99.57949551348389,2406200.0,12128602812,6018487800,37224000.0,65891700.0,11204800.0
2023-07-20,658.0643310546875,29792.015625,1890.9691162109375,118.15231323242188,435.62957763671875,93.79066467285156,679.1650509967513,30195.53125,1919.264404296875,122.9993329839657,438.44271452207744,96.27296057021454,655.348899094913,29638.095703125,1879.734375,117.18093097461103,434.91667207150675,93.01434943751465,678.376695950085,29915.25,1889.07373046875,120.35280221161847,437.5467608684042,94.45197457681387,2918800.0,14655207121,7366830684,37906800.0,70591600.0,22810200.0
2023-07-21,674.8338623046875,29908.744140625,1892.080078125,118.96510314941406,435.62957763671875,93.2060317993164,679.2136252626426,30045.998046875,1905.38623046875,119.92657872434836,437.5467608684042,93.91525816869357,670.8531776826636,29733.8515625,1885.2962646484375,117.68644801994229,435.61996364299455,92.32429011715672,676.7317714673354,29805.111328125,1891.581298828125,119.55983561059963,437.3444259913096,93.80983173798538,2524100.0,10972789818,4668158260,72937900.0,71275600.0,15381200.0
2023-07-22,,29771.802734375,1864.912353515625,,,,,29991.615234375,1897.0880126953125,,,,,29664.12109375,1855.0927734375,,,,,29908.697265625,1891.955078125,,,,,7873300598,4101305643,,,
2023-07-23,,30084.5390625,1889.191650390625,,,,,30330.640625,1904.4832763671875,,,,,29741.52734375,1859.56884765625,,,,,29790.111328125,1866.09423828125,,,,,9220145050,4480604100,,,
2023-07-24,666.1911010742188,29176.916015625,1850.0020751953125,120.46185302734375,437.57562255859375,94.16444396972656,670.3470283391531,30093.39453125,1889.761962890625,121.91893418242496,438.38487379289774,94.18360908703556,662.6580876643458,28934.294921875,1836.8524169921875,119.91669159889055,435.7451418375123,92.7555702029853,666.697226006998,30081.662109375,1888.8095703125,120.59071527735198,436.77598531715506,93.22519235451927,1145300.0,15395817395,6344373569,29686100.0,54023400.0,9054900.0
2023-07-25,668.9359130859375,29227.390625,1857.741943359375,121.13585662841797,438.770263671875,96.14836883544922,676.741644474543,29353.16015625,1867.3232421875,122.067597090128,440.02267010001805,96.6946660948269,666.6097576086543,29062.43359375,1845.9815673828125,119.95631349602652,437.2577208036124,94.9886854361436,666.6194999218029,29178.970703125,1850.0279541015625,120.29332906056865,437.3059083742901,95.38163250446951,1061900.0,10266772793,4163381707,52509600.0,55191200.0,9202200.0
2023-07-26,666.0159301757812,29354.97265625,1872.159912109375,128.13380432128906,438.8377380371094,95.27622985839844,671.7290827811321,29675.552734375,1886.97412109375,129.8287660545172,440.26354925381463,95.96628390100017,659.3392392413728,29113.912109375,1849.4368896484375,127.19215723342076,436.78569416377627,94.47115584048517,661.7626985306598,29225.759765625,1857.696533203125,128.92677586226864,437.8357951870991,95.35289765503806,752200.0,13497554655,5781548155,61682100.0,71052900.0,8993500.0
2023-07-27,689.199462890625,29210.689453125,1860.357177734375,128.2626495361328,435.9281921386719,95.21870422363281,701.1708025490573,29560.966796875,1885.591552734375,132.0689098519843,442.62382369326946,97.52849213913076,684.771047982564,29099.3515625,1855.321533203125,127.65801044654415,435.0225951669556,94.7970058189188,695.8372437994719,29353.798828125,1872.0863037109375,130.51270190226427,442.2191833737535,97.27930173261365,1488800.0,10770779217,4291339248,44952100.0,92194400.0,8049800.0
2023-07-28,699.1756591796875,29319.24609375,1874.744873046875,131.4147186279297,440.1961364746094,96.6659164428711,702.2220325555954,29521.513671875,1881.457275390625,132.56452668916148,441.024645224626,96.79050799116239,690.7275897419123,29125.845703125,1857.0489501953125,129.4223905323537,435.9282579906258,95.63082457169213,695.340930804527,29212.1640625,1860.7025146484375,129.63053631303129,439.1941936182639,95.94710386213121,949800.0,11218474952,3800973336,36591200.0,80011800.0,6758700.0
2023-07-29,,29356.91796875,1881.06884765625,,,,,29396.84375,1885.529296875,,,,,29264.166015625,1870.3338623046875,,,,,29319.4453125,1874.5604248046875,,,,,6481775959,2497302218,,,
2023-07-30,,29275.30859375,1861.643798828125,,,,,29443.169921875,1884.1441650390625,,,,,29059.501953125,1851.72802734375,,,,,29357.09375,1880.87158203125,,,,,8678454527,4003005547,,,
2023-07-31,697.2678833007812,29230.111328125,1856.162353515625,131.55348205566406,441.0342102050781,95.02702331542969,703.3995982066988,29489.873046875,1875.62939453125,132.35636028283042,441.39066294813205,95.63082324248849,693.1606679491523,29131.578125,1851.9154052734375,130.62174160079337,439.3578768125751,94.32737586255935,702.0174970731871,29278.314453125,1861.7552490234375,131.5633887175357,440.6681140687776,95.0557746483173,789100.0,11656781982,4391613314,28055500.0,62040400.0,8647900.0
2023-08-01,691.3110961914062,29675.732421875,1871.7921142578125,130.39378356933594,439.7721862792969,94.30819702148438,695.0080297515266,29675.732421875,1873.0299072265625,131.4642930466913,440.51399258801536,95.06534702995376,688.2188772487292,28657.0234375,1817.9207763671875,129.5314198898495,438.8184017102693,94.01108289655429,693.9838192992398,29230.873046875,1856.190185546875,129.63054701957142,439.5698514127993,95.01742327402158,555100.0,18272392391,7634860636,23166800.0,55291500.0,6428500.0
2023-08-02,666.290771484375,29151.958984375,1839.0897216796875,127.25163269042969,433.6546630859375,91.72048950195312,678.8545703025827,29987.998046875,1877.511474609375,128.9465944934301,436.92056940230765,93.44564275458622,665.3348496840985,28946.509765625,1822.3482666015625,126.4388326681817,432.903213273274,91.25086729345756,678.5228911577559,29704.146484375,1873.4681396484375,128.31222025946755,436.6604623365917,93.44564275458622,1025400.0,19212655598,6448512422,26273300.0,93933400.0,9820900.0
2023-08-03,664.2909545898438,29178.6796875,1835.136474609375,127.32101440429688,432.41180419921875,91.03041076660156,666.0857485483184,29375.70703125,1856.4075927734375,128.25275490430315,434.29044314301314,91.82589097760017,656.2142031665483,28959.48828125,1825.3477783203125,126.30006856910073,430.995607146359,90.64704266888538,657.2579414033299,29161.8125,1838.89794921875,126.8452374919422,431.6410971149184,90.89622571708337,920200.0,12780357746,4710581074,20089500.0,64276100.0,8571700.0
2023-08-04,661.3939819335938,29074.091796875,1827.712890625,126.9840087890625,430.4560852050781,92.16136932373047,672.2312748031928,29302.078125,1847.9122314453125,130.35411926269438,436.3231785934213,93.52231951823174,658.6724983385103,28885.3359375,1817.413818359375,126.78576966555633,429.93584177835424,91.1741938097738,668.5245178162555,29174.3828125,1834.8905029296875,128.14372354248303,434.2229769011584,91.31795780206966,891600.0,12036639988,4861242484,26147200.0,100128900.0,7562600.0
2023-08-05,,29042.126953125,1834.9879150390625,,,,,29102.46484375,1836.46484375,,,,,28957.796875,1824.8079833984375,,,,,29075.388671875,1827.798583984375,,,,,6598366353,2866049749,,,
2023-08-06,,29041.85546875,1827.4620361328125,,,,,29160.822265625,1836.2489013671875,,,,,28963.833984375,1824.9866943359375,,,,,29043.701171875,1834.84521484375,,,,,7269806994,2963395076,,,
2023-08-07,676.396240234375,29180.578125,1826.9388427734375,130.37393188476562,434.2133483886719,92.34346771240234,676.4060042561817,29244.28125,1842.5225830078125,130.4532305494762,434.3674956833761,92.9089374909807,667.6171938957319,28724.140625,1804.7166748046875,127.88599866875109,431.5929031798807,91.27004545417749,673.4894194984408,29038.513671875,1827.239501953125,128.0247675508261,432.28655130575453,92.70767081756354,663500.0,13618163710,5837881974,22746300.0,58357500.0,6601400.0
2023-08-08,662.6912231445312,29765.4921875,1855.807373046875,130.24510192871094,432.32513427734375,90.56079864501953,663.9885878477216,30176.796875,1873.84716796875,130.3541357291139,434.2037733620173,90.9537530309593,653.9999929698519,29113.814453125,1824.4300537109375,128.4014491103284,428.9724964679823,89.77489718527967,658.7308999518589,29180.01953125,1826.9310302734375,129.47195866209995,431.67964426037906,90.93458060074096,746700.0,17570561357,5812855406,23535200.0,71361300.0,7659000.0
2023-08-09,655.9802856445312,29561.494140625,1854.297607421875,128.52035522460938,429.4349365234375,90.07201385498047,667.1979593563481,30093.435546875,1869.736572265625,130.87942589614417,432.7586735355105,91.86424858670685,654.1757271664552,29376.80078125,1845.48974609375,127.86615267403033,428.6738433785323,89.81323722483246,663.0620613571734,29766.6953125,1855.7794189453125,130.50277619629975,432.59488283321724,91.84508346809656,685200.0,18379521213,5870081833,24912900.0,78789600.0,6426900.0
2023-08-10,661.1695556640625,29429.591796875,1850.75341796875,128.5501251220703,429.5890808105469,90.85791015625,678.2496893565592,29688.564453125,1863.3109130859375,130.889383106786,435.16716703483127,91.97925599058475,659.5210432973514,29354.447265625,1845.4422607421875,128.31222909619765,428.42337671620794,90.35952935511936,671.2947282653513,29563.97265625,1854.3482666015625,130.16580349118593,431.7856284811605,91.48087518945411,913900.0,11865344789,3760304518,20857800.0,93005500.0,7459600.0
2023-08-11,645.533203125,29397.71484375,1847.1243896484375,128.42124938964844,429.338623046875,88.16475677490234,653.5611360006611,29517.7734375,1855.0660400390625,128.78799249024013,430.3502093181606,89.6119681474637,645.0357141965736,29253.517578125,1839.5692138671875,127.04346719118266,427.1228178060312,88.14559165681118,650.4299206808032,29424.90234375,1850.74169921875,127.52916585454872,427.720120293532,89.6119681474637,806000.0,10195168197,3353025102,19591100.0,68690900.0,10658400.0
2023-08-12,,29415.96484375,1848.889892578125,,,,,29465.11328125,1852.281005859375,,,,,29357.587890625,1845.71923828125,,,,,29399.787109375,1847.1719970703125,,,,,6194358008,2291124840,,,
2023-08-13,,29282.9140625,1839.2801513671875,,,,,29441.43359375,1859.9163818359375,,,,,29265.806640625,1834.8043212890625,,,,,29416.59375,1849.0538330078125,,,,,7329897180,3054625661,,,
2023-08-14,650.1859741210938,29408.443359375,1844.185791015625,130.1757049560547,431.70855712890625,89.1998519897461,650.3713119422828,29660.25390625,1853.8363037109375,130.21534672977936,431.70855712890625,89.41070485735789,632.7839851216286,29124.10546875,1834.8004150390625,127.82654040248093,428.11509896255956,87.5034574576566,636.9198822505582,29283.263671875,1839.323486328125,128.25275374989084,428.4233935882657,87.87723942764478,957400.0,14013695304,4083364724,24695600.0,47867400.0,7489700.0
2023-08-15,635.7005615234375,29170.34765625,1826.9327392578125,128.63931274414062,426.67962646484375,87.86764526367188,642.6945189835025,29439.12109375,1845.547607421875,130.26489755204278,430.2923712690211,88.85481331624618,634.7738724300636,29088.853515625,1816.3250732421875,128.14370743533297,426.1111954097984,87.68554374681821,641.7483613817101,29408.048828125,1844.1641845703125,129.94771801923622,429.9358890851779,88.67271179939253,633100.0,12640195779,4483923893,19770700.0,75707500.0,6069500.0
2023-08-16,630.5697021484375,28701.779296875,1805.6590576171875,127.56881713867188,423.548583984375,87.9634780883789,642.8115838925922,29221.9765625,1829.3612060546875,129.1349318973664,427.9223925566891,88.86439207026395,630.4136563936607,28701.779296875,1798.9666748046875,126.74611798522649,423.44259484772283,87.52260731123947,639.4950906572485,29169.07421875,1827.036376953125,127.56881713867188,426.26534575201464,87.63761994046054,665300.0,14949271904,4976573383,25216100.0,80107200.0,7439500.0
2023-08-17,628.5213623046875,26664.55078125,1684.9334716796875,128.778076171875,420.32122802734375,87.82929992675781,639.6707465867322,28745.947265625,1807.71484375,130.8298893232879,425.2730820684876,89.05607205073764,627.0971841363265,25409.111328125,1551.7132568359375,128.15360866932792,419.8009844959738,87.55135822489697,639.6414545145432,28699.802734375,1805.5673828125,128.65913574269388,425.0129750031002,89.05607205073764,797100.0,31120851211,14208462072,33446300.0,95711300.0,7712500.0
2023-08-18,639.2415161132812,26049.556640625,1660.945068359375,126.33970642089844,420.52349853515625,87.311767578125,642.1678654309212,26808.1953125,1698.124267578125,128.11397436209768,421.5543421169173,87.53220665583233,627.1654431662154,25668.921875,1644.930908203125,125.2691971219061,417.1612467523088,85.83580485300136,629.1846313397945,26636.078125,1682.0384521484375,127.38047304852682,417.5080561439708,86.32459946034211,937600.0,24026236529,9645084584,30504800.0,98852000.0,9066200.0
2023-08-19,,26096.205078125,1669.471923828125,,,,,26249.44921875,1693.2281494140625,,,,,25802.408203125,1654.0758056640625,,,,,26047.83203125,1660.8443603515625,,,,,10631443812,4871231360,,,
2023-08-20,,26189.583984375,1684.85205078125,,,,,26260.681640625,1692.3287353515625,,,,,26004.314453125,1662.9014892578125,,,,,26096.861328125,1669.5877685546875,,,,,9036580420,4105056995,,,
2023-08-21,646.2550048828125,26124.140625,1667.26904296875,127.24171447753906,423.2595520019531,88.71105194091797,648.3229536457478,26220.201171875,1685.0826416015625,127.59855093945741,424.00135836533855,89.04650365275448,633.9545379550549,25846.087890625,1651.9598388671875,125.4476255056934,419.3867000805202,86.73671577801034,637.8075764790051,26188.69140625,1685.0223388671875,126.0621788706278,421.5350602162778,86.73671577801034,1104300.0,13371557893,5077248383,25248700.0,68719000.0,8618300.0
2023-08-22,651.1322021484375,26031.65625,1633.892578125,127.94549560546875,422.11309814453125,88.40435791015625,663.8228122586972,26135.5078125,1668.638671875,129.13494557517706,425.0321947779214,89.60237883325843,647.4157411766012,25520.728515625,1596.384033203125,127.19218082041144,421.55433988295033,87.99223842012353,662.5449159977118,26130.748046875,1667.279296875,127.38049817316805,425.0321947779214,89.46820107484213,760200.0,14503820706,7244623133,22054900.0,64994200.0,7059000.0
2023-08-23,660.4965209960938,26431.640625,1679.2744140625,131.20654296875,426.814453125,90.3020248413086,664.2325101581913,26786.8984375,1696.593994140625,132.23741046796198,427.431042301619,91.1454289254615,650.1567776010644,25804.998046875,1629.5810546875,128.7285164557817,423.0283039267051,89.36277323511209,651.834522570673,26040.474609375,1634.4017333984375,129.035789323442,423.17280782729074,89.88990535779472,908100.0,16985265785,7191868448,27819700.0,68441000.0,10362600.0
2023-08-24,631.9158935546875,26162.373046875,1659.944580078125,128.63931274414062,420.8992614746094,88.68229675292969,661.5207710282419,26554.91015625,1682.48974609375,133.07002541485494,428.9243595057039,92.75556775878948,630.9892043417784,25914.92578125,1641.6270751953125,128.4311669842587,420.87033128977225,88.62479409037856,661.3647252571508,26431.51953125,1679.248291015625,132.7726592046356,428.4137593836846,92.51596358197419,1336800.0,12871532023,5104531920,28500700.0,88517300.0,12254400.0
2023-08-25,635.0275268554688,26047.66796875,1652.93505859375,128.73843383789062,423.866455078125,89.2286148071289,636.8613770778923,26248.103515625,1671.970703125,129.61068885584038,425.14776219480035,89.52572902797293,620.2592039195216,25786.8125,1635.9674072265625,126.13154519552585,419.07836317797603,87.60889516611348,627.8774637926173,26163.6796875,1660.2698974609375,128.40141074890354,422.62366273446645,88.41396187826683,986200.0,12406045118,5396997823,26762900.0,102325100.0,10356000.0
2023-08-26,,26008.462890625,1646.3067626953125,,,,,26107.384765625,1654.7777099609375,,,,,25983.87890625,1643.712646484375,,,,,26047.234375,1652.92724609375,,,,,6034817316,2423247747,,,
2023-08-27,,26089.693359375,1657.5130615234375,,,,,26165.373046875,1659.26708984375,,,,,25965.09765625,1645.90283203125,,,,,26008.2421875,1646.27197265625,,,,,6913768611,2624065031,,,
2023-08-28,642.8115844726562,26106.150390625,1652.4573974609375,129.85848999023438,426.5543518066406,90.09117889404297,643.6114603663292,26198.578125,1659.3287353515625,131.37504093670455,427.1709115909124,90.23494287598271,636.4711614601819,25880.599609375,1627.44677734375,128.99614164313212,423.8664616174519,89.37236629648412,640.9289737072054,26089.615234375,1657.4398193359375,130.15585618309913,426.05336574379237,89.91866357814324,535800.0,11002805166,4855588534,20543300.0,61595400.0,5174800.0
2023-08-29,651.12255859375,27727.392578125,1729.7257080078125,133.38720703125,432.7201232910156,91.12625122070312,652.1272410105367,28089.337890625,1742.6373291015625,135.369628072662,432.999517120143,91.64379705726286,636.3444691045665,25912.62890625,1639.576171875,131.07768470304433,426.26534084235647,89.62153746542583,636.4810463765137,26102.486328125,1652.274169921875,131.07768470304433,426.4483889303442,89.87072051432851,757900.0,29368391712,11304916729,43075600.0,83081900.0,8910300.0
2023-08-30,653.1221313476562,27297.265625,1705.1121826171875,134.6857147216797,434.50244140625,90.8387451171875,654.741351734312,27760.16015625,1730.564697265625,135.08219295170898,435.1382880533624,91.93133970806909,647.2402003221878,27069.20703125,1697.147216796875,132.89162577508347,432.3540517986095,90.69498113162096,651.0054220632949,27726.083984375,1729.6766357421875,133.59537690208668,433.05734340842935,91.48088263229263,564100.0,16343655235,5023904190,28315800.0,69053900.0,6073400.0
2023-08-31,644.3138427734375,25931.47265625,1645.63916015625,134.97315979003906,433.8665771484375,89.6790542602539,652.8880245206635,27456.078125,1720.011962890625,136.78707719387538,436.2557869248091,90.47454191106108,640.4998009646621,25752.9296875,1634.8509521484375,134.59649488250773,433.6835290574293,89.39152631278594,643.7968258356677,27301.9296875,1705.364501953125,134.8145624474285,435.11898360214246,89.4586151922432,1100100.0,20181001451,6593153505,30053800.0,66084600.0,8661200.0
2023-09-01,646.2550048828125,25800.724609375,1628.4912109375,134.46766662597656,434.6757507324219,89.31484985351562,657.9798707096297,26125.869140625,1653.53173828125,136.25184916877205,437.0649894821143,90.6470484105549,641.3582279537543,25362.609375,1603.0341796875,133.66478826288787,433.2210096589612,89.2190023389118,657.4531492636204,25934.021484375,1645.581298828125,136.25184916877205,436.5832902552028,90.37869291879717,592800.0,17202862221,6104510092,21543700.0,58944100.0,7094600.0
2023-09-02,,25868.798828125,1637.025390625,,,,,25970.28515625,1644.0306396484375,,,,,25753.09375,1627.97607421875,,,,,25800.91015625,1628.5596923828125,,,,,10100387473,2943590996,,,
2023-09-03,,25969.56640625,1636.11767578125,,,,,26087.1484375,1645.6451416015625,,,,,25817.03125,1626.0892333984375,,,,,25869.47265625,1637.0435791015625,,,,,8962524523,3151878318,,,
2023-09-04,,25812.416015625,1629.6552734375,,,,,26081.525390625,1642.6531982421875,,,,,25657.025390625,1618.523681640625,,,,,25968.169921875,1635.7247314453125,,,,,10680635106,3887968912,,,
2023-09-05,647.2694702148438,25779.982421875,1633.62939453125,134.57669067382812,432.7972106933594,90.66621398925781,651.0444561971999,25858.375,1645.9483642578125,135.22097162539615,434.5506033353466,91.09750587076157,644.9381308921124,25589.98828125,1610.1412353515625,133.39714743586188,432.72979513066315,89.00815727294119,648.8009335530791,25814.95703125,1629.9110107421875,134.24958930429057,434.23269470933957,89.51611692952534,592100.0,11094740040,4417491902,19403100.0,55166200.0,6396500.0
2023-09-06,649.6885375976562,25753.236328125,1632.2523193359375,133.2781982421875,429.8876953125,88.42352294921875,653.3464742026136,25953.015625,1656.9327392578125,135.32999653967815,432.09388618903915,90.05282834360335,640.9485458397178,25404.359375,1611.147705078125,132.4951333142853,427.5659013158959,87.78137823088097,649.7958823193154,25783.931640625,1633.912109375,134.824484524279,431.98789706191957,89.94740192621083,870800.0,12752705327,4987397046,18684500.0,70758500.0,7933700.0
2023-09-07,622.1320190429688,26240.1953125,1647.5982666015625,134.07115173339844,428.5679016113281,86.30543518066406,623.9658691720855,26409.302734375,1657.3037109375,134.38834641226532,429.24226303585164,86.53545316370793,613.4212606980258,25608.201171875,1623.220458984375,131.78145747227418,426.5447585365695,84.75279734280333,621.9759732930689,25748.3125,1632.2628173828125,132.41583170533318,426.89156794336543,86.32460029919278,1236200.0,11088307100,4907290296,18844300.0,70355400.0,14684400.0
2023-09-08,612.4459228515625,25905.654296875,1636.1378173828125,135.1813201904297,429.2133483886719,85.9124755859375,617.4792773714477,26414.005859375,1657.1363525390625,135.45885797662925,430.74514868706615,87.28301181019907,609.8707209826321,25677.48046875,1617.7965087890625,133.66476902845534,428.25959315019446,85.60578252306063,612.9434117963256,26245.208984375,1647.8076171875,133.7242392505445,428.61604594030854,86.97631874732218,873200.0,10817356400,4598495496,23558300.0,61659700.0,5820800.0
2023-09-09,,25895.677734375,1635.162353515625,,,,,25921.9765625,1636.8707275390625,,,,,25810.494140625,1629.660888671875,,,,,25905.42578125,1636.0504150390625,,,,,5481314132,2081625742,,,
2023-09-10,,25832.2265625,1616.828857421875,,,,,25978.130859375,1635.43310546875,,,,,25640.26171875,1604.04052734375,,,,,25895.2109375,1635.211669921875,,,,,7899553047,4339499949,,,
2023-09-11,612.2994995117188,25162.654296875,1551.6376953125,135.71656799316406,432.0361328125,85.87413787841797,616.0257241869273,25883.947265625,1618.3057861328125,136.27164356834132,432.3443980335229,86.63128797550938,603.1985379298181,24930.296875,1533.4267578125,134.59649505596173,430.1285929169173,85.45243948783825,615.3428975488081,25831.71484375,1616.769775390625,135.33990308514734,431.8337979292306,86.35334624527538,1066300.0,14600006467,7693700923,20763400.0,60180100.0,7268600.0
2023-09-12,603.6082153320312,25833.34375,1592.429443359375,134.15045166015625,429.6661376953125,86.71754455566406,607.6953516374383,26451.939453125,1619.114013671875,135.66700281159663,432.11317840274216,87.7622152286266,595.2193723815955,25133.078125,1549.4937744140625,134.00177610596597,429.0881220484013,86.66003458252207,595.9997201733328,25160.658203125,1551.497802734375,135.06236368343136,430.59102153155527,86.69837212723706,1311300.0,18657279324,6813819740,18405500.0,67565400.0,8242600.0
2023-09-13,601.9012451171875,26228.32421875,1607.988525390625,135.50843811035156,430.1671447753906,87.4267807006836,604.7398371773743,26376.11328125,1615.05029296875,135.69675546177504,431.3232055262028,88.06891819468034,598.7407975119407,25781.123046875,1582.217529296875,132.9709257016799,428.7894623481302,86.71755432391316,599.2870469802954,25837.5546875,1592.892333984375,133.9026662941698,429.8877509320253,86.83255965887389,1077000.0,13072077070,4979469106,20749500.0,60199300.0,5757800.0
2023-09-14,606.6322021484375,26539.673828125,1626.974365234375,136.88619995117188,433.8761901855469,88.12137603759766,609.4609706025844,26774.623046875,1640.522705078125,137.48091727999335,434.5698383708397,89.52792601704866,600.2527229027836,26171.451171875,1607.7353515625,135.04254749494362,431.332833106535,87.92869342734339,605.5689357619199,26228.27734375,1608.0316162109375,136.3905946148167,432.6334271290332,89.38341589688046,1237000.0,13811359124,5538958553,24751000.0,83430800.0,6506300.0
2023-09-15,582.0117797851562,26608.693359375,1641.640380859375,136.19232177734375,428.64874267578125,85.98265075683594,590.3713906859065,26840.498046875,1652.1131591796875,137.30248786391493,432.62229333118586,87.80345924367936,579.4366378782532,26240.701171875,1613.2486572265625,135.28040989797375,428.21370176743056,85.60692883733431,587.8254813103028,26533.818359375,1626.8701171875,136.7672257039477,432.2935859212208,87.19652553142834,2841400.0,11479735788,4348584771,38919600.0,111848900.0,19940500.0
2023-09-16,,26568.28125,1635.2216796875,,,,,26754.76953125,1649.9886474609375,,,,,26473.890625,1632.577880859375,,,,,26606.19921875,1641.4464111328125,,,,,7402031417,2819575929,,,
2023-09-17,,26534.1875,1622.896728515625,,,,,26617.998046875,1635.512939453125,,,,,26445.07421875,1616.779296875,,,,,26567.927734375,1635.2010498046875,,,,,6774210670,3032716258,,,
2023-09-18,583.0555419921875,26754.28125,1637.3470458984375,136.9952392578125,428.90008544921875,85.57801818847656,583.670080078629,27414.734375,1669.015380859375,137.9368864099472,430.1955896700722,86.38726304269795,573.5741992929065,26415.515625,1609.9573974609375,135.40929606761446,427.86560575276553,85.19266034595182,573.7400090749971,26532.994140625,1623.0819091796875,135.40929606761446,428.3393267614431,85.29863393639836,1071700.0,15615339655,5916674789,21861300.0,55752200.0,6647400.0
2023-09-19,579.19287109375,27211.1171875,1643.544677734375,136.82672119140625,428.0106506347656,84.94217681884766,583.4653461599104,27488.763671875,1659.53173828125,137.1934794427395,428.57140936349316,85.58764698009013,574.6667695430735,26681.60546875,1628.4132080078125,135.41920378337616,425.33263382268484,84.57609091025257,581.4071017476556,26760.8515625,1637.31201171875,136.21217538464424,427.9816479077142,85.21192510413768,893500.0,13807690550,4405868861,20353700.0,66514600.0,7172100.0
2023-09-20,575.3983764648438,27132.0078125,1622.890625,132.56454467773438,424.07574462890625,84.09440612792969,586.0795644929881,27379.505859375,1649.619140625,136.86639614180442,429.6831540306982,86.05008879484356,575.271563218279,26864.08203125,1610.4207763671875,132.44558909081576,423.87269606637597,84.09440612792969,580.9974492159868,27210.228515625,1643.495361328125,136.86639614180442,429.26743850526196,85.2793730103036,1094500.0,13281116604,5156431986,29927500.0,82562600.0,6935300.0
2023-09-21,567.8287963867188,26567.6328125,1584.3070068359375,129.2935333251953,417.06646728515625,82.23504638671875,576.471266771487,27152.939453125,1625.20458984375,131.06779392210422,421.4943834516094,82.98649009968052,567.8287963867188,26389.30078125,1573.3057861328125,128.9267901856762,416.91177626347593,82.22541041986076,572.5792318450387,27129.83984375,1622.591796875,130.284744080372,421.2333589486901,82.89015248136809,1313800.0,13371443708,5191732312,31503900.0,104095800.0,10652500.0
2023-09-22,572.6864624023438,26579.568359375,1593.268310546875,129.1051788330078,416.12872314453125,82.50480651855469,580.1682040411978,26726.078125,1601.5377197265625,130.86953246620288,419.6865285568745,83.59343572715107,571.652488160767,26495.533203125,1579.101318359375,128.46089800194463,415.71297806578804,82.32175987238469,579.3000395688841,26564.056640625,1584.0025634765625,129.61069078701092,418.09131961695476,83.09247562985712,837300.0,10578746709,3460791634,26397300.0,100829700.0,7967200.0
2023-09-23,,26579.390625,1593.8577880859375,,,,,26634.185546875,1598.001708984375,,,,,26520.51953125,1588.3289794921875,,,,,26578.556640625,1593.213134765625,,,,,7404700301,2101436678,,,
2023-09-24,,26256.826171875,1580.8533935546875,,,,,26716.05859375,1600.207275390625,,,,,26221.05078125,1576.7833251953125,,,,,26579.373046875,1593.82568359375,,,,,8192867686,3086456944,,,
2023-09-25,571.7404174804688,26298.48046875,1588.3228759765625,129.9576416015625,417.8785705566406,83.08284759521484,573.5547398877007,26421.5078125,1595.8441162109375,130.0171118264149,417.9172211836111,83.08284759521484,566.2779222102864,26011.46875,1565.0255126953125,127.82654454608127,414.485104517223,81.90750926037663,569.3017928890064,26253.775390625,1580.7474365234375,128.6888930557924,414.92017485715184,82.26396661851162,607300.0,11997833257,4394930984,20094600.0,70874500.0,8758000.0
2023-09-26,558.6497802734375,26217.25,1593.417236328125,127.43997192382812,411.7394714355469,81.20421600341797,564.5610026629204,26389.884765625,1598.0977783203125,129.21423249109523,415.54865360911657,82.10980575862739,553.9773384318408,26090.712890625,1580.16552734375,126.10183137682498,410.90801075336816,80.94409635666726,562.2491917976146,26294.7578125,1588.023193359375,128.62942178523338,414.84288124552415,81.8400501453073,1471000.0,9985498161,3544861160,25718700.0,96168400.0,8877600.0
2023-09-27,560.4251098632812,26352.716796875,1597.4912109375,129.3926544189453,411.9037780761719,82.31214141845703,567.8872638821415,26817.841796875,1631.9107666015625,129.74949092087255,413.4700137261174,82.42774365128979,550.4267510601239,26111.46484375,1585.368896484375,127.43998300872549,408.2686420542666,81.02119346779294,563.8098915341386,26209.498046875,1593.1082763671875,127.43998300872549,412.90925504168933,82.05202169440116,1477600.0,11718380997,5533036096,22746500.0,104705800.0,7860700.0
2023-09-28,566.3948974609375,27021.546875,1652.8826904296875,131.1470947265625,414.29180908203125,83.24662017822266,573.8570520142725,27259.5,1666.024169921875,132.12839883500152,415.96437838949197,83.9402555269815,550.1536359880884,26327.322265625,1597.294677734375,128.64923934805705,410.7630061946947,81.86897074858942,552.3288697878494,26355.8125,1597.6719970703125,128.69880291155567,411.3527676631777,82.12908308561273,1112500.0,14079002707,6658092168,22513100.0,92258300.0,6647700.0
2023-09-29,574.2081298828125,26911.720703125,1667.94384765625,129.7098388671875,413.2862854003906,83.71866607666016,586.108626797059,27225.9375,1687.28125,132.87180356786632,417.5111824781116,84.80729508776864,572.3548113824569,26721.763671875,1648.656494140625,129.21423349403221,411.7684074215334,83.52598349720145,585.6891906174513,27024.841796875,1652.9998779296875,132.10856705829798,417.3371661441051,84.5375468266153,1017400.0,10396435377,5529687537,30859800.0,115111300.0,7338300.0
2023-09-30,,26967.916015625,1671.161865234375,,,,,27091.794921875,1692.5311279296875,,,,,26888.96875,1666.5638427734375,,,,,26911.689453125,1667.83447265625,,,,,5331172801,3155292192,,,
2023-10-01,,27983.75,1733.8104248046875,,,,,28047.23828125,1750.595703125,,,,,26965.09375,1670.0821533203125,,,,,26967.396484375,1671.1614990234375,,,,,9503917434,5054880180,,,
2023-10-02,567.8872680664062,27530.78515625,1663.6275634765625,132.99073791503906,413.1219787597656,84.44122314453125,573.193716524942,28494.458984375,1743.5635986328125,133.2385405902459,414.36915501527096,85.18303098509944,562.2003799569146,27347.787109375,1646.07763671875,130.01710581255713,410.3666017087048,83.83428210670357,569.0382915048929,27976.798828125,1732.9840087890625,130.05676271040824,412.4548865420046,83.98842819570427,811300.0,19793041322,8420552922,22288000.0,83798600.0,6305000.0
2023-10-03,556.5916137695312,27429.978515625,1656.6856689453125,131.26602172851562,407.5919189453125,82.28323364257812,565.4487143326733,27667.19140625,1670.3563232421875,133.0799390690274,413.1800040858978,84.12330673797356,553.6360319317845,27216.001953125,1644.4964599609375,130.68121106331455,406.2287317175528,81.94604089281735,560.8348559820897,27508.251953125,1662.88720703125,132.76275951955418,410.9467055118216,83.81502189397635,1101300.0,11407814187,4742827302,22989400.0,103760600.0,8201700.0
2023-10-04,576.3541870117188,27799.39453125,1647.838134765625,134.0513458251953,410.5599670410156,83.49710083007812,577.3101681886901,27826.658203125,1657.2535400390625,134.37844718411898,411.3043900178651,83.58380984692691,566.2095460023353,27248.10546875,1629.4266357421875,131.36515806688755,406.59609392791054,82.25432548924196,569.8284262328282,27429.07421875,1656.7359619140625,131.6228674142173,408.0559666596498,82.34103450609076,1325900.0,11143355314,5127524863,26752300.0,87453000.0,7658500.0
2023-10-05,567.4093627929688,27415.912109375,1611.4764404296875,133.88284301757812,410.4053039550781,83.84392547607422,572.1987948299234,28091.861328125,1654.3790283203125,134.29914971685594,411.2464125781848,84.72061489695243,561.2738053491456,27375.6015625,1609.8499755859375,132.2770713207343,407.1858831038249,83.36222993056066,569.3700263002221,27798.646484375,1647.7882080078125,133.88284301757812,410.2699382204488,83.65125019790509,865500.0,11877253670,5403759057,19832600.0,70142700.0,6651700.0
2023-10-06,582.6946411132812,27946.59765625,1645.83154296875,136.3708038330078,415.2779235839844,86.02118682861328,585.74780355569,28252.537109375,1659.60986328125,136.94570799693327,416.81512702154566,86.72445817164008,563.4197447674883,27215.552734375,1611.36572265625,132.83217349419394,406.6347574601129,84.18110641449074,569.457781026249,27412.123046875,1611.36572265625,132.83217349419394,407.9592644123595,84.86511317076064,1042100.0,13492391599,4941208729,27597600.0,113273300.0,9777100.0
2023-10-07,,27968.83984375,1634.51123046875,,,,,28028.091796875,1648.1837158203125,,,,,27870.423828125,1631.158203125,,,,,27946.78125,1645.8109130859375,,,,,6553044316,2578994988,,,
2023-10-08,,27935.08984375,1633.548583984375,,,,,28102.169921875,1641.182373046875,,,,,27740.662109375,1618.189208984375,,,,,27971.677734375,1634.6573486328125,,,,,7916875290,3315554175,,,
2023-10-09,576.8516235351562,27583.677734375,1579.806640625,137.20339965820312,417.93658447265625,85.732177734375,577.1833025943615,27989.470703125,1635.4478759765625,137.71883351864395,418.5069910271343,86.06936317218167,568.1115737109964,27302.5625,1553.0069580078125,134.41809967864563,412.8318987010215,84.81695906745814,573.222979611185,27934.47265625,1633.454833984375,135.73641188198502,413.3829504373266,85.5491384110464,738500.0,12007668568,7020801716,19278100.0,80374400.0,4781300.0
2023-10-10,587.3671264648438,27391.01953125,1567.7130126953125,136.84657287597656,420.1119079589844,87.29286193847656,591.9029323558966,27715.84765625,1593.7413330078125,138.49198658116535,422.70291641435927,87.34103443008009,583.6603695602437,27301.654296875,1553.03173828125,136.12299316212477,418.16863686530417,85.87667594638012,585.4454593814872,27589.201171875,1580.112060546875,137.28270808695942,418.56502711101643,86.0019141344229,1087000.0,9973350678,5254966125,27786600.0,78607300.0,7182900.0
2023-10-11,591.3079223632812,26873.3203125,1566.2547607421875,139.31466674804688,421.8327941894531,88.6319808959961,591.3079223632812,27474.115234375,1578.2235107421875,139.86974231945385,422.08414129890025,88.64161686498846,583.3189860425338,26561.099609375,1548.98046875,137.36198046134194,418.79703802262225,87.31213244749044,586.5867190894508,27392.076171875,1567.6807861328125,137.36198046134194,421.17537943505704,87.91907354246676,981800.0,13648094333,5416504273,25884300.0,62451700.0,8051700.0
2023-10-12,601.618408203125,26756.798828125,1539.6124267578125,137.74855041503906,419.26116943359375,89.03660583496094,608.8659928321333,26921.439453125,1566.878173828125,139.9787744613181,422.8189751332802,90.01926889659684,594.6732106206097,26558.3203125,1523.237548828125,137.04478417224522,416.9118599230101,88.47783721952806,594.6732106206097,26873.29296875,1566.35595703125,139.8102704594491,422.4419396645169,89.12331485808927,1618400.0,9392909295,5003930677,24765500.0,81154200.0,8897800.0
2023-10-13,585.0260620117188,26862.375,1552.0894775390625,136.1527099609375,417.1728210449219,87.14835357666016,597.170424852031,27092.697265625,1571.7506103515625,138.7695057500951,421.9584770278049,89.5375666167745,582.67525401122,26686.322265625,1537.921142578125,135.4192085570894,415.60661494268294,86.89786984541735,596.3315522490925,26752.87890625,1539.432861328125,138.15495992166953,420.7596289275812,89.35451996508662,1098500.0,15165312851,4575141511,23420500.0,95143100.0,7985100.0
2023-10-14,,26861.70703125,1555.2568359375,,,,,26969.0,1560.3250732421875,,,,,26814.5859375,1545.73876953125,,,,,26866.203125,1552.2637939453125,,,,,5388116782,2429214718,,,
2023-10-15,,27159.65234375,1558.06982421875,,,,,27289.169921875,1565.7608642578125,,,,,26817.89453125,1550.5545654296875,,,,,26858.01171875,1555.0760498046875,,,,,7098201980,2923337883,,,
2023-10-16,588.9765625,28519.466796875,1600.5343017578125,137.87741088867188,421.56207275390625,87.88053131103516,591.1713244947276,29448.138671875,1628.15625,138.4027513362433,422.6255551040407,88.53563750825971,583.3189657098259,27130.47265625,1555.9896240234375,136.7771664348634,419.1740835467255,87.11945151204706,586.2843115939241,27162.62890625,1558.3134765625,136.9555770964501,419.4157827397426,87.16762400379059,1154100.0,27833876539,8846928526,28501900.0,75433200.0,8791800.0
2023-10-17,593.6878662109375,28415.748046875,1565.4395751953125,138.491943359375,421.5427551269531,87.66858673095703,595.3656108644897,28618.751953125,1601.294677734375,138.67035400381826,423.5923892481788,88.34295753500511,572.5303630246989,28110.185546875,1554.4029541015625,135.97426001796143,418.09131276942526,85.27937366073289,576.3834006664285,28522.09765625,1600.6356201171875,137.41152745778462,418.4393454760135,86.52214901398479,1535700.0,14872527508,5032686973,23515800.0,75324700.0,7997100.0
2023-10-18,568.9310913085938,28328.341796875,1563.7498779296875,136.7474365234375,415.9256896972656,86.31983947753906,577.2614111008751,28889.009765625,1584.7269287109375,139.48317264449588,420.73067151213604,86.71483334920421,559.7716034708926,28174.251953125,1556.736328125,136.17253249534386,414.84288188055683,85.33718380793488,567.4972086916704,28413.53125,1565.3828125,138.22433080496884,419.77355201420596,85.62619672248168,2401700.0,12724128586,4354138855,23375000.0,93559800.0,9982700.0
2023-10-19,573.3009643554688,28719.806640625,1567.45703125,136.53927612304688,412.27117919921875,89.5086669921875,589.698269463962,28892.474609375,1573.7376708984375,138.4324922204464,418.4490253157197,91.29093898475325,570.5014288152419,28177.98828125,1543.5850830078125,136.17253299803895,411.59443909771255,88.97879896868042,585.6989499884145,28332.416015625,1563.9581298828125,137.28268416001447,416.64111990263626,89.68207032705473,1475500.0,14448058195,5035110867,26066000.0,121323000.0,22751600.0
2023-10-20,565.8583374023438,29682.94921875,1604.6668701171875,134.40817260742188,407.2051696777344,87.96723937988281,577.7490714218676,30104.0859375,1628.6090087890625,136.65820993362706,412.3775387523352,90.8670486617945,564.1025398799511,28601.669921875,1562.3028564453125,133.89273882524216,407.09880668145956,87.75529216092643,574.4911028205869,28732.8125,1567.5709228515625,136.1229628278564,411.8361348739324,88.63198159386586,1035000.0,21536125230,6747486127,26335700.0,123919900.0,12197300.0
2023-10-21,,29918.412109375,1629.304443359375,,,,,30287.482421875,1641.2418212890625,,,,,29481.751953125,1593.447998046875,,,,,29683.380859375,1604.822265625,,,,,11541146996,4212179634,,,
2023-10-22,,29993.896484375,1663.429931640625,,,,,30199.43359375,1667.6666259765625,,,,,29720.3125,1623.9847412109375,,,,,29918.654296875,1629.2977294921875,,,,,10446520040,5248406817,,,
2023-10-23,573.3595581054688,33086.234375,1765.3826904296875,135.30026245117188,406.4994201660156,87.7745590209961,578.9391613522217,34370.4375,1794.0704345703125,136.4500705092504,410.3569598965053,88.8824601968416,559.7715509199724,30097.828125,1663.447998046875,132.77267210572043,403.92773684712256,85.89594941636835,563.4294872973692,30140.685546875,1674.8492431640625,133.8530881539799,405.6776368923659,86.68592978217212,905100.0,38363572311,14362295879,26317900.0,92035100.0,8227900.0
2023-10-24,586.0013427734375,33901.52734375,1784.4375,137.58995056152344,409.5641174316406,88.28514099121094,587.962005980502,35150.43359375,1852.6844482421875,138.135119454478,410.71460793995783,88.6319623012665,575.1543480663115,32880.76171875,1758.6900634765625,136.21216833642438,406.77006062450005,87.5336972694536,576.1200336371419,33077.3046875,1766.0146484375,136.61856834068817,408.61664598235126,87.86124664556763,1333900.0,44934999645,15888690475,44814300.0,78564200.0,7374800.0
2023-10-25,569.0188598632812,34502.8203125,1787.3975830078125,124.50597381591797,403.6859436035156,84.43158721923828,583.5042642379091,35133.7578125,1814.4847412109375,127.18223962045136,407.91086989621283,87.52407146800404,567.2922948253275,33709.109375,1762.1470947265625,123.97071914254384,403.17354254116606,83.50673273503554,582.7824409785935,33916.04296875,1784.905029296875,127.03356406868409,407.8818671758645,87.47590632773446,1322700.0,25254318008,9439066475,84366200.0,94223200.0,13027100.0
2023-10-26,573.7595825195312,34156.6484375,1804.039306640625,121.20524597167969,398.85205078125,84.24855041503906,584.2944284200933,34832.91015625,1865.09521484375,123.23723097831568,403.47333880031834,84.91329263916653,571.1941447904078,33762.32421875,1764.0130615234375,120.20412102421639,397.93361142540357,83.37186831881169,578.5392508029327,34504.2890625,1787.48193359375,122.18654246977827,402.6225823087564,83.93063693184374,1093000.0,19427195376,11196672635,57061100.0,115156800.0,9377300.0
2023-10-27,575.5153198242188,33909.80078125,1780.0452880859375,121.0962142944336,397.0440673828125,82.84198760986328,581.3387259234564,34238.2109375,1804.1358642578125,122.22619393308011,400.83392348318415,84.56645833145447,572.9108858098733,33416.88671875,1751.4400634765625,119.15344215145646,395.62287503320994,82.74564998269798,580.2657550740671,34156.5,1803.794921875,121.79997301237394,400.4375332899705,84.3352465562398,819400.0,16418032871,7493399771,44566500.0,107367700.0,12480700.0
2023-10-28,,34089.57421875,1776.6181640625,,,,,34399.390625,1800.6053466796875,,,,,33874.8046875,1773.4366455078125,,,,,33907.72265625,1780.084228515625,,,,,10160330825,4226112731,,,
2023-10-29,,34538.48046875,1795.5460205078125,,,,,34743.26171875,1810.4886474609375,,,,,33947.56640625,1766.052978515625,,,,,34089.37109375,1776.56396484375,,,,,11160323986,4358528382,,,
2023-10-30,574.4229736328125,34502.36328125,1810.088623046875,123.3660888671875,401.7911071777344,82.909423828125,579.8562370206074,34843.93359375,1829.24951171875,124.29782939084916,402.84491222424634,85.06742487482062,568.1800701129689,34110.97265625,1779.364501953125,121.6711193945083,398.53300645045545,82.85162272244038,578.217488242415,34531.7421875,1795.589111328125,122.12707543139821,399.82851071417565,84.11366253048605,746700.0,17184860315,7534051038,28940100.0,86562700.0,9785500.0
2023-10-31,584.1090698242188,34667.78125,1816.458984375,122.98943328857422,404.314453125,83.15027618408203,587.3475701796997,34719.25390625,1819.97265625,124.26809608033074,404.63348310254605,83.26588575195822,578.9879585717683,34083.30859375,1784.567626953125,121.61165093298484,400.45691364342605,81.84006381517908,584.9284738207715,34500.078125,1810.131591796875,123.96081560140948,402.361504611754,82.99613744367059,1020300.0,15758270810,6477922747,26292300.0,79665200.0,9004900.0
2023-11-01,594.8568115234375,35437.25390625,1847.0897216796875,125.3386001586914,408.6263427734375,84.58574676513672,595.3750932408524,35527.9296875,1858.3128662109375,125.37824949738864,409.43844855236455,84.65318385231481,583.6201917069243,34170.69140625,1786.4095458984375,122.63259896306457,404.74947812853236,83.17918920383721,586.446417785224,34657.2734375,1815.8720703125,122.97952122374261,405.28123407598383,83.3044347586617,1005800.0,22446272005,10628825648,30082400.0,98068100.0,9508800.0
2023-11-02,617.4669189453125,34938.2421875,1800.6209716796875,126.36946105957031,416.4573974609375,87.16761779785156,623.4323809312574,35919.84375,1873.885009765625,127.8463630140724,416.612088488878,87.71675035421681,613.2617523249546,34401.57421875,1790.11474609375,125.81438543905156,412.3968391143164,86.19459086461146,622.9238286097084,35441.578125,1847.2598876953125,127.29128739355363,412.41616442869764,87.09054475658527,1527400.0,20998158544,9004197724,27124600.0,94938900.0,11032600.0
2023-11-03,628.243896484375,34732.32421875,1832.795166015625,127.9653091430664,420.25689697265625,88.42967224121094,632.7327065545742,34942.47265625,1835.072509765625,128.39152248996186,421.8037777300333,89.06550656163091,624.8113472415662,34133.44140625,1779.635498046875,126.73620241363211,418.6326854543438,87.51444626245345,628.9186833657973,34942.47265625,1800.91650390625,126.8947997576898,418.75837375712325,88.29479807172515,906900.0,17158456701,7622864055,26393100.0,100167800.0,9226700.0
2023-11-04,,35082.1953125,1857.6986083984375,,,,,35256.03125,1867.2613525390625,,,,,34616.69140625,1825.736572265625,,,,,34736.32421875,1833.368896484375,,,,,9561294264,4845080427,,,
2023-11-05,,35049.35546875,1894.15771484375,,,,,35340.33984375,1911.608642578125,,,,,34594.2421875,1848.6201171875,,,,,35090.01171875,1857.3956298828125,,,,,12412743996,8867152645,,,
2023-11-06,623.3833618164062,35037.37109375,1899.83740234375,129.1051788330078,421.2237548828125,89.21000671386719,624.7133571684881,35286.02734375,1914.5826416015625,129.19438415583073,421.66847320739254,89.21964268206348,617.251606923279,34765.36328125,1871.9730224609375,127.53906429208809,419.28048362094427,87.94796683348902,622.8357131603004,35044.7890625,1894.027099609375,127.91572915468251,421.01105837900457,88.63197357362246,651300.0,12693436420,8104122602,19052700.0,67831700.0,8402700.0
2023-11-07,622.2782592773438,35443.5625,1888.124267578125,129.81884765625,422.4225158691406,89.0269775390625,627.2462531858098,35892.41796875,1907.5614013671875,130.7505879983134,423.0606052933152,89.64354727209248,619.5595941339609,34545.81640625,1852.7908935546875,128.73843178073938,420.0828841514639,88.39113586744917,619.8431776432197,35047.79296875,1900.5997314453125,129.5611383567172,421.22369728667144,88.87283143075952,529000.0,18834737789,9203228152,29757300.0,64256100.0,6241300.0
2023-11-08,625.1925659179688,35655.27734375,1889.3223876953125,130.68121337890625,422.7319030761719,88.6319808959961,628.4882470124022,35994.41796875,1904.5462646484375,131.04797161797262,423.544008852029,90.01926642726681,623.0998018571884,35147.80078125,1874.545654296875,129.63053247035484,420.4309219590949,88.56454381323104,625.4468420338503,35419.4765625,1887.1190185546875,129.81886492088287,423.0219303160148,89.91329281862303,727000.0,17295394918,6751627017,26425800.0,61746000.0,6537700.0
2023-11-09,620.2735595703125,36693.125,2120.56103515625,129.09527587890625,419.4351501464844,88.26588439941406,635.0601345515875,37926.2578125,2130.88525390625,131.38496997848083,423.91142437106953,89.9518186175806,619.8725673017408,35592.1015625,1884.204345703125,128.92677188940007,419.00975716373983,88.24661246372753,632.1360783960661,35633.6328125,1888.9403076171875,130.80015934584054,423.8727442351021,89.23890399897688,1221600.0,37762672382,24709695029,23747800.0,83174400.0,8166000.0
2023-11-10,646.69775390625,37313.96875,2078.289794921875,131.42462158203125,425.9803466796875,93.87283325195312,648.5949165220113,37493.80078125,2134.69140625,131.63278248151076,426.28972875327344,94.17148214765571,626.6595408249943,36362.75390625,2068.13427734375,128.27257885187583,419.42546520511473,90.18304349176228,630.2486544697757,36702.25,2121.0673828125,128.95651664701234,421.5041020397778,90.59730196810342,1246700.0,22711265155,14740624457,26913300.0,89462200.0,19281700.0
2023-11-11,,37138.05078125,2052.7138671875,,,,,37407.09375,2089.530517578125,,,,,36773.66796875,2035.0821533203125,,,,,37310.0703125,2078.058349609375,,,,,13924272142,10228351203,,,
2023-11-12,,37054.51953125,2045.18701171875,,,,,37227.69140625,2066.00341796875,,,,,36779.1171875,2019.028076171875,,,,,37133.9921875,2053.11865234375,,,,,11545715999,7951011698,,,
2023-11-13,640.1651000976562,36502.35546875,2055.265380859375,130.9290008544922,425.5743103027344,92.8901596069336,643.2456619209795,37405.1171875,2116.0107421875,131.42460614060172,426.6764433760795,93.62233883403087,633.9747287220148,36399.60546875,2031.9542236328125,130.09638760374972,423.86309048956497,92.21578883861382,639.7152819635628,37070.3046875,2045.3544921875,130.62172799705198,424.64619358239656,93.45856412602322,641200.0,19057712790,14322027970,18324800.0,52236100.0,9526300.0
2023-11-14,660.5160522460938,35537.640625,1979.0526123046875,132.44557189941406,433.830810546875,95.28900909423828,663.5281498015421,36753.3515625,2065.06689453125,134.50729201715737,435.1166375219735,96.04045291207314,654.7364039057948,34948.5,1939.2803955078125,132.1482207824069,431.2784524100305,94.36414724911367,659.7728616576846,36491.7890625,2054.765380859375,133.01056927107837,431.50082633241226,94.41231974003752,1166800.0,23857403554,13087862495,32395200.0,97176900.0,13873200.0
2023-11-15,663.0491333007812,37880.58203125,2060.408447265625,133.43679809570312,434.7492370605469,95.18303680419922,667.1565292502278,37964.89453125,2061.99169921875,133.84319816897428,436.3928036457593,97.01347388305322,660.1250766142324,35383.78125,1968.774658203125,132.39603881613726,433.89845104016877,94.8169435083562,665.2788847007714,35548.11328125,1979.47265625,133.68460080506208,435.164952660045,96.29093060979287,918500.0,27365821679,12626326991,23861500.0,77327600.0,10422900.0
2023-11-16,665.8556518554688,36154.76953125,1960.881591796875,135.72650146484375,435.2809753417969,94.93254089355469,669.4838615235655,37934.625,2088.662353515625,136.01396109606097,435.60000533429076,95.47203744964935,660.1151001302153,35545.47265625,1940.57421875,133.13945553195717,433.2410185572766,94.3256072679482,661.7874132053336,37879.98046875,2059.9658203125,134.0018041762527,434.3045010394223,94.64352068131008,854700.0,26007385366,14651619483,28013200.0,66665800.0,8459000.0
2023-11-17,670.960693359375,36596.68359375,1961.28076171875,134.1207275390625,435.8223876953125,95.93449401855469,672.4276160672474,36704.484375,1990.050537109375,134.86413562027792,436.43147446982493,96.06936819370901,664.2226140624641,35901.234375,1910.4454345703125,132.4753140227168,434.37219232906403,94.72061909207451,666.0415838948088,36164.82421875,1961.8675537109375,134.80466539372887,435.2906316917746,95.31792426068029,627600.0,22445028430,11881648738,37240600.0,83133200.0,7243000.0
2023-11-18,,36585.703125,1963.2850341796875,,,,,36839.28125,1971.4622802734375,,,,,36233.3125,1921.0623779296875,,,,,36625.37109375,1961.6712646484375,,,,,11886022717,8064677046,,,
2023-11-19,,37386.546875,2013.2044677734375,,,,,37509.35546875,2015.6339111328125,,,,,36414.59765625,1944.90087890625,,,,,36585.765625,1963.1800537109375,,,,,12915986553,7716048818,,,
2023-11-20,678.9993896484375,37476.95703125,2022.2391357421875,135.05245971679688,439.1771545410156,96.30056762695312,681.6007062764119,37756.8203125,2066.409912109375,135.45885973926121,440.0182630951851,96.90750133706953,670.2076425850937,36882.53125,1996.0443115234375,132.44557070034907,435.5613141930735,95.89594515354219,670.2076425850937,37374.07421875,2011.8533935546875,132.5149627101394,435.57099160312566,96.24276651649166,674700.0,20888209068,12866464824,27815500.0,69936200.0,6448900.0
2023-11-21,669.3274536132812,35813.8125,1937.0667724609375,135.76614379882812,438.219970703125,94.80731964111328,679.2634431751272,37631.140625,2035.035888671875,135.9742895959558,439.05143128536895,96.483618061055,664.9266856397151,35813.8125,1937.0667724609375,134.76502634077858,436.95346926763995,94.64353757156486,678.5690782956175,37469.16015625,2022.21728515625,135.09211259340776,438.13296253247677,96.33910792914315,705400.0,25172163756,13653500841,22635300.0,49244600.0,10112600.0
2023-11-22,669.6990356445312,37432.33984375,2064.42529296875,137.2727813720703,439.911865234375,95.03852844238281,678.7450581184462,37856.98046875,2089.51416015625,138.19460010408307,441.22672421241435,96.00191949126639,668.8286472648687,35670.97265625,1933.1629638671875,136.26174217835015,438.81940964411666,94.36415029811008,674.266037845404,35756.5546875,1933.5831298828125,136.26174217835015,439.87321460582723,95.10596552180105,522300.0,24397247860,13372200584,17813900.0,59394900.0,7413500.0
2023-11-23,,37289.62109375,2062.210693359375,,,,,37643.91796875,2088.031982421875,,,,,36923.86328125,2041.4642333984375,,,,,37420.43359375,2063.905517578125,,,,,14214948217,7828437946,,,
2023-11-24,675.9383544921875,37720.28125,2081.152099609375,135.48863220214844,440.18255615234375,94.24855041503906,676.7793757740278,38415.33984375,2132.481201171875,136.91597844305232,440.3759273074353,95.11560385056792,672.7307148424491,37261.60546875,2060.9990234375,134.7947875363422,439.631504418495,93.90172904082752,674.8528461152147,37296.31640625,2062.411865234375,136.81685129450315,439.9602117787139,94.8747560823705,352100.0,22922957823,12141148820,12514300.0,29737400.0,4297600.0
2023-11-25,,37796.79296875,2084.4130859375,,,,,37892.4296875,2091.3427734375,,,,,37617.41796875,2067.917236328125,,,,,37721.4140625,2081.296142578125,,,,,9099571165,5362623390,,,
2023-11-26,,37479.12109375,2063.2861328125,,,,,37820.30078125,2094.095947265625,,,,,37162.75,2038.6004638671875,,,,,37796.828125,2084.177490234375,,,,,13744796068,8054814154,,,
2023-11-27,673.2001342773438,37254.16796875,2027.4173583984375,135.21107482910156,439.38983154296875,93.65126037597656,675.0875675544207,37559.35546875,2070.606201171875,137.20340318020305,440.36627627306393,93.9788172154887,669.9435493444181,36750.12890625,1988.120361328125,134.8046747532318,439.00308920962266,92.89018042397471,672.4959803805765,37454.19140625,2062.390869140625,134.83440986857084,439.55417048077294,93.85357165181122,545500.0,19002925720,10574810069,23436500.0,50506000.0,6856100.0
2023-11-28,661.0833740234375,37831.0859375,2049.338134765625,135.9940948486328,439.82489013671875,94.39305877685547,667.7920861752106,38368.48046875,2074.9541015625,136.0436584048626,441.1203943936042,94.6531711275938,657.8170595727611,36891.08984375,1996.814697265625,134.22974114450358,438.4423777026132,93.68014410428735,665.0049569226269,37247.9921875,2027.5172119140625,134.88394378751974,439.00310690168646,94.28708517282752,644300.0,21696137014,9910633038,18730000.0,62115000.0,6358100.0
2023-11-29,672.4470825195312,37858.4921875,2029.92919921875,133.8035430908203,439.5155029296875,95.2601089477539,677.825798699702,38366.11328125,2071.994384765625,137.07452642949448,443.10234049536746,96.07899725960966,669.5719118465615,37612.6328125,2020.756591796875,133.65485240517793,439.1191421839662,94.99036061682808,671.3713631591904,37826.10546875,2049.186767578125,136.36086861217828,441.97117519611106,95.37571852533243,795500.0,20728546658,8945151861,23967200.0,63146000.0,7091100.0
2023-11-30,668.6820068359375,37712.74609375,2052.55615234375,131.3651580810547,441.2460632324219,93.7475814819336,669.2394445860634,38141.75390625,2054.4443359375,134.35861874891418,441.59412543023933,95.35645013451882,661.4647428763362,37531.140625,2022.4617919921875,130.1261446568203,438.28766732031204,93.35259497028498,668.046316500908,37861.1171875,2029.3583984375,133.8630133792204,440.35662667945024,95.30827764159292,753600.0,18115982627,8107789163,38988300.0,79752700.0,9681400.0
2023-12-01,676.9359741210938,38688.75,2087.139892578125,130.70103454589844,443.8564147949219,94.94219207763672,680.2414448774225,38954.109375,2109.319091796875,130.94883720390865,444.38814123082403,95.16376790579353,667.9877213318225,37629.359375,2046.5570068359375,129.52149147382195,440.0472330596215,93.46819757905,672.9948129542247,37718.0078125,2052.0966796875,130.70103454589844,440.6369649429203,94.12330379505838,857600.0,23512784002,10866891430,31442300.0,89183400.0,7500400.0
2023-12-02,,39476.33203125,2165.7041015625,,,,,39678.9375,2182.81787109375,,,,,38652.59375,2087.407958984375,,,,,38689.27734375,2087.66357421875,,,,,15534035612,9130124831,,,
2023-12-03,,39978.390625,2193.691650390625,,,,,40135.60546875,2213.17578125,,,,,39298.1640625,2151.720947265625,,,,,39472.20703125,2165.895751953125,,,,,15769696322,8278465782,,,
2023-12-04,675.0974731445312,41980.09765625,2243.2158203125,128.13380432128906,441.52642822265625,93.45857238769531,675.4886167642802,42371.75,2273.06982421875,128.88711896664887,443.8757373404589,93.64161169808258,664.144437074401,39978.62890625,2193.00732421875,126.7758430151211,439.2544498661346,91.76300199877392,671.5964005035457,39978.62890625,2193.663330078125,128.73844341976016,440.4726232624604,93.4971089135902,748500.0,39856129827,16149367134,36669900.0,72430900.0,10619400.0
2023-12-05,679.2144775390625,44080.6484375,2293.841796875,129.83868408203125,441.4394836425781,93.15028381347656,682.0504918627056,44408.6640625,2306.5703125,130.9785702409771,442.3966031608258,93.46819727676429,672.7599827926321,41421.1484375,2191.17626953125,127.12276154831913,439.76691433401015,92.3699320579037,675.0972936104127,41986.265625,2243.092529296875,127.8166059548372,440.14397929835064,92.92870063594589,610000.0,36312154535,15383072559,27384800.0,69793500.0,8009600.0
2023-12-06,676.8184814453125,43746.4453125,2231.661376953125,128.87722778320312,439.6604919433594,94.26780700683594,687.7617253950634,44265.76953125,2310.713134765625,130.68122350903377,443.6050096339301,94.96144969642555,675.9774005369528,43478.08203125,2225.0810546875,128.73845888121613,439.22542161159066,93.88244914038728,684.0063776305719,44080.0234375,2293.628173828125,130.28474525326413,443.5760069120985,94.21964186733608,657100.0,29909761586,12790612571,23576200.0,69124700.0,11262300.0
2023-12-07,684.2216796875,43292.6640625,2357.57958984375,135.72650146484375,443.01531982421875,95.65509796142578,685.0431229868633,44042.58984375,2380.729736328125,137.34218007397496,443.66305717468333,95.99228335793802,676.828391547038,42880.6484375,2225.050537109375,133.51610538969697,441.13973162302386,94.30634902528644,680.0360315313778,43769.1328125,2233.2177734375,133.85311346624027,441.7391409339485,94.37378610458889,780600.0,27635760671,14766891042,56767100.0,66995400.0,11373700.0
2023-12-08,681.072509765625,44166.6015625,2358.73193359375,133.8035430908203,444.9198913574219,96.67630004882812,687.3314025992024,44705.515625,2387.514404296875,135.20113873793494,445.4516177863762,96.69557198780271,678.7254697199528,43125.296875,2340.92041015625,132.85197412660608,442.02914891320626,95.32755097416232,680.0065795722013,43293.13671875,2357.169189453125,133.0204781372603,442.2708481089666,95.49133305508165,920600.0,24421116687,12543458699,32260100.0,83194400.0,10572500.0
2023-12-09,,43725.984375,2341.17529296875,,,,,44361.2578125,2401.760498046875,,,,,43627.59765625,2331.666015625,,,,,44180.01953125,2358.68603515625,,,,,17368210171,10613312823,,,
2023-12-10,,43779.69921875,2352.462646484375,,,,,44034.625,2376.749755859375,,,,,43593.28515625,2323.40576171875,,,,,43728.3828125,2341.440185546875,,,,,13000481418,7369608905,,,
2023-12-11,694.5780639648438,41243.83203125,2224.578857421875,132.1184844970703,446.6504211425781,97.25431823730469,697.7563962735339,43808.375,2354.9140625,132.1680480633636,446.82446698086267,97.50480195462764,687.106523842999,40234.578125,2160.358154296875,130.20545486049974,444.2141039538438,95.73216604764056,689.179769681529,43792.01953125,2352.49658203125,131.21649413911075,444.42680041904015,95.92484130706437,1585000.0,40632672038,17989249470,31138000.0,65002200.0,9482800.0
2023-12-12,704.6705322265625,41450.22265625,2202.0380859375,131.35525512695312,448.6904602050781,97.88052368164062,705.0812538622745,42048.3046875,2242.55126953125,131.83103206038206,448.7871457987425,97.92869617145598,695.6245090707106,40667.5625,2166.77001953125,130.10631988027265,445.30667095693167,96.29092706890377,699.1548886471993,41238.734375,2224.39111328125,130.65148882726206,446.30247061264276,96.4836096780752,880100.0,24779520132,11391132228,29032800.0,68327600.0,7378600.0
2023-12-13,719.07568359375,42890.7421875,2260.648681640625,131.40481567382812,454.8779296875,98.38150024414062,722.3909431152491,43429.78125,2283.09912109375,132.32663440647838,455.12930631637573,98.92099689970013,704.8465457961985,40676.8671875,2150.75439453125,130.41360492921032,448.70976090431213,97.21579791332628,708.6703576046727,41468.46484375,2202.600341796875,132.20769395702044,449.06747102737427,97.68785748694086,1037200.0,26797884674,12576395493,30104800.0,93278000.0,8988800.0
2023-12-14,737.0894165039062,43023.97265625,2316.5791015625,130.7803192138672,456.33782958984375,100.13248443603516,739.319107534522,43390.859375,2331.6015625,132.54467274008545,458.00072149405844,100.48094027534297,727.8868898018806,41767.08984375,2239.3662109375,128.5500955304784,453.6694606145386,99.50333503397376,727.8868898018806,42884.26171875,2260.736083984375,132.2076647911836,456.8115506454331,100.03569278838951,1446600.0,25578530178,12608711052,38722400.0,119026000.0,10074500.0
2023-12-15,736.3561401367188,41929.7578125,2219.33740234375,131.43453979492188,455.58636474609375,99.25167083740234,743.5636159640552,43087.82421875,2316.892822265625,132.33653000234125,456.9162712434612,101.40047938478449,733.0897658120866,41692.96875,2214.26318359375,130.0270073455555,453.7420093093976,99.10647967357637,737.0896015277441,43028.25,2316.1103515625,130.46314245666346,455.74168294193043,100.18088394726745,1507000.0,19639442462,10259157898,50847100.0,141553700.0,16379200.0
2023-12-16,,42240.1171875,2226.926513671875,,,,,42664.9453125,2260.809814453125,,,,,41723.11328125,2213.55078125,,,,,41937.7421875,2220.41552734375,,,,,14386729590,6866555430,,,
2023-12-17,,41364.6640625,2196.481201171875,,,,,42359.49609375,2244.366455078125,,,,,41274.54296875,2195.76171875,,,,,42236.109375,2226.892578125,,,,,16678702876,7410453853,,,
2023-12-18,725.6964721679688,42623.5390625,2217.2734375,134.6064453125,458.149169921875,99.62915802001953,731.3098870900359,42720.296875,2222.019287109375,135.94457097324687,459.1296032853033,99.9969692149647,720.0830572459016,40530.2578125,2120.12744140625,131.26605424341028,456.13009218585904,98.80641798267467,730.889376391576,41348.203125,2195.341796875,131.46430852619793,457.1881698520897,99.542040372565,808900.0,25224642008,10366536490,32258000.0,70375300.0,5660600.0
2023-12-19,728.297607421875,42270.52734375,2177.87255859375,135.44894409179688,460.9350280761719,100.53901672363281,728.6497141630982,43354.296875,2253.348876953125,136.26174417356714,461.0127019870432,100.64548974675121,724.2000614697655,41826.3359375,2139.723388671875,134.883961824314,458.6150310014618,99.78402418204894,726.6155650472909,42641.51171875,2218.240966796875,135.63727655584978,458.6926752884159,99.92921533945848,571000.0,23171001281,10619179629,25476800.0,55761800.0,8498500.0
2023-12-20,713.52099609375,43652.25,2201.911376953125,137.12408447265625,454.54779052734375,96.83183288574219,733.3244533667975,44275.5859375,2263.3291015625,140.45455302635412,461.96405036999886,99.78401845489206,713.52099609375,42223.81640625,2161.21875,136.85646847368653,454.1206728290634,96.73504124793423,723.2906921315083,42261.30078125,2177.239501953125,137.74855205293554,460.0808576886502,99.40652589813102,1007600.0,27868908174,12652290807,49107200.0,102921000.0,10814100.0
2023-12-21,738.6151733398438,43869.15234375,2239.54248046875,139.185791015625,458.8577575683594,99.26133728027344,739.2508040432489,44240.66796875,2278.12158203125,139.45342211326152,459.1295570366737,99.42588379497411,727.1535860266181,43330.05078125,2184.856689453125,137.9566844233994,455.1107760152546,97.91591364176188,727.759909313799,43648.125,2201.7900390625,138.2639724149609,457.5278509164755,98.05142340501281,868200.0,22452766169,12616530536,27488300.0,86667500.0,9068200.0
2023-12-22,735.9357299804688,43997.90234375,2326.52490234375,140.24639892578125,459.7799072265625,99.84210205078125,739.1531595672126,44367.95703125,2341.947509765625,140.74200424587772,461.45925759296136,100.26798674562215,732.5911026041891,43441.96875,2233.53271484375,139.4732558364047,457.8870276491879,99.41620997121153,736.2388916759415,43868.98828125,2239.59814453125,139.53272605486842,459.98374941589714,99.6291560109964,597300.0,21028503216,16137246310,26532200.0,67160400.0,5566400.0
2023-12-23,,43739.54296875,2309.04638671875,,,,,44015.69921875,2332.072021484375,,,,,43351.35546875,2270.428955078125,,,,,44012.19921875,2326.7158203125,,,,,13507796558,7995772945,,,
2023-12-24,,43016.1171875,2265.692138671875,,,,,43945.5234375,2325.705078125,,,,,42786.91796875,2249.984375,,,,,43728.3671875,2309.626708984375,,,,,18830554085,9450799236,,,
2023-12-25,,43613.140625,2272.561767578125,,,,,43765.09375,2303.551025390625,,,,,42765.76953125,2254.574462890625,,,,,43010.57421875,2265.340576171875,,,,,21115795370,8036302656,,,
2023-12-26,745.8617553710938,42520.40234375,2231.46533203125,140.27615356445312,461.7213439941406,101.10040283203125,748.9129499182201,43603.17578125,2274.557373046875,141.42594657240042,462.62410332069675,101.59404977242941,733.4613755445952,41676.48828125,2180.225341796875,139.94905219268907,460.1099508863103,100.24862610238975,733.5591465189719,43599.84765625,2272.21875,140.34553045409487,460.1876248035588,100.2873442334728,509000.0,30026850982,10668581464,16780300.0,55387000.0,6407500.0
2023-12-27,747.1820068359375,43442.85546875,2378.739990234375,139.13626098632812,462.55615234375,101.29399871826172,747.6220359011421,43683.16015625,2392.608642578125,140.8312381802104,462.7017539013479,101.99091034428797,741.6272069354939,42167.58203125,2215.140380859375,138.66048401730106,460.98359627385656,100.74227824511242,744.0427707227653,42518.46875,2231.39306640625,140.3455394229746,461.51747852635486,101.68117266435728,486900.0,25260941032,14161342927,19628600.0,68000300.0,5889700.0
2023-12-28,741.13818359375,42627.85546875,2347.566162109375,138.99746704101562,462.7309265136719,101.34239196777344,746.2626834353392,43804.78125,2445.017578125,139.8994723742898,463.5657286208665,102.13609524292644,741.099087145213,42318.55078125,2338.703857421875,138.5216901576727,462.3135254600746,101.34239196777344,745.2651569499207,43468.19921875,2380.20068359375,139.54263593061398,462.91536504878167,101.63277427674139,468000.0,22992093014,15660799060,16045700.0,77158100.0,5335100.0
2023-12-29,740.228759765625,42099.40234375,2300.690673828125,138.46221923828125,461.39129638671875,100.66484832763672,743.5831159482126,43124.32421875,2386.004638671875,139.12632856419143,463.060930093317,101.6037428060954,735.7400095895845,41424.0625,2262.975830078125,137.56021390956434,459.44014657654174,100.34542924810823,741.3143279613066,42614.64453125,2346.84375,138.40274901874815,462.53673484415077,101.3617599976155,517900.0,26000021055,12536968996,18733000.0,122283100.0,4409600.0
2023-12-30,,42156.90234375,2292.0654296875,,,,,42584.125,2322.021484375,,,,,41556.2265625,2270.011962890625,,,,,42091.75390625,2300.399658203125,,,,,16013925945,6888195427,,,
2023-12-31,,42265.1875,2281.47119140625,,,,,42860.9375,2318.512939453125,,,,,41998.25390625,2261.394287109375,,,,,42152.09765625,2291.9453125,,,,,16397498810,6871481744,,,
2024-01-01,,44167.33203125,2352.327880859375,,,,,44175.4375,2352.327880859375,,,,,42214.9765625,2267.01806640625,,,,,42280.234375,2282.870361328125,,,,,18426978443,6906765990,,,
2024-01-02,701.1107788085938,44957.96875,2355.83642578125,136.95556640625,458.8092346191406,98.27405548095703,714.6554005145275,45899.70703125,2431.21240234375,138.2243147607485,459.79938459581,99.32910434969874,698.392113184119,44176.94921875,2348.892333984375,135.2804180769598,456.7124830275094,97.36419777200737,713.9023611152614,44187.140625,2352.593505859375,137.33223127309824,458.33359292378987,98.97096714017556,1368700.0,39335274536,12910543630,23711200.0,123623700.0,9020900.0
2024-01-03,687.8595581054688,42848.17578125,2210.761962890625,137.698974609375,455.062255859375,96.9576644897461,691.057468459019,45503.2421875,2385.11767578125,138.40274078957884,457.3919698393569,98.00303193606572,684.1726735542127,40813.53515625,2113.92529296875,135.87515073698754,454.4604162904711,96.46402490514699,685.1506219496242,44961.6015625,2355.9814453125,136.0436547238705,456.6542157231931,97.1222110179458,952000.0,46342323118,19332933581,24212100.0,103585900.0,6650600.0
2024-01-04,684.847412109375,44179.921875,2269.0380859375,135.19122314453125,453.596435546875,95.95101928710938,693.8641267185361,44770.0234375,2294.608154296875,137.93688094484938,457.1686653982138,97.21901420833936,682.1287467999738,42675.17578125,2204.86572265625,135.15158137245075,453.3731600721968,95.94134529190357,682.6079319297052,42855.81640625,2210.529052734375,137.20337960162615,454.5865557790852,96.33819325248702,752100.0,30448091210,11044564896,27137700.0,84232200.0,7996700.0
2024-01-05,687.8303833007812,44162.69140625,2268.647216796875,134.53704833984375,454.2177429199219,96.4156265258789,694.1381039158825,44353.28515625,2276.7646484375,135.9544877613099,456.66393818647634,97.41259447104804,684.1728054578315,42784.71875,2209.537109375,133.9621442151988,452.7713549830218,95.63160462428549,685.307259241194,44192.98046875,2269.409423828125,135.54808767109367,453.8003122508208,95.8251879085931,579200.0,32336029347,10860953290,22513900.0,86118900.0,7347300.0
2024-01-06,,43989.1953125,2241.624755859375,,,,,44227.6328125,2271.359375,,,,,43475.15625,2219.781982421875,,,,,44178.953125,2269.5400390625,,,,,16092503468,5970741680,,,
2024-01-07,,43943.09765625,2222.865966796875,,,,,44495.5703125,2257.1279296875,,,,,43662.23046875,2211.5625,,,,,43998.46484375,2242.0126953125,,,,,19330573863,6490053615,,,
2024-01-08,704.9444580078125,46970.50390625,2333.03271484375,137.6197052001953,460.7021179199219,98.96128845214844,704.9444580078125,47218.0,2358.815673828125,137.78820922289705,460.84771948944723,99.49365359095732,696.2113249426314,43244.08203125,2171.99365234375,135.06237949599685,454.5865853845721,97.27709015304383,696.9350570075301,43948.70703125,2222.857666015625,135.09211461031617,454.71278328613425,97.40291855643078,835300.0,42746192015,13830287095,21404000.0,74879100.0,12455600.0
2024-01-09,700.1622924804688,46139.73046875,2344.8271484375,139.71115112304688,460.0032043457031,98.62252044677734,703.2134872517962,47893.69921875,2369.6416015625,140.24641339378692,461.02244496424106,98.69995672380388,694.99869536638,45244.71484375,2243.21923828125,136.9357580192586,457.54729244084217,96.99639555286922,694.99869536638,46987.640625,2332.8681640625,137.2826878289855,458.05205442710235,97.8094616921882,587000.0,39821290992,14891130716,24759600.0,65931400.0,7764000.0
2024-01-10,701.9616088867188,46627.77734375,2582.103515625,141.0294647216797,462.60467529296875,97.5674819946289,704.1228964876744,47647.22265625,2626.976806640625,141.74313767378752,463.4686272393253,99.48398191176598,692.4266113301148,44483.15234375,2341.943115234375,139.67151083001588,459.9934454114867,96.77377859147244,700.6707097471161,46121.5390625,2344.923583984375,139.7607161678604,460.2749615048287,99.23231769572219,506400.0,50114613298,29042100476,21320200.0,67310600.0,6975700.0
2024-01-11,702.6854248046875,46368.5859375,2619.619140625,140.83123779296875,462.40087890625,97.97400665283203,708.2205875275872,48969.37109375,2687.779052734375,143.94363922184246,464.119036700077,98.88386443130811,693.0037099461175,45678.64453125,2567.99365234375,139.4038917651352,458.4306513904914,96.78344791323612,704.6021658284628,46656.07421875,2584.171630859375,142.2288487056122,463.60455806414546,98.43860953799407,603900.0,45833734549,22575246883,24008700.0,77940700.0,7862700.0
2024-01-12,697.4923706054688,42853.16796875,2524.460205078125,141.39620971679688,462.72119140625,97.99335479736328,699.7710072257308,46498.13671875,2710.421875,141.9413786630196,464.58498035155515,99.09679579909977,693.9717800321538,41903.76953125,2460.925537109375,140.57351809075055,461.3136700813151,97.63522497163339,696.8958363714701,46354.79296875,2619.177001953125,141.4160381670257,463.8472262405501,97.65458034678264,580500.0,43332698900,23623839263,18785500.0,58026400.0,6519700.0
2024-01-13,,42842.3828125,2576.597900390625,,,,,43234.66015625,2589.079833984375,,,,,42464.14453125,2498.594482421875,,,,,42799.4453125,2522.933837890625,,,,,20601860469,12250316867,,,
2024-01-14,,41796.26953125,2472.2412109375,,,,,43065.59765625,2578.332275390625,,,,,41724.61328125,2470.42431640625,,,,,42842.26171875,2578.003662109375,,,,,17521429522,9405587417,,,
2024-01-15,,42511.96875,2511.36376953125,,,,,43319.72265625,2550.76904296875,,,,,41705.41796875,2470.82080078125,,,,,41715.06640625,2471.6669921875,,,,,22320220558,9700630000,,,
2024-01-16,690.9205322265625,43154.9453125,2587.691162109375,141.2376251220703,461.0224304199219,98.40955352783203,695.6146725246502,43566.2734375,2613.56689453125,143.08127772087843,462.6532272077025,99.06774697365013,687.0087386966173,42085.99609375,2500.00390625,140.20675747291105,459.2071951071508,96.98669362402465,692.3776657661899,42499.3359375,2510.627197265625,140.75192640999762,461.34278348918724,97.30611266053819,913100.0,24062872740,11063317095,22670500.0,85014900.0,11185500.0
2024-01-17,696.5633544921875,42742.65234375,2528.369384765625,140.22659301757812,458.45977783203125,99.64852142333984,697.4434722746875,43189.890625,2592.737060546875,140.59333617350276,458.94513616011074,100.0163400326493,680.7303668602718,42189.30859375,2508.432861328125,137.6791740029759,456.110630489601,96.7931271269856,690.3827131883879,43132.1015625,2587.044677734375,140.10765256153263,458.00353981867966,97.635229991493,835100.0,20851232595,10441017520,20968600.0,68843900.0,17649500.0
2024-01-18,728.1119384765625,41262.05859375,2467.018798828125,142.2189178466797,462.5367431640625,109.40525817871094,731.7694558798644,42876.34765625,2546.263916015625,142.9425126026269,463.09005873569527,109.75371398818955,708.6996272543213,40631.171875,2426.135498046875,140.74202347084398,458.58594911701266,105.96910698069786,708.6996272543213,42742.3125,2528.59326171875,140.80149369743117,460.12938495584103,107.63394237798279,2230400.0,25218357242,11900028080,25746400.0,91856200.0,58783700.0
2024-01-19,741.1187744140625,41618.40625,2489.49853515625,145.09344482421875,468.3028259277344,110.5377426147461,742.7225646896684,42134.16015625,2501.30517578125,145.16282171685984,468.58434205067863,111.45728170661867,728.3565576357096,40297.45703125,2414.7109375,143.1110231821321,462.5853202688259,107.45972103294477,731.9944976304108,41278.4609375,2468.68896484375,143.46785968269478,463.6628015298727,109.58917415249509,1796100.0,25752407154,11405278376,34271900.0,110834500.0,37812600.0
2024-01-20,,41665.5859375,2469.589111328125,,,,,41877.89453125,2489.84765625,,,,,41446.82421875,2456.095703125,,,,,41624.58984375,2489.84765625,,,,,11586690904,5297826161,,,
2024-01-21,,41545.78515625,2453.9130859375,,,,,41855.3671875,2479.760498046875,,,,,41497.0078125,2452.377685546875,,,,,41671.48828125,2469.798583984375,,,,,9344043642,4578471955,,,
2024-01-22,749.7735595703125,39507.3671875,2310.826416015625,144.70684814453125,469.2929382324219,109.40525817871094,759.4063882470073,41651.20703125,2463.447265625,147.0857476531187,471.0110958989677,111.40887539084858,748.6489545927275,39450.1171875,2303.502685546875,144.55815747232313,468.6425450951434,108.91161121782812,749.4997650247903,41553.65234375,2454.9873046875,145.80709257030463,469.83653714242234,111.09913771405968,1418600.0,31338708143,13923771728,32200400.0,75844900.0,17755500.0
2024-01-23,761.225341796875,39845.55078125,2240.68603515625,145.7476043701172,470.66162109375,110.46997833251953,761.4991363365125,40127.3515625,2348.03125,145.8863732533205,470.90430023582877,110.94426990805033,745.7248223691759,38521.89453125,2167.282470703125,144.2211466548808,468.7493378931313,109.53109133003751,749.1574311299075,39518.71484375,2310.95166015625,144.60771819556675,469.83653570981716,109.87953974643307,1800700.0,29244553045,16182147521,21636100.0,49945300.0,11667900.0
2024-01-24,828.6255493164062,40077.07421875,2233.561767578125,147.3929901123047,471.1761779785156,112.78333282470703,845.5245282138392,40483.78515625,2261.384521484375,148.53289119859238,474.45717543420074,115.03861414606686,808.2744432183451,39508.796875,2197.65673828125,146.79827292024558,470.68110299788805,110.93458819324754,808.6264903563983,39877.59375,2241.749755859375,147.2343928112205,473.525295727068,111.63149979338692,7754300.0,22359526178,10134722960,25233500.0,81765000.0,21859200.0
2024-01-25,849.9154663085938,39933.80859375,2217.710205078125,150.53515625,473.7388000488281,112.8220443725586,863.8023464107731,40254.48046875,2240.380859375,151.7047926793007,474.0105994997861,115.02892605439719,843.959733910063,39545.6640625,2173.6865234375,148.22563362553456,471.1761237432126,112.74461549851702,849.8372137186252,40075.55078125,2233.969970703125,148.7509891835985,473.30196574868353,114.23522286382843,3449500.0,18491782013,9302247037,29149100.0,72525000.0,15485300.0
2024-01-26,848.61474609375,41816.87109375,2267.19970703125,150.8523712158203,473.1369934082031,113.49961853027344,853.9445769497312,42209.38671875,2280.3837890625,151.19928591444616,474.79691054106985,114.25460371099535,834.3953974773477,39825.69140625,2196.14013671875,149.68273462913356,472.29247468488353,112.57040543209806,844.507350769451,39936.81640625,2217.44189453125,149.7719550941985,473.3117152908374,113.15116269536651,1614800.0,25598119893,9975117607,26115500.0,76641600.0,10196400.0
2024-01-27,,42120.0546875,2267.885986328125,,,,,42195.6328125,2282.54443359375,,,,,41431.28125,2252.38525390625,,,,,41815.625,2267.3193359375,,,,,11422941934,5144367230,,,
2024-01-28,,42035.59375,2257.208740234375,,,,,42797.17578125,2306.898681640625,,,,,41696.91015625,2242.683837890625,,,,,42126.125,2268.19287109375,,,,,16858971687,7296214994,,,
2024-01-29,863.1568603515625,43288.24609375,2317.064208984375,152.16078186035156,476.8839111328125,113.22859191894531,863.9392071775109,43305.8671875,2320.02734375,152.42841304186047,477.029542315143,114.09005007253357,846.1210149828973,41818.33203125,2237.711669921875,150.09906134566447,472.9039969579279,112.04771470578508,848.4485370803285,42030.9140625,2256.995361328125,150.7235290609592,473.4475958586122,113.41249382028438,1034500.0,20668476578,8948195551,27784300.0,61322800.0,10042200.0
2024-01-30,848.8887329101562,42952.609375,2344.49365234375,150.12876892089844,476.51507568359375,112.33808135986328,858.3747863664557,43838.9453125,2388.87060546875,152.26977239045794,477.2236798269538,114.22555144001787,843.5882086405286,42711.37109375,2298.281982421875,149.86113781545077,475.7578883130134,111.8541158087562,854.7759427617096,43300.2265625,2317.435791015625,151.45698753735525,476.1947226231299,112.62846364441884,895600.0,23842814518,10173440062,36331800.0,58618400.0,11030800.0
2024-01-31,850.6390991210938,42582.60546875,2282.54443359375,138.86862182617188,468.7396545410156,109.3375015258789,864.5064005095455,43717.40625,2349.611328125,142.7343374146145,474.75807991768903,111.06041778672179,840.5075678477783,42298.9453125,2264.443603515625,138.64063248081334,468.7202212489611,109.26006526175081,842.2287069225055,42946.25,2343.558837890625,142.35767251765228,474.31155855924624,109.86018523165068,1251200.0,24673628793,10807883277,71910000.0,126011100.0,12853900.0
2024-02-01,870.9021606445312,43075.7734375,2303.82470703125,139.9193115234375,474.8746032714844,109.75371551513672,874.0707636504113,43243.16796875,2309.842529296875,141.80260587734793,474.90372358641025,110.37319087733297,857.32823185924,41879.19140625,2243.57177734375,139.5525532652903,469.6327095934461,108.99873037900558,862.8634533181696,42569.76171875,2282.17529296875,140.87086536289783,470.43842101293257,110.15057084218088,1040200.0,21423953779,8895583113,40466500.0,91891600.0,8807600.0
2024-02-02,871.0194091796875,43185.859375,2308.0380859375,141.12857055664062,479.873779296875,112.03804016113281,873.3567199489848,43422.48828125,2323.053466796875,141.36645142167342,481.5239798187347,112.24130483378896,859.704599841888,42584.3359375,2282.230224609375,135.30024736856095,474.971642466127,110.26672423333453,859.8512562737835,43077.640625,2303.7060546875,138.03598318915266,475.31139921660196,111.17658195499186,896400.0,18603843039,7186143091,62499600.0,99228200.0,10044000.0
2024-02-03,,42992.25,2296.038330078125,,,,,43359.94140625,2327.346923828125,,,,,42890.80859375,2293.5380859375,,,,,43184.96484375,2307.980224609375,,,,,11169245236,4647754021,,,
2024-02-04,,42583.58203125,2289.546142578125,,,,,43097.64453125,2309.01123046875,,,,,42374.83203125,2272.304931640625,,,,,42994.94140625,2296.116943359375,,,,,14802225490,5438100035,,,
2024-02-05,880.2636108398438,42658.66796875,2298.888916015625,142.41714477539062,478.1264343261719,114.98054504394531,883.5748661824639,43494.25,2334.6767578125,144.19142038150497,479.9028622372628,115.7064934244347,863.178339290957,42264.81640625,2270.06787109375,141.52506120365902,475.8743943997294,112.84141803560406,867.5868089702645,42577.62109375,2289.20556640625,141.56471810110367,479.24278207992484,113.373775750459,950100.0,18715487317,7277068110,38505400.0,75757100.0,13267600.0
2024-02-06,886.4844970703125,43084.671875,2372.201904296875,142.83346557617188,479.5146179199219,115.55162811279297,887.3367964342449,43344.1484375,2389.826171875,144.08238559279584,479.84465802363434,117.10999799107161,872.7300332507472,42529.01953125,2296.78857421875,141.93146022405054,477.6411122849623,114.48690523181936,880.5183417290887,42657.390625,2298.955078125,143.37861935248668,479.0680669349689,116.26790254330749,1409500.0,16798476726,9520885493,29128200.0,55918600.0,11503800.0
2024-02-07,903.4717407226562,44318.22265625,2423.7451171875,144.26080322265625,483.51397705078125,120.97203826904297,908.918647436883,44341.94921875,2442.63623046875,144.34010189614554,483.93137810723994,120.99139364274522,886.6509967905057,42775.95703125,2353.7060546875,142.66495333978824,480.854193242822,116.15173789703542,886.8762994360867,43090.01953125,2372.2626953125,143.48766006197988,481.756982255993,116.16141927625084,1492200.0,21126587775,9660628536,25208900.0,70556500.0,18172500.0
2024-02-08,904.1673583984375,45301.56640625,2419.906494140625,144.6275634765625,483.7275390625,129.44143676757812,908.8599080423077,45575.83984375,2459.556640625,145.0438701746272,484.10610316011065,130.42873073867352,892.382020476104,44332.125,2414.74951171875,143.82468519281807,482.69858176017516,122.06580566279403,898.9262015732512,44332.125,2424.080078125,144.54826480197747,483.51398020972,122.92726385017838,1150800.0,26154524080,9941841732,22563800.0,52343600.0,33367000.0
2024-02-09,930.28515625,47147.19921875,2487.515625,147.69041442871094,486.523193359375,128.84130859375,934.9091827622611,48152.49609375,2522.724609375,148.12654961609974,486.9599980744067,130.83524428552482,912.7590834611212,45260.82421875,2419.36279296875,144.89519261390646,483.8925299274153,126.4021180998957,917.6377713587641,45297.3828125,2419.773681640625,145.39079803145248,484.2322866772762,130.18673222447373,1588800.0,39316770844,13634203177,26829500.0,63979400.0,16984200.0
2024-02-10,,47771.27734375,2501.228271484375,,,,,48146.171875,2516.7197265625,,,,,46905.3203125,2475.857666015625,,,,,47153.52734375,2487.650390625,,,,,16398681570,6474444159,,,
2024-02-11,,48293.91796875,2507.570556640625,,,,,48535.9375,2537.67919921875,,,,,47617.40625,2495.21435546875,,,,,47768.96875,2501.1298828125,,,,,19315867136,7347245813,,,
2024-02-12,910.3096313476562,49958.22265625,2658.115966796875,146.2333221435547,486.3096008300781,126.27630615234375,927.2283140783845,50280.4765625,2663.8427734375,148.02741119835667,488.7557959365899,129.22848438693904,908.4874188224525,47745.76171875,2473.81201171875,146.07472479210762,485.59125041968997,126.08270810398032,920.5470276024616,48296.38671875,2507.578857421875,147.11549911454978,486.4940393494017,128.99619036003486,1033600.0,34511985805,13022696866,21564100.0,56502300.0,14203800.0
2024-02-13,884.946533203125,49742.44140625,2642.185302734375,143.86431884765625,479.6116638183594,123.45963287353516,897.2608673413179,50358.390625,2686.455078125,145.3808699923918,482.53353038052535,125.75362519089565,870.9276001263139,48406.49609375,2599.16943359375,142.42706637302987,476.3500701317823,122.423946739963,872.7301411535198,49941.359375,2659.586181640625,143.6462512860247,480.04849815534635,123.82744408700017,1297200.0,35593051468,18271237044,27837700.0,113099200.0,14494000.0
2024-02-14,905.6367797851562,51826.6953125,2777.90234375,144.6573028564453,483.9702453613281,125.12448120117188,906.9201318332698,52021.37109375,2786.8935546875,145.23220692064015,484.45560372449836,126.5957261186418,894.8213562604519,49296.83203125,2621.025390625,142.82355687367422,479.92234357796184,123.85648619768756,896.1732916752517,49733.4453125,2641.685302734375,144.796071759894,482.24237077339893,125.47293705414303,1206400.0,39105608050,21448973822,22704200.0,68387800.0,13069700.0
2024-02-15,910.927001953125,51938.5546875,2824.37890625,141.51516723632812,487.30950927734375,124.89215087890625,915.7371058280288,52820.06640625,2865.845458984375,142.25857532101722,487.4939478237512,126.92481213294154,900.6405728424597,51371.62890625,2764.010498046875,139.22547275543386,484.19348728209525,124.23396480850656,910.1824508505046,51836.78515625,2777.601318359375,141.88191038487835,484.66915861837293,126.6053930919099,884300.0,38564360533,23734481937,37590700.0,61683000.0,12554000.0
2024-02-16,910.0453491210938,52160.203125,2803.69140625,139.28492736816406,484.8827209472656,122.627197265625,929.2271083751826,52537.96875,2858.450439453125,141.9314580380152,488.14431492487785,124.51466001589256,906.9006190426013,51641.3671875,2760.3310546875,138.90826247425002,484.1449667563623,121.7754131447014,913.7582389395865,51937.7265625,2825.480712890625,141.7332189292563,487.0085929456435,123.05308194135833,1161300.0,28180567298,17057114638,31468900.0,75532900.0,13104400.0
2024-02-17,,51662.99609375,2786.672607421875,,,,,52191.9140625,2805.128662109375,,,,,50669.66796875,2724.386962890625,,,,,52161.67578125,2803.73583984375,,,,,20009091006,17932379943,,,
2024-02-18,,52122.546875,2878.998046875,,,,,52356.96484375,2892.843505859375,,,,,51233.70703125,2767.9130859375,,,,,51661.96875,2786.709716796875,,,,,17595377311,23355830478,,,
2024-02-19,,51779.14453125,2943.57470703125,,,,,52483.32421875,2983.37060546875,,,,,51711.8203125,2860.263671875,,,,,52134.8125,2881.296875,,,,,21362184346,15163110589,,,
2024-02-20,891.0693359375,52284.875,3013.503662109375,139.87965393066406,482.21319580078125,121.3108139038086,901.2675700286976,52945.05078125,3031.5244140625,140.83122289008293,483.8148722929186,122.98533067307169,880.2342989412839,50792.3125,2879.9033203125,138.26399071915645,479.970842787005,120.16865484104422,899.9156344716581,51777.7265625,2944.1064453125,138.43249472896153,483.14507545774694,122.82078414841183,1044100.0,33353758256,20341598470,25144700.0,71736700.0,12038800.0
2024-02-21,889.737060546875,51839.1796875,2970.35546875,141.2970733642578,482.6499938964844,121.32049560546875,890.187665894313,52368.81640625,3017.1904296875,141.43584224259257,482.80531210783914,121.35921374044753,874.4739404827749,50671.7578125,2875.41845703125,139.44349926654036,479.10688422021883,118.96842982952363,879.1959090194687,52273.53515625,3015.6533203125,140.20673565971813,480.9124325062878,120.43968203507134,867500.0,28624907020,18897136867,23223300.0,59293400.0,11469700.0
2024-02-22,932.4892578125,51304.97265625,2971.00732421875,142.82354736328125,492.638671875,124.93089294433594,939.9445151419985,52009.61328125,3030.666015625,143.7255527379726,493.5996718242251,127.26359602117078,922.0559156875362,50926.29296875,2907.109375,141.5448922041246,488.2898508655614,124.86313066781167,927.6595416501075,51854.64453125,2969.599853515625,143.65616072853092,489.25088043870596,125.53100559031104,1780800.0,25413900611,18058908246,27191900.0,76402500.0,17014100.0
2024-02-23,914.267578125,50731.94921875,2921.658203125,142.6947021484375,492.9784240722656,125.37611389160156,935.1441276645073,51497.93359375,2991.32958984375,143.40835995334845,495.1916567031526,126.80864778061354,913.8169130568782,50561.77734375,2906.583740234375,142.16934655124388,492.25038663284334,123.63384234674419,932.9105342427624,51283.90625,2970.1396484375,142.40724256933106,494.3568250348437,126.3150082378378,879000.0,21427078270,12822717059,19493800.0,61321800.0,10123300.0
2024-02-24,,51571.1015625,2992.385986328125,,,,,51684.1953125,3003.195068359375,,,,,50585.4453125,2907.70068359375,,,,,50736.37109375,2921.962890625,,,,,15174077879,10701688842,,,
2024-02-25,,51733.23828125,3112.697265625,,,,,51950.02734375,3117.428955078125,,,,,51306.171875,2984.39306640625,,,,,51565.21484375,2992.36669921875,,,,,15413239245,14620450464,,,
2024-02-26,928.3161010742188,54522.40234375,3178.99365234375,136.36085510253906,491.17291259765625,126.45053100585938,932.3620421053145,54938.17578125,3197.375,141.18804608290887,493.8521000550051,127.0216068675123,917.1577586582442,50931.03125,3037.95458984375,136.18242932238044,491.0467146922128,124.43723234343712,922.3597511767442,51730.5390625,3112.529052734375,140.89067986576057,493.41526570907337,125.85041838984836,671300.0,34074411896,17504464351,53641800.0,50386700.0,9526700.0
2024-02-27,922.222412109375,57085.37109375,3244.519287109375,137.6593475341797,492.0853576660156,124.46625518798828,938.2790518174511,57537.83984375,3287.9580078125,138.02609065509074,492.30863314805396,127.73786699498562,921.2329460682433,54484.19921875,3167.83056640625,135.8850719026194,489.9692025931845,124.46625518798828,933.615861243619,54519.36328125,3178.405029296875,136.8069057229925,491.86211180789684,126.57635264209416,807500.0,49756832031,21090315368,33099200.0,48854500.0,8851800.0
2024-02-28,920.3905639648438,62504.7890625,3385.703857421875,135.1813201904297,491.43505859375,123.2950668334961,924.3092039391486,63913.1328125,3485.450927734375,136.796983347661,492.01746492951116,124.45658864061208,916.0800360756282,56738.42578125,3201.575927734375,134.21984460085443,490.17310907711266,122.58848123170782,919.9398988420664,57071.09765625,3243.893310546875,136.68794956560583,490.53226952547317,124.3791523765253,519700.0,83239156760,32885894265,37328600.0,56506600.0,6519100.0
2024-02-29,932.32275390625,61198.3828125,3341.919677734375,137.24302673339844,493.20166015625,124.54370880126953,933.0771111854422,63585.64453125,3518.96923828125,137.63950492469195,494.8130532117829,125.04703717312321,919.3324536827977,60498.73046875,3303.9052734375,135.2011201866837,490.55162288856457,123.07245659028862,920.3905031481835,62499.18359375,3386.802734375,136.07339035713764,493.19197313484807,123.92423340877977,777600.0,65496611844,28469171094,42133000.0,83924800.0,9369900.0
2024-03-01,970.7843017578125,62440.6328125,3435.053955078125,135.93463134765625,497.8320007324219,129.60598754882812,971.283937934566,63155.1015625,3452.626220703125,137.6494215802847,498.25911842016706,132.26779846746652,930.941545521647,60802.52734375,3341.85107421875,135.71656378920932,493.6676477127876,125.92786064045836,932.2248977549716,61168.0625,3341.9658203125,137.21328646339086,494.0753617325155,125.9568973961959,1698200.0,40186368423,16880101987,31151100.0,76844800.0,24393000.0
2024-03-02,,62029.84765625,3422.0498046875,,,,,62458.69921875,3459.747314453125,,,,,61657.2890625,3398.89892578125,,,,,62431.65234375,3436.1591796875,,,,,23888473685,12024340617,,,
2024-03-03,,63167.37109375,3490.99365234375,,,,,63230.2109375,3491.16845703125,,,,,61435.0234375,3372.214111328125,,,,,62031.578125,3422.875244140625,,,,,26253811450,13643324467,,,
2024-03-04,977.7398071289062,68330.4140625,3630.433837890625,132.17794799804688,497.2981262207031,133.826171875,987.1837435148141,68537.03125,3641.459228515625,134.46764221027212,499.1425115484434,137.4365661407636,967.6591276438004,62386.51953125,3446.017578125,130.75060222297805,497.00692307628157,133.26476996689635,972.4104545428963,63137.00390625,3489.340087890625,134.46764221027212,497.03607301464484,135.45230408631045,1433000.0,70670471105,26772963830,55999400.0,49799300.0,26544600.0
2024-03-05,949.1337280273438,63801.19921875,3554.964599609375,131.50390625,492.32806396484375,130.64166259765625,971.861789973012,69170.625,3828.15966796875,132.06890354223196,495.745005535815,133.0227648482365,939.1901560808424,59323.91015625,3224.119384765625,129.52148508372335,490.1245478315941,129.441422708851,969.5792254473669,68341.0546875,3631.928955078125,130.72085654417694,495.2984545471132,132.72270856839933,1259500.0,102802940877,47706899137,40194800.0,72855600.0,13694700.0
2024-03-06,983.510009765625,66106.8046875,3819.226318359375,130.24510192871094,494.8228454589844,137.03001403808594,989.0940834583132,67637.9296875,3901.434326171875,132.40594948451212,497.0749153474701,139.38207954100116,961.5068256882298,62848.671875,3502.802490234375,129.69994805137367,493.53180526259257,134.1649314600711,966.8655967256368,63776.05078125,3554.06787109375,131.94998583064222,495.5994069813958,134.34884073368966,1304500.0,68750229073,34938642613,35318600.0,68382400.0,22292700.0
2024-03-07,1026.0860595703125,66925.484375,3874.34765625,133.1988983154297,499.73468017578125,144.41531372070312,1034.8539683749218,68029.921875,3939.593994140625,133.75397388585452,500.7830708393989,146.73835716695473,994.178527506718,65655.53125,3738.685302734375,130.45324044956945,494.8810964988354,139.52725882842918,995.0112145550075,66099.7421875,3818.31103515625,131.62286181229678,498.11359981707864,140.25320713610978,1580300.0,46989543159,22457177587,37738200.0,58652100.0,34675700.0
2024-03-08,974.1052856445312,68300.09375,3892.06103515625,134.21983337402344,496.735107421875,141.67608642578125,1019.0520287166938,70083.0546875,3998.826416015625,136.87627056964266,503.04473579557066,153.32029769594732,973.0276238334696,66230.453125,3828.36328125,132.82222277313073,496.1623881738849,140.28226312081586,1017.7491240469368,66938.09375,3874.830810546875,133.03038365770627,500.36560770630734,148.96460725265953,1638500.0,59202881172,26135487051,39370400.0,86532500.0,43856900.0
2024-03-09,,68498.8828125,3915.4189453125,,,,,68673.0546875,3950.396484375,,,,,68053.125,3880.658935546875,,,,,68299.2578125,3892.119140625,,,,,21609650379,11926623780,,,
2024-03-10,,69019.7890625,3881.193115234375,,,,,70005.203125,3968.7236328125,,,,,68239.9765625,3800.564453125,,,,,68500.2578125,3915.590576171875,,,,,35683977532,15783924355,,,
2024-03-11,943.089111328125,72123.90625,4066.445068359375,136.45999145507812,496.3079833984375,134.5618133544922,961.0757112410566,72850.7109375,4087.050048828125,137.8774307891928,496.89041928478855,139.76927370112054,938.0242867518134,67194.8828125,3745.125244140625,134.93353345070832,493.6093924281333,134.47468831277217,959.5768030009413,69020.546875,3881.23779296875,134.93353345070832,495.5314219659159,139.0142884692774,1432100.0,65716656765,28806262507,32437800.0,62557200.0,29227100.0
2024-03-12,964.2695922851562,71481.2890625,3980.273193359375,137.2826690673828,501.6470031738281,139.76925659179688,964.955366295394,72825.65625,4092.2841796875,138.1549392414249,502.2294094929587,141.99550126140196,931.147287589617,68728.8515625,3831.889892578125,135.8255882651414,495.9003176684613,136.06209316666627,947.1353471654689,72125.125,4066.6904296875,135.8255882651414,498.41449998303995,139.88541837671752,1165200.0,62554434520,26917010932,27563400.0,73114400.0,21218500.0
2024-03-13,949.074951171875,73083.5,4006.45703125,138.5613555908203,500.86065673828125,137.5817413330078,963.1624055911965,73637.4765625,4083.00732421875,139.8499326977314,502.14200986510485,138.636782805201,939.5526258055132,71334.09375,3936.627197265625,137.7683990247307,499.4240150117718,136.8364301672984,963.1624055911965,71482.1171875,3980.26513671875,137.7783056881699,501.9672879725168,138.46256227707727,851100.0,48212536929,22028114691,23347200.0,55104100.0,12923100.0
2024-03-14,940.258056640625,71396.59375,3883.140380859375,141.84226989746094,499.8704528808594,135.14251708984375,951.7102240679216,73750.0703125,4011.102783203125,142.3279535040784,501.9866076537262,138.51092749408392,931.2255607980596,68563.0234375,3721.78857421875,139.22547402056372,496.8321056215107,134.5617673704418,948.8888584187371,73079.375,4005.7451171875,139.9490536613269,501.8312598413551,138.036636002536,876600.0,59594605698,25434810823,42753400.0,110171800.0,14961900.0
2024-03-15,921.0861206054688,69403.7734375,3735.22021484375,139.9391326904297,496.4381103515625,132.5872039794922,935.3597735232509,72357.1328125,3928.775634765625,141.92155427918553,498.2590153922283,133.28411558478038,912.8373406183724,65630.6953125,3571.774658203125,138.79924632676565,494.7730358188075,130.31257465259802,935.3597735232509,71387.875,3882.85693359375,141.24753819885322,496.80813351794416,131.09659651618293,1727400.0,78320453976,33505075433,49475400.0,107646300.0,22751200.0
2024-03-16,,65315.1171875,3522.860107421875,,,,,70046.2734375,3780.89453125,,,,,64801.39453125,3468.079345703125,,,,,69392.484375,3736.10498046875,,,,,46842198371,20199855932,,,
2024-03-17,,68390.625,3642.4130859375,,,,,68845.71875,3676.263427734375,,,,,64545.31640625,3414.17236328125,,,,,65316.34375,3523.02978515625,,,,,44716864318,19938757095,,,
2024-03-18,922.1930541992188,67548.59375,3517.985107421875,146.38198852539062,499.3885498046875,132.79519653320312,938.719911527717,68897.1328125,3642.4970703125,150.81270155253688,501.93972478311895,137.5573134491992,920.6353686867884,66594.2265625,3456.09130859375,145.87647651462308,498.9795987021718,132.76604186538785,930.0498857468687,68371.3046875,3642.298828125,147.3038223387608,500.498619372016,136.2355808003143,821400.0,49261579492,21162220224,69273700.0,88893300.0,14732900.0
2024-03-19,932.5480346679688,61912.7734375,3157.6181640625,145.7377166748047,502.1636657714844,131.0749969482422,937.1328956457963,68106.9296875,3546.582275390625,147.4822421656298,502.44602683293346,132.43561237345614,909.1243926283332,61536.1796875,3149.286865234375,144.79606947876087,497.69420694088996,129.2867747853791,919.4499865102566,67556.1328125,3518.34765625,146.8577896722865,498.6971800566581,131.492905235868,817600.0,74215844794,34166976701,24070400.0,60755300.0,17341100.0
2024-03-20,951.1713256835938,67913.671875,3513.39306640625,147.43267822265625,506.8083801269531,132.90213012695312,954.4825807630963,68115.2578125,3534.826416015625,147.5516186613226,506.94471696954355,133.4463704809056,927.6301305594341,60807.78515625,3059.65478515625,145.45025691328723,501.5502591703246,131.21108488765438,936.6234008153585,61930.15625,3158.396728515625,146.69917689330697,502.22213711517423,132.68831929798074,838600.0,66792634382,36605316331,21311500.0,69594600.0,12750200.0
2024-03-21,970.6372680664062,65491.390625,3492.9912109375,146.30270385742188,508.48321533203125,135.52613830566406,985.2048068554485,68199.9921875,3586.905029296875,149.04834657827197,510.34301859328446,138.58751217288722,967.9824278487258,64580.91796875,3412.22265625,145.60884427485487,508.20079481953724,135.12767136960895,984.5680637590954,67911.5859375,3514.017578125,148.15626300736415,509.6419595938359,138.53891611224515,1112400.0,44480350565,22213647922,24755600.0,60256100.0,17809400.0
2024-03-22,960.027587890625,63778.76171875,3333.68798828125,149.44483947753906,507.5192565917969,136.58544921875,970.9214017711334,66623.75,3541.898193359375,150.24771771386577,508.8824467519345,137.362941615368,952.7878864963433,62355.37109375,3254.96923828125,147.67056387842288,507.28551081424,135.19569397944633,953.9047131918816,65489.9296875,3492.89794921875,147.8093327695821,508.3955803879005,135.47752737313542,692800.0,41401116964,20574952329,29211800.0,79070800.0,9944100.0
2024-03-23,,64062.203125,3336.593994140625,,,,,65976.3984375,3433.758056640625,,,,,63038.4921875,3273.115478515625,,,,,63802.72265625,3335.592529296875,,,,,24738964812,13242137554,,,
2024-03-24,,67234.171875,3454.636474609375,,,,,67622.7578125,3470.344482421875,,,,,63825.8515625,3301.27734375,,,,,64070.75390625,3336.666015625,,,,,27206630673,12156660941,,,
2024-03-25,959.0184936523438,69958.8125,3590.8837890625,148.7509765625,506.1169738769531,136.2841796875,972.0969896697859,71162.59375,3657.118896484375,149.05824941731626,507.2659711253938,137.69337636910382,956.5987623122081,66414.8359375,3421.79052734375,146.5207527940521,505.96114339097517,135.34147253006523,959.2144375982176,67234.09375,3454.8857421875,148.62211434931658,506.1461549481259,136.2161570709961,860900.0,42700139523,18603921705,19229300.0,48512100.0,9922200.0
2024-03-26,951.5436401367188,69987.8359375,3587.5048828125,149.345703125,505.1822509765625,134.9333038330078,969.2657138735226,71535.7421875,3678.789794921875,150.92172438957977,507.87950952715136,136.99366116328747,951.083228688938,69335.609375,3545.4287109375,148.66176537347607,504.78304672651166,134.73893441717203,966.6695912449844,69931.328125,3591.085205078125,148.8996613684721,507.53866742888704,136.65350356349796,706000.0,36010437368,18505553577,22149100.0,65463700.0,10786400.0
2024-03-27,954.1985473632812,69455.34375,3500.115234375,149.54396057128906,509.4277648925781,132.8437957763672,959.2829846285547,71727.6875,3664.383056640625,150.3071970814459,509.466752240446,135.3609143543683,944.4607255798484,68381.9296875,3460.3935546875,147.59127418957752,505.84443537276076,131.3471202552503,958.8715442133941,69991.8984375,3587.313720703125,149.85123348293416,508.00615306178463,134.9527341657277,572100.0,40827113309,18753082145,22879200.0,82999800.0,13842800.0
2024-03-28,950.7306518554688,70744.953125,3561.2939453125,149.6034393310547,509.33038330078125,132.2218017578125,952.1021998311684,71546.0234375,3609.705322265625,150.09904473286645,510.829910300913,132.95069811278452,942.0901029071533,68895.5078125,3465.332275390625,148.8501245651844,509.04802220619024,131.62896546259122,949.8293813594481,69452.7734375,3500.216064453125,149.5241557764802,509.46672014586477,131.8622028053443,685700.0,34374900617,16419674157,24485400.0,96294900.0,10019400.0
2024-03-29,,69892.828125,3511.80615234375,,,,,70913.09375,3583.701416015625,,,,,69076.65625,3475.7255859375,,,,,70744.796875,3561.01171875,,,,,25230851763,12712701619,,,
2024-03-30,,69645.3046875,3507.9443359375,,,,,70355.4921875,3566.08447265625,,,,,69601.0625,3489.902099609375,,,,,69893.4453125,3511.82763671875,,,,,17130241883,9389066783,,,
2024-03-31,,71333.6484375,3647.8564453125,,,,,71377.78125,3655.218994140625,,,,,69624.8671875,3507.24267578125,,,,,69647.78125,3507.95166015625,,,,,20050941373,10499881424,,,
2024-04-01,972.7533569335938,69702.1484375,3505.030029296875,154.12335205078125,508.4443054199219,137.5087432861328,1001.8590157089856,71342.09375,3648.129150390625,154.3711547175217,510.60602319461645,138.9373814417638,959.8316398329296,68110.6953125,3418.6953125,149.28623915611158,507.28556098165114,133.19367414907896,959.8316398329296,71333.484375,3647.819580078125,149.36553782442945,510.07048202760325,133.42691151036695,1108500.0,34873527352,16002098681,31730800.0,62477500.0,14222700.0
2024-04-02,947.047119140625,65446.97265625,3277.234619140625,153.20152282714844,505.2115173339844,136.27444458007812,954.0320995693447,69708.3828125,3506.962890625,153.34029171966787,505.3477947483364,137.0713634383273,937.6521536395745,64586.59375,3215.985107421875,150.81270141872292,502.9134629158643,135.4289296724331,948.438219567564,69705.0234375,3504.818359375,152.15084190883346,504.62724203503336,136.4299460063719,964000.0,50705240709,22076539151,24586000.0,74230300.0,9869200.0
2024-04-03,960.331298828125,65980.8125,3311.44189453125,153.558349609375,505.7663879394531,138.00437927246094,966.405142812872,66914.3203125,3368.111572265625,153.716946940742,507.2659740741028,138.90820365238437,942.5308341050378,64559.8984375,3205.649169921875,151.3875959008957,504.07210284407455,134.4959574879203,946.2339774960926,65446.671875,3277.32421875,152.2499594372824,504.1207775842568,134.68061360754368,892100.0,34488018367,16010734587,24705000.0,59155800.0,9707500.0
2024-04-04,934.017578125,68508.84375,3330.04052734375,149.20693969726562,499.59307861328125,135.73020935058594,976.5250382295716,69291.2578125,3443.20751953125,153.40967834779974,510.10938062558256,142.62070528358774,933.9980255854739,65113.796875,3253.3193359375,149.12764102936788,499.29122383235546,135.50667048112706,971.8128762037776,65975.6953125,3311.495361328125,152.15083657251893,509.7685979294163,139.94808559343534,1269700.0,34439527442,14476330517,34724700.0,96858100.0,15759500.0
2024-04-05,959.6259765625,67837.640625,3318.88525390625,151.15963745117188,504.81219482421875,137.3823699951172,966.5325678594122,68725.7578125,3345.66650390625,152.07154951460475,506.7694068986325,138.0043608876306,947.2528655210044,66011.4765625,3214.244140625,148.28513236262637,500.5083132867227,135.01102508321208,956.6380254106391,68515.7578125,3330.005859375,148.71134571985755,500.9465048519071,136.06063749484707,878400.0,33748230056,15214447092,23459200.0,74546500.0,8263600.0
2024-04-06,,68896.109375,3354.183837890625,,,,,69629.6015625,3397.592529296875,,,,,67491.71875,3308.9833984375,,,,,67840.5703125,3318.86474609375,,,,,19967785809,8956926798,,,
2024-04-07,,69362.5546875,3453.49462890625,,,,,70284.4296875,3458.50830078125,,,,,68851.6328125,3346.11474609375,,,,,68897.109375,3354.2138671875,,,,,21204930369,9931108526,,,
2024-04-08,962.7216186523438,71631.359375,3695.292724609375,153.4889678955078,505.0946044921875,138.77215576171875,975.9372213669391,72715.359375,3727.616455078125,153.90527453372857,506.5162756490336,141.8918390213173,960.1940793240085,69064.2421875,3409.51171875,151.26865070032358,504.2864491311744,138.74300109074048,969.7163450171798,69362.5546875,3453.498779296875,151.43715468784103,505.51336185898396,141.1532293074745,929000.0,37261432669,19055143129,20702000.0,48401800.0,16307400.0
2024-04-09,969.6967163085938,69139.015625,3505.163330078125,155.22360229492188,505.6789245605469,141.30870056152344,979.8557840673564,71742.5078125,3724.92236328125,157.16636680492698,507.07135533197885,144.00076191449705,949.6430482881963,68212.921875,3455.107666015625,153.825991572372,500.83944164249937,138.9276421043802,973.5271599743193,71632.5,3695.341796875,154.71807515609422,506.8279221321075,142.14450230727465,717500.0,36426900409,18279773833,31079500.0,68049200.0,18443400.0
2024-04-10,954.786376953125,70587.8828125,3543.737060546875,154.76760864257812,500.6153869628906,142.10562133789062,963.4759559937875,71093.4296875,3561.516357421875,155.2334787929026,502.601780021425,144.25342742634277,943.2264014118568,67503.5625,3415.180419921875,153.32043464110114,498.6387407392185,141.17262756533054,943.2264014118568,69140.2421875,3505.156005859375,154.83700063821766,499.99218385090813,142.5040882006211,722800.0,38318601774,16872482726,22838600.0,82652800.0,18861300.0
2024-04-11,971.9989624023438,70060.609375,3505.247802734375,158.0089111328125,504.39349365234375,143.05804443359375,972.0087685684358,71256.234375,3616.1943359375,158.27652714867145,505.8345989017068,143.40791525138937,943.7357979141765,69571.8125,3477.171142578125,155.08484241109738,498.62901322296943,140.074436618293,961.5851727747576,70575.734375,3543.4521484375,155.53088422887154,502.13442685782303,143.05804443359375,964700.0,30153382941,14076734489,27166400.0,70099000.0,11818800.0
2024-04-12,942.276123046875,67195.8671875,3243.034912109375,156.34365844726562,497.43133544921875,138.50975036621094,952.3764144226615,71222.7421875,3552.589111328125,158.81177851890706,502.2707879594682,142.3874695267463,937.0447127688191,65254.8359375,3103.43017578125,155.758847768036,495.70780962230026,138.15015140976237,950.0937900685589,70061.3828125,3505.329833984375,156.57164779653132,500.85886371567153,140.9199635210886,1031000.0,44129299406,22104869556,25353700.0,92561100.0,12024000.0
2024-04-13,,63821.47265625,3004.900390625,,,,,67931.4296875,3299.663818359375,,,,,60919.10546875,2862.3935546875,,,,,67188.375,3242.94091796875,,,,,52869738185,29930408174,,,
2024-04-14,,65738.7265625,3156.94189453125,,,,,65824.4296875,3174.66650390625,,,,,62205.8515625,2914.4228515625,,,,,63836.23046875,3005.547607421875,,,,,49084320047,25486284994,,,
2024-04-15,935.3988647460938,63426.2109375,3101.600341796875,153.4989013671875,491.199462890625,136.19668579101562,968.6092991906199,66878.6484375,3277.5615234375,157.8404094057048,501.7644387082916,141.3864232430238,931.754498857114,62332.0703125,3026.538818359375,153.23127022277416,490.3522904966187,135.94400711034524,965.3764335075166,65739.6484375,3156.830078125,157.4637444709509,501.5989207934361,140.93937520572766,1077500.0,43595917654,21925843181,27136500.0,92101400.0,13458800.0
2024-04-16,957.0493774414062,63811.86328125,3084.920166015625,153.04293823242188,490.3035583496094,135.8662872314453,958.7050051414398,64355.66796875,3127.160888671875,154.28195170620987,493.19554526269036,136.58545549709146,937.7305120125636,61716.40234375,2997.754638671875,152.0814625667883,489.01822422913784,133.20338047019052,938.8081140353887,63419.296875,3101.140625,152.83479243864417,491.6765248352094,134.01002757118488,1506500.0,42847528078,19441391169,20779500.0,73484000.0,14218200.0
2024-04-17,889.149169921875,61276.69140625,2984.7275390625,154.103515625,487.40185546875,135.1179656982422,923.6528251153386,64486.36328125,3123.669677734375,155.69936532118263,492.9229325491744,138.558365305118,877.6186127489468,59768.5859375,2918.5537109375,153.2213387820589,486.00942494137024,133.49495802156167,923.6332127819791,63831.84765625,3084.923583984375,154.25219116747795,492.75738492725213,137.15888172465574,3774100.0,41915247049,17711869375,21763100.0,75910300.0,18823200.0
2024-04-18,870.9471435546875,63512.75390625,3066.027587890625,154.63876342773438,486.3989562988281,128.5481719970703,885.2207368912818,64125.6875,3094.842041015625,155.56059716944145,490.8878795783521,131.32769750168802,868.3706330154067,60833.48046875,2956.12744140625,153.26098127050776,485.46418121059236,126.633602952136,882.7911992669594,61275.31640625,2984.705322265625,153.97465412709587,488.794360179131,129.15072160308222,1653700.0,36006307335,15183777035,19883000.0,74548100.0,39306100.0
2024-04-19,842.056884765625,63843.5703125,3059.278564453125,152.73562622070312,482.15350341796875,124.10675811767578,877.9810578793346,65481.59765625,3127.114990234375,154.98567834814767,487.31427501412566,127.84843225752913,838.1872758308564,59651.390625,2868.7958984375,150.96136603518892,480.8876330360681,123.07658690582336,869.3894210566165,63510.75,3065.953125,154.82708103417087,486.3210783246666,125.72976566476493,2486800.0,49920425401,20399982867,32615600.0,102212600.0,28284000.0
2024-04-20,,64994.44140625,3157.627197265625,,,,,65442.45703125,3170.6728515625,,,,,63172.40234375,3021.784912109375,,,,,63851.1015625,3059.47802734375,,,,,23097485495,9918642130,,,
2024-04-21,,64926.64453125,3147.28857421875,,,,,65723.2421875,3197.50634765625,,,,,64277.72265625,3119.552001953125,,,,,64992.81640625,3157.571044921875,,,,,20506644853,9394387894,,,
2024-04-22,854.3123779296875,66837.6796875,3201.652099609375,154.90640258789062,486.59368896484375,126.09906768798828,862.1006858572501,67233.9609375,3236.6591796875,156.2544497066036,489.18382142190774,126.98346547900675,844.9174732580523,64548.1796875,3131.367431640625,152.7059136863934,482.4163675078979,122.24077518200878,852.3040871543268,64935.6328125,3147.66357421875,152.9537163543577,484.75331996273405,123.18348230791918,1143900.0,28282686673,12063858733,26446200.0,67961000.0,18556800.0
2024-04-23,883.2319946289062,66407.2734375,3219.91162109375,156.86898803710938,492.367919921875,129.67552185058594,889.5899778950552,67199.2421875,3264.41943359375,157.572754235579,492.7963646750655,129.94765681654158,857.2024235743812,65864.8671875,3154.58984375,154.90639523489975,486.4086807205422,126.98347515504949,861.4149492400647,66839.890625,3201.588623046875,155.58042632459905,488.5995792337359,127.66377549635048,991300.0,24310975583,11054442653,21151600.0,64633600.0,12573800.0
2024-04-24,874.1702270507812,64276.8984375,3139.80517578125,157.7313690185547,492.1341857910156,129.2284698486328,896.3889088960422,67075.3671875,3292.921630859375,158.16750416167633,494.04269332334195,132.45504344107013,864.0307100739328,63589.87109375,3105.982177734375,155.7885893241061,489.9140767019127,127.8386997083047,894.4785599183431,66408.71875,3219.95703125,156.10578401898567,493.2539723124738,132.26067403926172,860600.0,30276655120,14000234760,22779100.0,55928100.0,15558000.0
2024-04-25,884.15283203125,64481.70703125,3156.509521484375,154.62887573242188,490.2646484375,132.73687744140625,892.5289118965017,65275.20703125,3190.976318359375,155.11457444082362,491.02415872515365,133.96141788794694,853.2837401983022,62783.6328125,3074.8046875,149.5439597867095,484.42225246602163,125.23410366675412,857.2023796481222,64275.01953125,3139.624267578125,149.99992338282905,486.0678630419317,126.34202545060518,1114200.0,32155786816,13989030260,57109700.0,69122400.0,18034300.0
2024-04-26,902.1502685546875,63755.3203125,3130.164794921875,170.4386749267578,494.9093933105469,134.4084930419922,909.4345050927209,64789.65625,3166.188720703125,173.17442610783888,496.48683553540934,134.8361146166792,894.8660919346974,63322.3984375,3103.10400390625,168.1588873174152,492.41663996726425,132.1246118269295,895.5729450928711,64485.37109375,3156.384033203125,172.83740297886922,493.04956028124485,132.96041358760834,865100.0,24139372950,10622333862,64665300.0,64306100.0,9453400.0
2024-04-27,,63419.140625,3252.168212890625,,,,,63898.36328125,3279.451171875,,,,,62424.71875,3071.340087890625,,,,,63750.98828125,3129.72705078125,,,,,19530783039,11820785577,,,
2024-04-28,,63113.23046875,3262.774658203125,,,,,64321.484375,3351.176513671875,,,,,62793.59765625,3249.149169921875,,,,,63423.515625,3252.24560546875,,,,,17334827993,11379192678,,,
2024-04-29,893.1187133789062,63841.12109375,3215.428955078125,164.68966674804688,496.6620788574219,134.60284423828125,896.5350005856831,64174.87890625,3285.46875,168.0597925096593,497.33395677101214,134.7486175601959,884.5877620031649,61795.45703125,3116.199951171875,163.75794130995203,493.9258924563797,132.08572601700465,895.1606004883587,63106.36328125,3262.3408203125,167.57409377755957,496.69128964862307,134.1169133926557,650800.0,26635912073,15032246816,45610000.0,46415400.0,9997100.0
2024-04-30,856.5013427734375,60636.85546875,3012.286865234375,161.34927368164062,488.7943420410156,133.47549438476562,890.5760747705936,64703.33203125,3249.37841796875,166.62252177219705,496.1752226900087,135.76908879727776,855.2742212513019,59120.06640625,2918.228759765625,161.17086301864083,488.7943420410156,133.39774366220524,879.6988528213318,63839.41796875,3215.381103515625,164.15440172797688,495.20149000874,134.05861738925145,1093000.0,37840840057,18266894653,33562900.0,77483600.0,10980600.0
2024-05-01,837.2306518554688,58254.01171875,2969.78466796875,162.41978454589844,487.2071533203125,131.14305114746094,864.4727486818254,60780.5,3020.17333984375,165.65112595593658,494.841213980312,135.50670172034367,833.598360295013,56555.29296875,2815.92333984375,161.6565480783854,486.7397509352648,129.46173416156523,855.1662186433643,60609.49609375,3011.015625,162.85591967019158,488.2100967940072,133.55326458052622,1458200.0,48439780271,20005057445,33493200.0,80242800.0,12561800.0
2024-05-02,854.3515625,59123.43359375,2988.16845703125,165.155517578125,491.76422119140625,132.39671325683594,861.9302369618256,59602.296875,3015.05029296875,165.26455135719664,492.6016467604268,132.89237220725303,846.5666501148196,56937.203125,2894.329833984375,162.4495166743879,486.4281553313073,129.47141492222218,858.9851450359879,58253.703125,2969.79443359375,163.34160023066508,490.9073316662554,131.78445047901548,876800.0,32711813559,13163903903,24294500.0,62550200.0,9261900.0
2024-05-03,885.1277465820312,62889.8359375,3103.5419921875,165.7700958251953,497.8597717285156,137.5767364501953,888.3968153872515,63320.50390625,3127.1552734375,166.48376879475936,499.08665465274976,138.1112633377588,872.4049279289388,58848.3125,2960.18212890625,161.61692024874446,495.20147091341136,134.855520792135,878.216619120008,59122.30078125,2988.134521484375,166.08727540907034,497.73318173027803,134.9915808335664,1038000.0,33172023048,12862183229,34662400.0,72756700.0,13264300.0
2024-05-04,,63891.47265625,3117.576416015625,,,,,64494.95703125,3167.541259765625,,,,,62599.3515625,3096.267578125,,,,,62891.03125,3103.61962890625,,,,,20620477992,8283229638,,,
2024-05-05,,64031.1328125,3137.2490234375,,,,,64610.890625,3170.05517578125,,,,,62955.3046875,3075.586181640625,,,,,63892.453125,3117.636962890625,,,,,18296164805,8783447639,,,
2024-05-06,900.1378173828125,63161.94921875,3062.728759765625,166.6225128173828,503.0010681152344,138.81103515625,901.5514638064834,65494.90234375,3220.15234375,166.66215458769406,503.039996024656,138.81103515625,888.4654827257865,62746.23828125,3048.238525390625,164.57069955510775,499.81694342031363,135.87600810407324,892.5591434434409,64038.3125,3137.51025390625,165.9881386196856,500.25513498697876,136.51744050881888,642000.0,28697928697,13008587255,21871300.0,47264700.0,8601600.0
2024-05-07,891.5970458984375,62334.81640625,3006.5771484375,169.74484252929688,503.5561218261719,137.139404296875,909.4247014778331,64390.45703125,3129.081298828125,170.2503545716541,504.9485523975052,138.28619397819716,891.0277046355385,62285.98046875,3003.013671875,166.90997915272567,502.8842439138016,136.55628134843255,907.9030827269046,63162.76171875,3062.7509765625,167.01901294123516,503.96507290224616,137.8780138460605,655000.0,25930730982,11743187337,28039700.0,52561300.0,8682900.0
2024-05-08,894.78759765625,61187.94140625,2973.6572265625,167.8912811279297,503.604736328125,139.5593719482422,899.9513349741139,62986.0859375,3037.196044921875,168.65450251317668,504.14027734043043,140.20078951889403,886.7868007159269,60877.12890625,2938.47265625,167.2569068549834,501.6085965012132,136.83815571741005,887.8862968842119,62332.640625,3006.315673828125,167.51461620426056,501.72543965182825,137.13943052760501,555700.0,26088172222,11791662158,19569100.0,42047200.0,10202300.0
2024-05-09,896.8197021484375,63049.9609375,3036.0205078125,168.46617126464844,506.5065002441406,138.77215576171875,901.3649653003753,63404.9140625,3057.958251953125,169.18975081513116,506.54548758690595,139.31641088866365,890.7724733313145,60648.07421875,2951.223876953125,166.70180236639047,503.13742328274043,137.15887625965587,897.958504535341,61191.19921875,2973.9716796875,167.90117392580035,503.78980752288453,138.91794394604602,756000.0,25453338161,10861947179,15346700.0,43643700.0,8012700.0
2024-05-10,913.2631225585938,60792.77734375,2909.791259765625,167.16769409179688,507.1590270996094,145.06008911132812,921.8137272648482,63446.7421875,3052.7294921875,168.35715914244224,508.9117342857,146.2652031000512,908.0699656229868,60208.78125,2881.000732421875,164.72932401226194,505.94186107705553,142.79564930373542,908.0699656229868,63055.19140625,3036.231201171875,166.5531482403928,508.10351940578255,143.077497534458,814100.0,27804954694,12278653601,29799900.0,52233200.0,23671400.0
2024-05-11,,60793.7109375,2911.60205078125,,,,,61451.15234375,2942.1787109375,,,,,60492.625,2888.083251953125,,,,,60793.35546875,2909.845458984375,,,,,13842272968,6795916454,,,
2024-05-12,,61448.39453125,2928.701904296875,,,,,61818.15625,2953.04736328125,,,,,60632.6015625,2902.201904296875,,,,,60793.50390625,2911.658203125,,,,,13800459405,5908941395,,,
2024-05-13,900.4520263671875,62901.44921875,2949.359619140625,167.65338134765625,507.22705078125,142.290283203125,911.9967962597966,63422.66015625,2994.869140625,167.7921502441081,508.94082976185797,144.26316138073074,897.5265875723363,60769.83984375,2865.134521484375,162.5585588283877,506.0878002167031,142.18337781682666,910.7009486271519,61451.21875,2928.81396484375,162.81626817189104,508.8337334335511,143.85498122289164,745700.0,27889181179,13352264795,31327600.0,36716400.0,8278700.0
2024-05-14,898.2825317382812,61552.7890625,2881.157958984375,168.84283447265625,509.5542297363281,147.6743927001953,899.6077991593436,63092.125,2959.546630859375,169.7448398794561,510.07033651333364,147.73270203357322,889.2999772504826,61123.765625,2863.5458984375,167.3163765820282,506.8862120678195,142.13478358778875,896.1915116433255,62900.7734375,2949.213134765625,168.27785221350925,507.42175308205213,142.3680357507341,592000.0,28186271527,12444516140,25127100.0,57535900.0,12316500.0
2024-05-15,920.2625732421875,66267.4921875,3037.056640625,170.9937744140625,515.8640747070312,151.20225524902344,920.2625732421875,66454.453125,3041.602294921875,171.13254332493105,516.1561825946173,151.6104354109825,893.9825799197463,61330.41015625,2864.7353515625,169.01135275898227,511.3848691803367,148.43244328570316,901.8361575265329,61553.98828125,2881.224609375,169.13030834306738,512.01781913004,149.0447209433586,883000.0,39815167074,14666902956,26948400.0,59504900.0,14027100.0
2024-05-16,902.7099609375,65231.58203125,2945.131103515625,172.6490936279297,514.8027954101562,147.94651794433594,921.6272880727888,66712.4296875,3041.80712890625,173.58083422008207,517.5584758697495,150.69688862312123,902.1209664938795,64613.0546875,2925.08740234375,171.17219918369724,514.6567117176663,147.92709138549145,919.3595695877727,66256.109375,3036.01416015625,171.76691660178736,515.9615398171848,149.76390959782242,811100.0,31573077994,13035465176,27867900.0,50244800.0,13394100.0
2024-05-17,908.04052734375,67051.875,3094.11865234375,174.51258850097656,515.542724609375,147.4119873046875,913.9307111730919,67459.4609375,3120.3017578125,174.72074944467616,515.6108930215729,149.66671374679342,899.4409092840713,65119.31640625,2934.112548828125,172.16342350966488,513.4686694664939,146.5956269705873,903.9468663594108,65231.296875,2945.136962890625,172.6491071705006,514.9195214966393,149.66671374679342,703700.0,28031279310,14449438097,24479300.0,59187600.0,7711200.0
2024-05-18,,66940.8046875,3122.948974609375,,,,,67387.328125,3146.79052734375,,,,,66663.5,3087.704345703125,,,,,67066.2109375,3094.553466796875,,,,,16712277406,9407051320,,,
2024-05-19,,66278.3671875,3071.843017578125,,,,,67694.296875,3137.1484375,,,,,65937.1796875,3056.75439453125,,,,,66937.9296875,3122.82470703125,,,,,19249094538,8747800800,,,
2024-05-20,922.2456665039062,71448.1953125,3663.85546875,175.36500549316406,516.1367797851562,149.2293701171875,929.3923913231689,71483.5625,3690.805908203125,177.19875144536334,517.5973789121299,149.89995707690036,908.8357084391395,66086.171875,3050.2978515625,174.53239208635316,515.2701433728218,146.57619177302334,908.8357084391395,66278.7421875,3071.85888671875,174.6414258747219,515.6596602461204,147.4022653376143,669300.0,43850655717,31228143948,22554400.0,37764200.0,9261200.0
2024-05-21,908.3350219726562,70136.53125,3789.312744140625,176.28680419921875,517.402587890625,149.34600830078125,916.4929236182775,71946.4609375,3837.372802734375,176.58415526757045,517.5584184029028,149.65701121005793,898.5867755959785,69191.125,3628.096435546875,174.26472618639002,515.1727614260365,147.6744047370064,904.0842561578968,71443.0625,3663.01123046875,175.3451420671955,515.3772666864285,148.0145623153484,746400.0,46932005990,37643853967,16989400.0,33437000.0,7919400.0
2024-05-22,905.4487915039062,69122.3359375,3737.2177734375,174.82974243164062,515.9127807617188,151.7562255859375,916.4143324054501,70623.6953125,3810.948486328125,175.5929637561036,517.4220544657823,152.805838188647,896.7705619279012,68977.6953125,3655.0751953125,173.6700277652412,513.741316563043,150.19152737672732,914.1662673972536,70135.3203125,3789.372802734375,175.08745176039344,516.7112486575287,151.49383355733661,668600.0,32802561717,25155809461,17880000.0,48390000.0,13455200.0
2024-05-23,917.1506958007812,67929.5625,3776.92724609375,172.0246124267578,512.1444702148438,152.66978454589844,951.7456988122555,70041.2734375,3943.553955078125,176.6832994864589,519.0676954201629,156.25595738208335,910.4358599540708,66356.953125,3552.642578125,171.42987998310477,510.93699174891134,151.48411182419403,949.8706833469436,69121.3046875,3737.178466796875,175.51367817186207,518.9605990872589,154.7009723875555,1357200.0,41895680979,45623656317,21024900.0,57211200.0,20873000.0
2024-05-24,938.7185668945312,68526.1015625,3726.9345703125,173.45199584960938,515.5330810546875,155.4978790283203,941.025591508837,69220.296875,3825.12255859375,174.22513911940936,516.3412958961842,156.13931133837613,916.640204123295,66622.671875,3631.990234375,172.12376178703718,513.0403275362747,152.30046041575116,921.0873216692985,67928.1328125,3776.992431640625,173.44207406110064,513.9848197975488,152.77666317943803,684900.0,29197308153,22257061429,16579400.0,41291100.0,11908200.0
2024-05-25,,69265.9453125,3749.236572265625,,,,,69579.3203125,3776.006591796875,,,,,68515.8203125,3710.5283203125,,,,,68526.921875,3726.9755859375,,,,,15473071741,10000027764,,,
2024-05-26,,68518.09375,3825.8974609375,,,,,69506.2265625,3879.470703125,,,,,68183.890625,3732.02294921875,,,,,69264.2890625,3749.179931640625,,,,,15628433737,14650794791,,,
2024-05-27,,69394.5546875,3892.0068359375,,,,,70597.8828125,3973.556396484375,,,,,68232.5,3821.930419921875,,,,,68512.1796875,3826.127197265625,,,,,25870990717,18949181813,,,
2024-05-28,973.6964721679688,68296.21875,3840.25634765625,174.84954833984375,515.8933715820312,154.9244842529297,974.7076491778834,69514.640625,3924.895751953125,175.71191186906103,516.5749964273494,155.86719133146835,947.5833471739587,67227.15625,3771.2138671875,172.83739197945985,513.2642811397658,153.16541686805857,954.9951500270888,69392.1953125,3892.096923828125,172.91669064448408,516.3413100648252,155.18687624675795,1184000.0,32722265965,19846044324,20572200.0,36269600.0,13964400.0
2024-05-29,940.3480834960938,67578.09375,3763.196533203125,174.35397338867188,512.2806396484375,149.9971466064453,947.8286110863669,68852.4609375,3880.6484375,175.285713959116,513.4588773578208,152.46568388216338,938.4435886027304,67101.4921875,3742.041259765625,173.18435190640471,511.5698339483505,148.89895285680095,943.9508953080503,68296.3515625,3840.235107421875,173.8881031034498,511.8716886432286,152.3393371027836,902000.0,26707072906,17411416736,23388700.0,45190300.0,15780000.0
2024-05-30,948.437255859375,68364.9921875,3746.849609375,170.59727478027344,508.88238525390625,148.65599060058594,951.411827016194,69500.5390625,3823.643310546875,173.67994067307137,511.4043788648702,149.71531642595184,935.361042492032,67118.078125,3702.263671875,170.28008009531703,507.6360384172024,147.61609133443875,939.4841825495249,67576.0859375,3763.357666015625,173.66011222409284,510.7422478216335,149.2682534635347,846500.0,29509712534,15065849797,22931500.0,46377600.0,9687800.0
2024-05-31,942.7728881835938,67491.4140625,3760.026611328125,170.9838409423828,513.517333984375,146.7899932861328,962.063262256255,68999.5625,3843.857666015625,171.53891649882755,513.6439239713764,148.20891797663032,915.8547675615981,66633.421875,3723.835205078125,167.9507387056137,504.7439941340697,143.65088396254131,954.0231597392489,68362.515625,3746.861572265625,170.34946671720675,509.8366558224101,147.21761483202064,1040400.0,27387283769,15290700646,37638900.0,90785800.0,13782600.0
2024-06-01,,67706.9375,3813.198974609375,,,,,67839.765625,3829.294677734375,,,,,67386.1953125,3749.840087890625,,,,,67489.609375,3759.88427734375,,,,,11641495604,8661024535,,,
2024-06-02,,67751.6015625,3780.89599609375,,,,,68409.1640625,3834.911865234375,,,,,67315.5234375,3752.41455078125,,,,,67710.2734375,3813.275634765625,,,,,17110588415,11126903059,,,
2024-06-03,947.8090209960938,68804.78125,3766.38916015625,171.64796447753906,513.93603515625,150.5899658203125,954.4649569659686,70230.8203125,3848.60302734375,172.9960117081414,515.4063808363203,152.72805857130007,931.0318489151742,67589.8359375,3758.919921875,169.65563630662328,508.8726139393969,148.17003970432367,951.5984178358078,67753.8984375,3780.854248046875,171.0234968625416,515.1240197883811,150.7551805279936,752800.0,32401285324,14082454300,27459100.0,46835700.0,12924400.0
2024-06-04,933.4075927734375,70567.765625,3812.515869140625,172.2624969482422,514.5106201171875,148.1797637939453,946.0715117119914,71047.40625,3831.364990234375,172.3219822936052,515.2506664560023,149.46261360636265,925.7405393774364,68564.640625,3738.13427734375,170.37920271129525,511.17072418863216,146.74141254080052,944.6283855462455,68804.5703125,3766.476318359375,171.75698494771635,512.631323194632,149.08358811298552,765400.0,33149696545,13331489271,26879600.0,34632700.0,10066700.0
2024-06-05,1022.2804565429688,71082.8203125,3864.260986328125,173.8682861328125,520.6255493164062,158.3357391357422,1022.4965209871431,71735.4140625,3887.48583984375,175.09737781727256,520.6450429850004,159.1229449028641,990.434259143943,70390.7109375,3778.65576171875,172.40128329216327,514.8415757760073,153.50558430128447,1000.6929462254676,70568.3515625,3812.560791015625,173.6601252146541,516.8280281512839,154.12757532476417,2586500.0,32810771409,15480034434,22068500.0,47610400.0,23192600.0
2024-06-06,1033.34423828125,70757.1640625,3811.60595703125,175.17666625976562,520.615966796875,157.5096435546875,1035.1407009518825,71625.734375,3878.05224609375,175.59297294708358,521.3560132540258,160.06562991559238,1014.0833447009173,70119.125,3761.775390625,174.2052839893571,518.6879948188819,155.84775340965575,1028.8186287317576,71082.84375,3864.263427734375,174.35395954744376,520.9275684331457,159.8907019158173,1370700.0,25223152007,13606583873,23251000.0,30808500.0,14819100.0
2024-06-07,1009.5972290039062,69342.5859375,3678.629150390625,172.92660522460938,519.9830322265625,159.7643585205078,1024.6367796359518,71907.8515625,3838.4521484375,176.30662182296135,522.7873872843439,161.445675259237,1007.7319800769034,68507.2578125,3615.2802734375,172.76800790116974,518.55161418802,157.40274149698362,1021.2106654809238,70759.1875,3811.666015625,175.49383700851138,519.6421901069427,158.9674395667291,936200.0,36188381096,18220286186,19661400.0,43224500.0,14023300.0
2024-06-08,,69305.7734375,3680.949951171875,,,,,69533.3203125,3707.497314453125,,,,,69210.7421875,3669.637939453125,,,,,69324.1796875,3677.400390625,,,,,14262185861,9096091805,,,
2024-06-09,,69647.9921875,3705.90380859375,,,,,69817.5234375,3719.36767578125,,,,,69160.84375,3668.12353515625,,,,,69297.4921875,3680.93603515625,,,,,13534028500,7910768788,,,
2024-06-10,1022.643798828125,69512.28125,3666.717529296875,173.67086791992188,521.589599609375,163.4282684326172,1026.973117233047,70146.0703125,3711.4287109375,175.70518493273318,521.9109480214009,165.06098898449164,995.3624539577575,69232.421875,3648.16455078125,171.43808427850212,518.5807990347079,157.84977688818054,997.5418529992256,69644.3125,3705.877197265625,173.63118065101344,519.1747616812378,159.3853201668812,1039500.0,20597699541,10377300126,23726700.0,35686100.0,12418900.0
2024-06-11,1017.04833984375,67332.03125,3498.33056640625,175.2685546875,522.8457641601562,161.04725646972656,1019.8952862902383,69549.4140625,3669.890869140625,175.48687252833415,522.9041857425336,163.6712808700264,1001.0270309771595,66123.6015625,3434.7490234375,172.440371072749,518.0744503489441,159.18126840386657,1008.6842587653689,69508.078125,3666.35888671875,174.8716214180017,520.0414093421914,163.44774193571206,789500.0,37116136345,19184721538,21540600.0,36383400.0,11508600.0
2024-06-12,1049.296875,68241.1875,3559.61767578125,176.42959594726562,527.1398315429688,168.1126708984375,1057.503849369571,69977.890625,3652.4921875,179.0295587655737,529.8273428520355,171.10600739386814,1036.3090399678892,66902.453125,3463.784912109375,174.76245808700693,526.107677431855,166.71318735985318,1039.764633352148,67321.375,3497.89697265625,176.8860828234983,527.402758345961,168.4819831737406,978400.0,34497940694,17142905351,27864700.0,63251300.0,20309500.0
2024-06-13,1033.442626953125,66756.3984375,3469.28125,173.8197479248047,528.2013549804688,168.57476806640625,1041.580936710035,68365.78125,3559.725341796875,175.38766020073976,529.0582445758802,169.70568787529362,1019.7283430975428,66304.5625,3431.33349609375,173.54189158649058,525.4164935113477,166.23493244013397,1034.4439774703935,68243.1015625,3559.725341796875,174.76247586851568,528.8829798084458,168.61375863254622,1106300.0,28955204146,14472382154,20913300.0,44760900.0,15591800.0
2024-06-14,1009.086669921875,66011.09375,3480.27197265625,175.43724060058594,528.522705078125,168.18479919433594,1012.1299075583718,67294.6484375,3528.602294921875,175.7051788680774,528.551886156822,169.28647243273434,997.9934425932472,65056.89453125,3366.223876953125,172.8174418240933,525.6696157422205,166.08871025303728,1002.7645369677565,66747.5703125,3467.969970703125,172.8869134698266,526.6725890295746,167.6875913428858,1047200.0,27403884779,15793876596,18063600.0,40089900.0,9192500.0
2024-06-15,,66191.0,3565.549560546875,,,,,66402.1875,3589.887451171875,,,,,65871.7734375,3473.45263671875,,,,,66006.7421875,3479.78564453125,,,,,14121265576,12733651076,,,
2024-06-16,,66639.046875,3620.5634765625,,,,,66894.84375,3648.093017578125,,,,,66018.25,3541.534423828125,,,,,66189.359375,3566.761962890625,,,,,13281140541,9878388158,,,
2024-06-17,1033.20703125,66490.296875,3511.37890625,175.8838348388672,532.7291870117188,172.79620361328125,1035.0821068334512,67188.3203125,3634.285400390625,176.99526019491833,534.1216772051151,174.190343186242,1013.7694946799638,65094.96484375,3468.14892578125,173.47242036710682,527.3834034899254,169.13046567087343,1025.0785480375318,66636.515625,3622.383544921875,174.11745590855674,527.8410888070123,173.3811513505768,844400.0,30006354476,17838856988,19618500.0,55839500.0,18593700.0
2024-06-18,1041.9539794921875,65140.74609375,3483.681396484375,173.75025939941406,534.0826416015625,175.18478393554688,1049.8468648470132,66556.703125,3514.17724609375,176.03266350713454,534.2092316077063,180.22515902524722,1022.9286793006185,64066.95703125,3371.59033203125,172.7678442779151,532.3688625324717,174.5023374306372,1023.1249708439684,66490.9765625,3510.565185546875,175.78457643329608,532.7875604635906,175.50651190419387,1025300.0,39481285950,21022514455,21869900.0,41376400.0,27155100.0
2024-06-19,,64960.296875,3559.347412109375,,,,,65695.3515625,3583.320068359375,,,,,64693.30078125,3466.48095703125,,,,,65146.66015625,3482.350830078125,,,,,21103423504,15275373778,,,
2024-06-20,1031.508544921875,64828.65625,3511.0869140625,174.95101928710938,532.6317749023438,170.98284912109375,1043.6914411836465,66438.9609375,3623.886474609375,175.93343447480135,535.669816103357,178.5775304394526,1025.893265488511,64547.84765625,3485.4599609375,173.65104535533175,530.8595742964317,169.1499800238461,1038.8614476380035,64960.296875,3559.347412109375,174.02812743639052,535.0076850141029,178.00232658488002,1150300.0,25641109124,16115123753,20160100.0,70328200.0,28403200.0
2024-06-21,1017.62744140625,64096.19921875,3516.07568359375,178.25555419921875,531.9176635742188,169.59844970703125,1019.9835389957897,65007.546875,3542.957275390625,179.46622050110986,533.0313142277637,173.03018491434509,1004.4825595261113,63378.89453125,3447.935546875,175.25865768617388,530.4621308750893,167.89232602611256,1019.1785999027152,64837.98828125,3511.268310546875,175.6456729700876,531.810221745453,168.37978993494644,1626000.0,26188171739,15933353456,57759000.0,64338600.0,20175600.0
2024-06-22,,64252.578125,3494.8134765625,,,,,64475.46875,3519.49755859375,,,,,63929.7578125,3477.169921875,,,,,64113.86328125,3516.55126953125,,,,,9858198793,7423703673,,,
2024-06-23,,63180.796875,3418.61181640625,,,,,64491.703125,3519.324951171875,,,,,63180.796875,3408.5830078125,,,,,64248.96484375,3494.953857421875,,,,,11170471802,9418141333,,,
2024-06-24,983.6704711914062,60277.4140625,3350.25634765625,177.84866333007812,530.1885986328125,163.60263061523438,1015.7719233362786,63292.52734375,3430.698974609375,179.5058831721026,534.3012597413704,167.12212054413385,983.6704711914062,58601.69921875,3244.241455078125,177.30286873730756,530.0713785197397,162.92992805765536,1014.260191059617,63173.3515625,3418.783203125,178.78147315371626,531.7418545665156,166.15693667331817,1027000.0,43152133651,23137744903,18298000.0,45528700.0,19741700.0
2024-06-25,1004.6099853515625,61804.640625,3395.029052734375,182.6218719482422,532.2302856445312,168.27255249023438,1004.7572039728738,62258.26171875,3422.21337890625,182.87987707702328,532.5917242597523,168.3115430586125,984.2888424133904,60239.75,3335.556884765625,178.04714529101605,529.8955424418219,164.7725502105095,986.762678480984,60266.28125,3350.5556640625,178.24561193946573,531.4096852385123,165.688984767688,621600.0,29201215431,13235546063,23130200.0,37936200.0,13346800.0
2024-06-26,997.993408203125,60811.27734375,3369.477294921875,182.47303771972656,532.8945922851562,167.755859375,1004.8652890069735,62434.13671875,3421.509521484375,183.09820694625952,533.6076912884868,169.3352378924602,985.5259009648648,60695.1875,3328.390625,181.0837408053558,530.4719636310322,165.93273399399723,995.4410193003423,61789.67578125,3394.373291015625,181.23260215798607,531.1166742934914,167.80459387148858,885100.0,22506003064,11694054195,19839000.0,38550600.0,11901500.0
2024-06-27,1009.1945190429688,61604.80078125,3444.800537109375,183.99130249023438,533.7346801757812,167.3268585205078,1022.6437223605169,62293.86328125,3470.923095703125,184.6264047984624,534.3110621107577,171.0803215226249,1005.8862043678591,60585.33203125,3362.2646484375,182.61193895476885,532.0153722749866,166.8588824783673,1010.5982788902623,60811.2265625,3368.88623046875,182.77070317530075,532.7578061070262,169.43269120527114,784300.0,21231745045,11771834016,18848900.0,35041500.0,10864600.0
2024-06-28,1004.01123046875,60320.13671875,3373.635986328125,180.75624084472656,531.6343383789062,169.45220947265625,1029.6139719831829,62126.09765625,3482.95751953125,183.71344974735644,537.5542520433446,172.3867518608033,996.8645054955839,59985.40234375,3363.4375,180.56770738280355,530.3937489459842,168.47728160974359,1009.1847942590083,61612.8046875,3445.498779296875,182.90965002904287,534.5063503169283,168.47728160974359,837600.0,24952866877,12861158844,29156600.0,76144500.0,11216100.0
2024-06-29,,60887.37890625,3372.9677734375,,,,,61097.62109375,3401.730224609375,,,,,60300.96484375,3369.552734375,,,,,60319.875,3373.68994140625,,,,,12652903396,6584792001,,,
2024-06-30,,62678.29296875,3432.88916015625,,,,,62892.828125,3453.21142578125,,,,,60632.94921875,3352.284423828125,,,,,60888.4453125,3373.07568359375,,,,,17333226409,8396416013,,,
2024-07-01,1014.5744018554688,62851.98046875,3440.341552734375,181.58982849121094,532.728515625,168.0093231201172,1019.1098388958726,63777.2265625,3513.310791015625,182.4730179096056,533.2560061424955,170.90486010992956,997.2081730429949,62495.51171875,3425.3232421875,179.91275737108273,529.9737236752046,166.17645394778643,1016.5967559520644,62673.60546875,3432.607421875,181.6295157623823,533.0117876323043,169.87143893871118,791000.0,25468379421,12281551839,16006100.0,40297800.0,10717000.0
2024-07-02,1028.710693359375,62029.015625,3416.354736328125,183.82260131835938,536.3136596679688,171.29481506347656,1028.8088391121648,63203.359375,3459.761474609375,184.1500780686585,536.3136596679688,172.27950168282808,1007.0838752812213,61752.74609375,3399.026123046875,180.17075176456586,531.0776287968915,166.7419039275025,1007.9772532873865,62844.41015625,3439.38134765625,180.65700787416756,531.1264605772033,166.8394026600265,748700.0,20151616992,9421757718,17372500.0,40434800.0,10655500.0
2024-07-03,1051.8001708984375,60173.921875,3292.916748046875,184.39817810058594,538.7069091796875,177.9145965576172,1054.6372900257124,62187.703125,3426.332275390625,184.666101253454,539.068347757372,177.9145965576172,1036.0930165900875,59419.38671875,3254.521240234375,182.59209683114494,535.9618958708759,173.42017837562096,1039.0184549062453,62034.33203125,3416.2548828125,183.43559898745033,536.000949362856,173.52742103890492,779800.0,29756701685,16121324440,10242100.0,32789900.0,11808700.0
2024-07-04,,56977.703125,3054.52197265625,,,,,60399.67578125,3309.20361328125,,,,,56777.8046875,3054.52197265625,,,,,60147.13671875,3291.81787109375,,,,,41149609230,20252514386,,,
2024-07-05,1054.8140869140625,56662.375,2981.5986328125,189.1416015625,541.8134765625,179.37698364257812,1062.9720489302042,57497.15234375,3106.152587890625,189.39960668236182,542.213968717536,180.43965144753963,1049.768148453905,53717.375,2826.014404296875,184.3783264542018,538.3748605783948,177.72935316680585,1059.9876508155971,57022.80859375,3057.833251953125,184.43786493247498,539.0098526062544,179.52321687217147,771100.0,55417544033,31131942647,20967500.0,41488400.0,11372900.0
2024-07-06,,58303.5390625,3069.3779296875,,,,,58472.546875,3080.107421875,,,,,56038.9609375,2957.395751953125,,,,,56659.07421875,2981.988037109375,,,,,20610320577,11586293705,,,
2024-07-07,,55849.109375,2929.38720703125,,,,,58371.12109375,3072.814453125,,,,,55793.32421875,2923.959228515625,,,,,58239.4296875,3067.405029296875,,,,,20553359505,10857947538,,,
2024-07-08,1057.6707763671875,56705.09765625,3018.73193359375,187.58358764648438,542.438720703125,181.95079040527344,1067.880451365752,58131.3359375,3090.66455078125,188.71486404073931,543.3862600338458,187.9660934876669,1056.1392711911642,54321.01953125,2826.481689453125,186.34315233953677,541.3739016175886,180.4883986222411,1063.3253619098975,55849.57421875,2929.861572265625,188.4469257746695,542.5949943367658,185.2362925174295,881900.0,39766159899,22627377457,21035900.0,36110500.0,22582400.0
2024-07-09,1040.56982421875,58009.2265625,3064.032958984375,187.53396606445312,542.9662475585938,179.8936767578125,1061.7254523410377,58239.1953125,3105.800537109375,189.89575971995774,544.2947822161125,183.71539184109525,1039.961176589157,56316.875,3005.522216796875,187.27596097330996,542.6731972111517,177.92431849190376,1059.9386958619607,56704.59765625,3018.80322265625,188.85379104005673,543.3960746093994,183.37416117021294,925400.0,27849512607,15269945822,15121400.0,27289700.0,19935200.0
2024-07-10,1078.836181640625,57742.49609375,3102.21875,189.71714782714844,548.3389892578125,186.2599334716797,1080.436353005985,59359.43359375,3148.407470703125,190.28279364749721,548.6808713510104,186.62065194753086,1045.5076068041692,57178.4140625,3026.6083984375,187.5836049591009,543.8942239279161,182.01899217620786,1049.6208609002238,58033.8828125,3066.13720703125,187.7026819141074,544.1872742397521,183.55937967286573,925400.0,26175260526,14578679176,15952500.0,38701200.0,19293500.0
2024-07-11,1043.053466796875,57344.9140625,3100.330810546875,184.15008544921875,543.6107788085938,179.8741912841797,1089.7724115814601,59299.43359375,3208.9384765625,189.39960141202818,549.3255270030801,188.61929543264625,1042.130728780522,57120.37890625,3057.21923828125,183.66382932012837,542.9758465360856,178.42154340834298,1089.6644392499363,57729.890625,3101.335205078125,188.39733505757295,548.4560949063842,188.2488180831615,1151400.0,28707803842,15230095766,25625800.0,53054200.0,21584200.0
2024-07-12,1065.39697265625,57899.46484375,3134.15869140625,183.65390014648438,547.0397338867188,182.65272521972656,1080.475830944904,58532.5546875,3154.6015625,185.67828393880026,550.6346235261244,185.60675519795475,1046.7840275530248,56590.17578125,3048.508056640625,183.0783363373865,544.2654447499774,178.16805148894338,1053.12575466391,57341.1953125,3099.989990234375,183.66381817797418,544.7343252522627,178.4800355185918,1053800.0,25604805221,12751638331,22898400.0,53084400.0,19220300.0
2024-07-13,,59231.953125,3177.19873046875,,,,,59787.078125,3199.989501953125,,,,,57796.44140625,3115.080322265625,,,,,57908.73828125,3134.550537109375,,,,,17080061806,8565105946,,,
2024-07-14,,60787.79296875,3244.0791015625,,,,,61329.52734375,3266.487548828125,,,,,59225.25,3166.43115234375,,,,,59225.25,3176.741455078125,,,,,22223416061,10517709666,,,
2024-07-15,1044.16259765625,64870.15234375,3489.552734375,185.1027069091797,548.5441284179688,180.5761260986328,1078.6201454099178,64870.15234375,3494.098388671875,186.79962897877238,551.7775792240066,185.29477302265715,1040.9622551972811,60704.9296875,3235.776123046875,183.50502571552826,546.6880438244344,179.4647090152681,1077.3537176743384,60815.45703125,3246.131591796875,183.50502571552826,549.0325654558818,183.94936791471451,1365600.0,38094526099,18305490390,16474000.0,40584300.0,15683100.0
2024-07-16,1048.63916015625,65097.1484375,3443.513427734375,182.51271057128906,551.7969360351562,181.3755645751953,1057.3371035140929,65354.33984375,3498.218994140625,187.2362833659617,552.0899862587529,184.83656130166764,1041.3255633536107,62487.96875,3351.77978515625,181.96691593885006,549.1007547307731,180.38114891247972,1054.8533806346647,64784.41796875,3486.14404296875,185.9263913901426,549.8529666577103,183.5496643185342,1197600.0,41617346768,20446664416,18290700.0,36475300.0,16663300.0
2024-07-17,915.0006103515625,64118.79296875,3388.75244140625,179.6348876953125,544.0602416992188,166.9076385498047,962.053345870049,66066.734375,3516.104248046875,182.14552760174087,547.5476892504238,172.15275494223155,911.7021224264237,63896.0859375,3379.099609375,178.52344733868037,543.7378565645935,166.23493597888387,960.6691793022264,65091.83203125,3446.73681640625,181.569963789314,545.8772131422685,170.82685252198385,5188400.0,32525071311,16739123962,20734100.0,57119000.0,45052600.0
2024-07-18,907.2355346679688,63974.06640625,3426.258544921875,176.3303680419922,539.8792114257812,167.5608367919922,939.6904432529781,65104.66015625,3488.715576171875,181.10356083919302,546.5806130354061,174.20985155105137,894.3261919043272,63246.1640625,3374.990478515625,175.119701930773,537.7008012722223,160.3853675646893,936.0483248965708,64104.73828125,3388.030029296875,180.53791505223174,545.5939606590898,171.0998294783442,2242200.0,27239305337,15035622003,25315700.0,56270400.0,52903600.0
2024-07-19,878.982177734375,66710.15625,3505.73486328125,176.3006134033203,536.2940673828125,161.61378479003906,903.4951868759626,67442.640625,3540.58837890625,178.9104792954856,541.2663824595259,166.24469181765153,875.3400597152862,63329.34375,3377.877685546875,175.77466998349036,535.2390267295067,161.0775715273878,898.4786688713206,63972.32421875,3425.90869140625,177.511279614787,539.644738170822,164.92853334352728,2133600.0,37003855410,17705629736,18881900.0,65509100.0,22585300.0
2024-07-20,,67163.6484375,3519.29541015625,,,,,67610.734375,3539.904296875,,,,,66299.6171875,3482.489013671875,,,,,66709.921875,3505.721435546875,,,,,19029581250,10360198325,,,
2024-07-21,,68154.5234375,3536.60546875,,,,,68372.90625,3546.619140625,,,,,65842.296875,3415.44384765625,,,,,67164.9140625,3519.426513671875,,,,,26652190004,13845913681,,,
2024-07-22,924.0323486328125,67585.25,3440.419921875,180.2799072265625,541.8231811523438,165.10401916503906,925.3183696134255,68480.0625,3560.075439453125,181.30202472668176,542.4288382548532,166.5956574211671,905.1346768666331,66611.296875,3425.795654296875,178.85092330428975,538.2771238069361,162.01348512982815,911.2015585863373,68152.9765625,3536.627197265625,179.20816928485795,540.2113152231016,162.4327117947922,1926800.0,42649109453,18723199034,24100300.0,43346700.0,21037200.0
2024-07-23,915.737060546875,65927.671875,3481.995849609375,180.3990020751953,540.9732666015625,165.562255859375,923.1979360965684,67779.015625,3539.53173828125,182.205083362309,543.8647752379528,167.23911808773,912.1734945368005,65484.4609375,3395.4208984375,180.15091498468195,540.4848296428585,163.7586333729686,918.2600298105232,67584.8046875,3440.768310546875,180.65702234023118,541.7156406949248,165.1722757907425,1056200.0,35605668666,24468405650,36352700.0,34439600.0,11690700.0
2024-07-24,856.7763061523438,65372.1328125,3336.33935546875,171.30909729003906,528.7135620117188,155.79347229003906,902.8375260234349,67113.984375,3487.653076171875,174.84185492699467,536.4699449259502,161.3018086526218,854.8227381405568,65146.99609375,3304.039306640625,170.5052975643539,527.7952979520205,155.58873089746854,901.3551535350406,65927.859375,3482.15185546875,172.2716763828317,536.1671163330532,160.9508340340854,1912000.0,27470942309,16040945448,49585200.0,74515300.0,19536600.0
2024-07-25,846.8414916992188,65777.2265625,3174.42724609375,166.00001525878906,525.958740234375,156.26144409179688,870.1469745008911,66112.421875,3341.4384765625,172.09303295252627,534.7994982405838,159.30321440801956,834.6193491243055,63473.47265625,3088.764404296875,165.91070754972583,525.0209792890996,148.29628485901782,857.0216872456809,65375.875,3336.3623046875,171.1999255778285,528.8307523766035,154.19460168474498,2075900.0,38315761670,25293745810,44852000.0,61158300.0,25731800.0
2024-07-26,872.130126953125,67912.0625,3275.951416015625,165.72218322753906,531.8493041992188,157.87982177734375,879.1787067667215,68207.6015625,3285.760986328125,166.8038393522412,534.5357078065754,160.4633746844729,866.0828376966238,65743.765625,3172.777099609375,162.80467650128674,528.9675138593225,155.19877013264718,877.5588821649314,65771.8125,3174.051025390625,165.8710294311091,529.7392825093052,160.18065214747753,1681600.0,30488630457,15993893521,41336900.0,53763800.0,13089200.0
2024-07-27,,67813.3359375,3247.60791015625,,,,,69398.5078125,3327.426513671875,,,,,66705.21875,3195.356689453125,,,,,67911.8125,3275.8916015625,,,,,34691905492,15198233287,,,
2024-07-28,,68255.8671875,3271.464599609375,,,,,68301.8515625,3283.152099609375,,,,,67085.828125,3201.76318359375,,,,,67808.65625,3247.50732421875,,,,,18043166945,8959236446,,,
2024-07-29,856.2000122070312,66819.9140625,3320.539306640625,168.23281860351562,532.1619873046875,155.99819946289062,883.1975437862662,69987.5390625,3396.625732421875,169.12592608314606,534.3990077101311,159.13746832072775,854.6952636426427,66532.59375,3257.715576171875,166.70460877031735,530.1691258203317,154.65280914968784,872.3690208663745,68259.0546875,3271.453369140625,167.5381777702437,533.3928583100442,158.6012550295658,1231500.0,40780682628,18334852719,20293800.0,39515800.0,12663100.0
2024-07-30,846.0601196289062,66201.015625,3278.667724609375,168.98699951171875,529.4656982421875,150.6653594970703,879.2046335820512,66987.671875,3365.322509765625,169.91980941464726,534.6822315404584,157.10963386940418,841.8900197897401,65323.19140625,3235.760009765625,167.15116408802947,526.0661958644091,148.72526238898618,877.7883675961951,66819.0546875,3320.63525390625,168.93739420618675,533.6271909452782,156.4174433526029,1682100.0,31380492109,14045773047,18959700.0,46853600.0,22018000.0
2024-07-31,921.2597045898438,64619.25,3231.295654296875,170.22740173339844,538.0719604492188,161.64303588867188,926.708363129817,66810.2109375,3347.636474609375,172.91667198894865,540.6997538692295,162.47171561177348,901.9237410534175,64532.046875,3216.07177734375,168.70911021510193,534.9166765387299,158.00655927737185,910.2639998651913,66201.2734375,3278.6865234375,171.9144057688672,536.2842643515584,159.66393359979307,2406800.0,31292785994,16135380637,25729100.0,65663400.0,19860400.0
2024-08-01,869.1431884765625,65357.5,3201.564453125,169.45338439941406,530.4522705078125,154.2140655517578,912.4670683588698,65593.2421875,3241.77734375,172.71821867309802,542.0379798774079,163.46613532653038,857.4393207993583,62248.94140625,3078.5439453125,167.58777995648467,526.9550454850472,152.90766592690676,907.8248403284998,64625.83984375,3231.248779296875,168.94729223504007,539.79118198238,159.3811856421195,1808500.0,40975554494,20217639556,24531400.0,76428700.0,21095600.0
2024-08-02,796.0087890625,61415.06640625,2986.01318359375,165.38478088378906,520.576171875,146.10269165039062,814.9316906187426,65523.22265625,3214.527099609375,167.22061625981866,524.5715530952934,150.00240314259247,782.7706998181885,61184.89453125,2965.73388671875,163.41000220136607,516.3755660291246,143.20715467733325,810.614040220669,65353.5,3201.599365234375,165.1664630337912,523.3602388903765,147.45784079888202,3624100.0,43060875727,21400241741,29130100.0,82789100.0,31095300.0
2024-08-03,,60680.09375,2903.3857421875,,,,,62148.37109375,3015.296142578125,,,,,59836.52734375,2861.177490234375,,,,,61414.80859375,2985.950927734375,,,,,31753030589,17844091431,,,
2024-08-04,,58116.9765625,2686.39892578125,,,,,61062.98828125,2931.4716796875,,,,,57210.8046875,2639.566650390625,,,,,60676.09375,2903.088623046875,,,,,31758917219,21139601426,,,
2024-08-05,806.8274536132812,53991.45703125,2417.206298828125,158.03146362304688,505.41510009765625,144.2405548095703,825.0520367764595,58268.828125,2695.88671875,163.17182044634595,511.4717311244644,146.2391596331331,754.7601059747658,49121.23828125,2122.546142578125,153.74451178437454,498.4695101090915,130.22110415523457,762.2250200028064,58110.296875,2686.027587890625,154.3101575722687,499.80785259777787,130.50382665165665,2815600.0,108991085584,67668132244,53630700.0,146267400.0,31193100.0
2024-08-06,829.114013671875,56034.31640625,2458.723876953125,157.07882690429688,510.07476806640625,151.49403381347656,845.8337893200201,57059.91796875,2553.5810546875,159.3413952637539,517.4989864003181,153.75587350331006,821.7573315959922,53973.2734375,2416.527099609375,155.2132221455675,505.8937188490462,144.0163391965802,826.5076716915672,53991.34765625,2417.269775390625,158.11087775486118,507.2124748611044,146.66814406510733,1995700.0,49300484106,26041995921,49004600.0,84826300.0,24528100.0
2024-08-07,822.5636596679688,55027.4609375,2336.58935546875,157.7238311767578,506.6654968261719,151.15280151367188,863.9107146010517,57726.8828125,2551.560791015625,161.73291139086032,519.2965314666948,158.57200276229753,820.8720408033984,54620.5078125,2312.168701171875,157.25742629410797,506.0696179320819,150.64584976201783,862.5436128259727,56040.6328125,2458.989013671875,160.0161531809976,516.2486294067602,157.49959109421292,1521600.0,41637562185,24264218606,25138600.0,70698300.0,22379000.0
2024-08-08,862.1994018554688,61710.13671875,2683.352783203125,160.79017639160156,518.3782348632812,160.4243927001953,864.146744498826,62673.765625,2721.95458984375,162.43747802495426,519.0033889369354,160.6193753095457,835.2608818200879,54766.7265625,2322.529541015625,158.98411055542044,509.77197692780607,151.6402825934421,846.7778167826023,55030.02734375,2336.9150390625,159.28180289949356,511.79405372836936,155.27677445700365,1447700.0,45298472567,23468291180,25578800.0,63276600.0,18889600.0
2024-08-09,846.3648681640625,60880.11328125,2599.5986328125,162.4176483154297,520.6640625,162.92991638183594,851.0365701927731,61751.86328125,2706.451171875,162.53672526881738,522.1489300560904,163.5928749694115,834.5528287983983,59587.859375,2555.2294921875,157.84292193770273,516.3365178449808,159.1472069306943,841.1325546884186,61728.20703125,2683.719970703125,158.78564981676743,517.5576103421191,162.14998610405266,950500.0,33425553115,17907141655,28602300.0,45619600.0,20519400.0
2024-08-10,,60945.8125,2610.02294921875,,,,,61464.51171875,2642.92578125,,,,,60287.56640625,2580.661865234375,,,,,60881.23046875,2599.582275390625,,,,,15745822278,9361014219,,,
2024-08-11,,58719.484375,2553.252197265625,,,,,61778.66015625,2718.797607421875,,,,,58348.82421875,2544.1748046875,,,,,60944.890625,2609.9697265625,,,,,22759754812,13595441987,,,
2024-08-12,838.8016357421875,59354.515625,2724.431884765625,161.04820251464844,520.9376831054688,163.42715454101562,852.6790353112506,60680.33203125,2749.135009765625,163.638232240746,523.3407552909962,165.2795114407533,838.7623167035345,57688.8984375,2513.39404296875,160.60164879815585,518.6713279832952,161.3895440998427,847.5451094154276,58719.39453125,2553.49658203125,163.09245277727376,521.8559471668351,161.83801744069618,1151200.0,37078637820,21653090666,15895300.0,42542100.0,14727300.0
2024-08-13,855.157470703125,60609.56640625,2703.671875,162.90391540527344,529.5048217773438,168.01907348632812,858.2850449409176,61572.3984375,2737.990478515625,163.46954611395418,529.7393216479126,168.1263161521453,842.2045794667156,58506.25390625,2613.80126953125,161.72301839794923,523.878076980635,162.16950598986924,846.6107127281496,59356.20703125,2724.303466796875,162.15965411245918,524.1222955084382,163.78788990084885,1526600.0,30327698167,16383053029,18551700.0,52333100.0,15243500.0
2024-08-14,865.0811767578125,58737.26953125,2662.914794921875,159.14291381835938,531.17529296875,165.70848083496094,875.7129842421135,61687.7578125,2775.281005859375,161.9711129174624,532.3573320967027,168.184790923525,856.1115140156948,58472.875,2636.705322265625,156.50327848683673,527.6292352085552,162.99818271687033,872.9591509491937,60611.05078125,2703.5869140625,161.1573799318549,530.2960824274743,167.5705965198716,887700.0,29961696180,15825365408,40591100.0,42446900.0,11510300.0
2024-08-15,912.9489135742188,57560.09765625,2570.087646484375,160.0657958984375,540.2797241210938,169.59844970703125,915.466712647605,59838.6484375,2675.314453125,160.40319071181239,540.5629961238054,171.04133871183862,881.5255589465945,56161.59375,2518.670654296875,158.388724722145,536.1866195717042,166.53717695460298,885.5481666214554,58733.26171875,2662.885498046875,159.27191417011724,536.7922766972661,168.10679645987898,1459000.0,35682112440,16345801912,31524300.0,60846800.0,15393500.0
2024-08-16,903.5170288085938,58894.10546875,2593.1865234375,161.7130889892578,541.4910888671875,170.1638946533203,907.2544386521539,59847.359375,2629.383544921875,163.79701137732062,542.1846909540823,170.61236799472803,897.9798874436751,57110.01953125,2553.071533203125,159.8970897454957,538.5116347380534,167.93131649766804,901.0582381373406,57560.2734375,2570.085205078125,160.23448454041534,538.6679083622046,169.04273361412783,804200.0,29350938673,13275561555,24208600.0,44430700.0,10710000.0
2024-08-17,,59478.97265625,2614.546875,,,,,59694.66796875,2626.6728515625,,,,,58814.83203125,2588.78515625,,,,,58893.53125,2593.1669921875,,,,,13589684021,6676568717,,,
2024-08-18,,58483.96484375,2613.357177734375,,,,,60262.71875,2684.031005859375,,,,,58445.40234375,2596.735107421875,,,,,59468.1328125,2614.109619140625,,,,,17740625837,9207267415,,,
2024-08-19,917.7681274414062,59493.453125,2637.306396484375,165.3946990966797,546.6683959960938,171.0510711669922,918.3188940890791,59612.66015625,2648.284423828125,165.4145503036196,546.6683959960938,171.0510711669922,894.4587824759562,57864.7109375,2566.401123046875,163.0031359185699,541.0513709978661,166.81014437018757,902.022024137018,58480.7109375,2612.718505859375,164.01533548402497,541.9012465320536,170.37836863770576,1024600.0,25911207712,11968963282,22416200.0,39121800.0,11511000.0
2024-08-20,910.9129638671875,59012.79296875,2573.10693359375,165.90078735351562,545.779541015625,167.72657775878906,920.9448404186829,61396.328125,2695.913818359375,167.34962258490438,547.8700657821756,171.0023358710578,902.228499614111,58610.8828125,2556.74755859375,165.54355648931903,544.4412283435015,165.59149830162426,920.5514099542867,59493.453125,2637.306396484375,165.62293103111787,546.2191462607274,171.0023358710578,921300.0,31613400008,13249483464,18341500.0,33732300.0,13555500.0
2024-08-21,928.0557250976562,61175.19140625,2631.3955078125,164.58096313476562,547.6551513671875,167.1416473388672,929.4719908543224,61834.3515625,2662.953369140625,165.57331138365288,549.1106842316043,168.7405285551356,916.3125390404437,58823.4453125,2538.65771484375,163.40998432722168,541.9013486274712,165.65000879035784,918.3287352837847,59014.98828125,2573.10888671875,163.88630724691845,546.8248322343893,166.0887233852924,646500.0,32731154072,12766015263,22902000.0,41514600.0,9434800.0
2024-08-22,892.7474975585938,60381.9140625,2622.951416015625,162.54666137695312,543.35693359375,162.26698303222656,928.4294335217622,61408.109375,2644.82373046875,166.3076549289941,550.1559994238155,168.93548551612747,889.6789318648814,59815.25390625,2587.110595703125,162.06040523845343,542.1456191373768,161.8965057132707,927.4557621036314,61168.31640625,2630.8642578125,165.9801781592332,549.5503421956289,167.6875791405279,1092600.0,27625734377,10723280428,22493300.0,56121500.0,13546100.0
2024-08-23,892.3048706054688,64094.35546875,2764.447021484375,164.35272216796875,549.1301879882812,166.98562622070312,906.9297509331861,64947.0625,2799.329833984375,164.9084347985432,550.0680084955276,168.94522567082143,888.2429441093258,60372.05078125,2622.5810546875,162.57642535652303,544.4020915801096,163.7098683387541,897.8617008277586,60380.953125,2622.916015625,163.4596147462646,546.5903394303513,164.76279210897525,1395900.0,42530509233,16857181970,13955700.0,50639400.0,12189100.0
2024-08-24,,64178.9921875,2769.3896484375,,,,,64513.7890625,2820.0205078125,,,,,63619.91796875,2737.776611328125,,,,,64103.87109375,2765.4814453125,,,,,21430585163,11765811307,,,
2024-08-25,,64333.54296875,2749.15771484375,,,,,64996.421875,2793.012939453125,,,,,63833.51953125,2736.0888671875,,,,,64176.3671875,2769.09814453125,,,,,18827683555,9375535539,,,
2024-08-26,868.7496948242188,62880.66015625,2681.340576171875,164.8885955810547,547.8212280273438,164.83106994628906,889.7281122412229,64489.70703125,2763.004150390625,166.26795909914733,550.8690705771505,166.76142305518488,867.9038852966597,62849.55859375,2668.88671875,163.20160651563705,546.1214765619129,163.61241005093726,888.6462084005418,64342.2265625,2749.24755859375,165.106913416324,550.1559715338451,166.10822313642265,1251500.0,27682040631,12282035835,14190400.0,35788600.0,9611300.0
2024-08-27,875.21142578125,59504.1328125,2458.7265625,163.41990661621094,548.5733642578125,166.27391052246094,880.9945060042569,63210.796875,2700.15283203125,165.16644927065664,549.0618012606642,166.30315716130784,860.0652518583146,58116.75,2401.175048828125,163.20160392643822,545.4083020191189,160.9020497522833,865.4942806462149,62879.70703125,2681.622802734375,164.5710342489987,546.5512279111676,162.24745464410077,661600.0,39103882198,18028996056,11821900.0,32693900.0,9186000.0
2024-08-28,873.490234375,59027.625,2528.41552734375,161.60394287109375,545.3887329101562,164.95779418945312,882.6664571911695,60236.44921875,2553.820068359375,164.33290096897073,548.661296528156,168.1458125198568,865.9073029765494,57890.67578125,2422.293701171875,160.29403571593602,542.2041141850556,162.0330105517812,876.0178781744835,59507.92578125,2458.90478515625,163.77717314609376,548.2314695905903,167.02465140923678,727300.0,40289564698,20359545410,16407400.0,41066000.0,10581400.0
2024-08-29,873.0772094726562,59388.1796875,2528.792724609375,160.5421142578125,545.4376220703125,164.90904235839844,899.455121823618,61184.08203125,2595.97705078125,164.70005625165825,550.644377643334,171.0218442352189,868.4349816767782,58786.2265625,2507.50244140625,159.02382249929119,544.2946960843145,163.3101612553888,891.1247081849724,59027.46875,2528.3623046875,163.05275436266322,547.352316743397,164.42157842606358,1173800.0,32224990582,13946434277,19699800.0,38715200.0,13213200.0
2024-08-30,888.9707641601562,59119.4765625,2525.822021484375,162.12986755371094,550.6444091796875,167.39511108398438,891.9803212675791,59896.88671875,2539.915283203125,162.4077238619854,551.1524028130747,167.91182166122172,874.2868748070484,57768.53125,2432.83447265625,160.45279653031872,544.2556737558524,164.51907686368517,885.213725151833,59388.6015625,2528.732177734375,161.37567316665184,547.8017316610252,165.79622998388382,991200.0,32292756405,15526218255,22123800.0,62700100.0,9481400.0
2024-08-31,,58969.8984375,2513.393798828125,,,,,59432.59375,2532.389892578125,,,,,58768.78515625,2493.70556640625,,,,,59117.48046875,2525.859130859375,,,,,12403470760,6646876013,,,
2024-09-01,,57325.48828125,2427.90234375,,,,,59062.0703125,2515.46728515625,,,,,57217.82421875,2401.88916015625,,,,,58969.80078125,2513.42431640625,,,,,24592449997,11800443265,,,
2024-09-02,,59112.48046875,2538.187255859375,,,,,59403.0703125,2563.0859375,,,,,57136.02734375,2426.095947265625,,,,,57326.96875,2427.973388671875,,,,,27036454524,12520444224,,,
2024-09-03,831.4548950195312,57431.0234375,2420.603759765625,156.1559295654297,539.3126831054688,156.46617126464844,878.0145250474832,59815.05859375,2552.802734375,160.61157889702227,547.8407751289367,164.45081761837568,827.7765535040007,57425.16796875,2419.875244140625,155.28265821334085,536.8021094517958,155.79346868832076,877.886663120659,59106.19140625,2538.16064453125,160.48256877218185,547.5086116923438,163.7878738410323,1870800.0,26666961053,11406800197,38945300.0,60600100.0,18464400.0
2024-09-04,798.1036987304688,57971.5390625,2448.97705078125,155.2528839111328,538.208740234375,156.8366241455078,809.1584111025066,58511.5703125,2488.91650390625,157.78337502963737,541.608242662233,159.77116622678122,786.0556254017827,55673.1640625,2313.26513671875,154.76664294942685,536.7532075195429,154.96476462960752,791.7305330279419,57430.34765625,2420.1923828125,155.4612837104589,537.4760847370844,155.30599529643092,2350900.0,35627680312,16709600747,19353800.0,47224900.0,11317400.0
2024-09-05,782.4854736328125,56160.48828125,2367.737548828125,156.036865234375,536.8997802734375,159.59568786621094,794.7302624682803,58300.58203125,2465.38525390625,158.22994668183233,540.9928852935313,160.4633730674291,777.4695649672308,55712.453125,2348.86328125,154.78649658056972,534.4478166491117,157.0121349851171,782.574016504611,57971.703125,2448.98681640625,155.1040553313884,538.1502077884983,157.48984011621448,1672000.0,31030280656,13632325040,18688700.0,44264300.0,10260600.0
2024-09-06,740.3811645507812,53948.75390625,2223.87646484375,149.76519775390625,527.8635864257812,152.88818359375,779.8693653771559,56976.109375,2406.511962890625,156.62232787245784,538.8436399407501,161.26280976285767,738.4928301887005,52598.69921875,2150.86328125,149.39803374273566,526.964879098129,152.09847958563017,779.7316586973512,56160.19140625,2367.700927734375,156.09638450541732,537.2220554393132,160.7558431453063,3286800.0,49361693566,25825618367,37912100.0,68493800.0,14964400.0
2024-09-07,,54139.6875,2274.107177734375,,,,,54838.14453125,2310.19482421875,,,,,53740.0703125,2222.100830078125,,,,,53949.0859375,2223.92919921875,,,,,19061486526,11124608320,,,
2024-09-08,,54841.56640625,2297.29296875,,,,,55300.859375,2332.359375,,,,,53653.7578125,2243.911376953125,,,,,54147.93359375,2274.437744140625,,,,,18268287531,10718443487,,,
2024-09-09,737.4601440429688,57019.53515625,2358.482177734375,147.76795959472656,533.773681640625,158.69873046875,751.6818102864098,58041.125,2379.78662109375,152.4282366790671,535.043665505135,159.01071447461717,725.9825264896383,54598.43359375,2274.115478515625,146.28739297802653,530.1299607989381,156.23216456770047,751.4850950353272,54851.88671875,2297.896240234375,151.54387525137955,532.0544335310877,156.72937234130805,2539900.0,34618096173,15887712451,39260500.0,40445800.0,10339000.0
2024-09-10,738.994384765625,57648.7109375,2389.5810546875,147.71826171875,536.0986328125,158.3575439453125,739.6041599888226,58029.9765625,2398.50390625,150.31172831197244,536.4503527479894,158.8060173596515,722.1467479678099,56419.4140625,2323.07177734375,147.40028159964342,530.8137709847371,153.73639486148133,737.5485847803213,57020.09765625,2358.497802734375,149.4969156283568,535.678584169421,158.8060173596515,1524000.0,28857630507,12795818970,31118800.0,36394600.0,11910800.0
2024-09-11,786.9506225585938,57343.171875,2339.841552734375,150.20242309570312,541.5985717773438,165.96192932128906,788.386517711496,57991.3203125,2389.71826171875,150.54026559740743,542.5168359009789,166.1081773941897,746.2231853834938,55567.33984375,2279.0537109375,146.5854826673726,527.4730091477311,157.37281912428088,757.3369658437083,57650.2890625,2389.603759765625,148.97027288921362,536.0108800293665,159.69315168645664,2559100.0,37049062672,15355180967,29607700.0,75248600.0,15059500.0
2024-09-12,786.9801635742188,58127.01171875,2361.78173828125,153.71006774902344,546.1605834960938,167.74874877929688,795.3597410484609,58534.359375,2390.186767578125,153.83924907315188,546.4634120914028,168.4532888776036,780.6364718960031,57330.1015625,2316.15771484375,151.682982309114,539.9573969973035,165.37093714585598,788.1800845878344,57343.171875,2339.8408203125,152.82570635319718,542.1749203516514,166.93658512678775,1318700.0,33835707949,12162634681,29621500.0,51819600.0,13399900.0
2024-09-13,802.9032592773438,60571.30078125,2441.607177734375,156.46250915527344,549.0130004882812,168.79576110839844,805.1260154625793,60648.0234375,2462.802978515625,157.37667920350046,550.0094311099382,171.01701965268458,790.6191517176093,57650.11328125,2338.14404296875,154.2267627397466,546.5122052774053,167.76830566325293,790.8650307641342,58130.32421875,2361.740966796875,154.44535510677574,546.7662020730168,168.54134968425134,1069200.0,32490528356,13759640866,29591200.0,39310500.0,8787800.0
2024-09-14,,60005.12109375,2418.595703125,,,,,60656.72265625,2442.632080078125,,,,,59517.8828125,2386.979736328125,,,,,60569.1171875,2441.580810546875,,,,,16428405496,8170291680,,,
2024-09-15,,59182.8359375,2320.897216796875,,,,,60381.91796875,2430.38330078125,,,,,58696.30859375,2286.628173828125,,,,,60000.7265625,2418.26611328125,,,,,18120960867,10155470375,,,
2024-09-16,789.8028564453125,58192.5078125,2295.28369140625,157.0587158203125,549.8238525390625,165.44921875,795.8908243465315,59205.51171875,2334.789794921875,157.2475146303272,550.0875680057417,166.89743340710265,779.0825654917327,57501.33984375,2253.715087890625,155.60797314926953,546.9518402590558,163.18882552049422,795.6253157826113,59185.2265625,2320.89453125,156.31346693580858,548.7492552395013,166.26139732240316,1150100.0,32032822113,16819033263,18379800.0,36656100.0,12194300.0
2024-09-17,792.4091796875,60308.5390625,2341.707763671875,158.31076049804688,550.0485229492188,163.75636291503906,798.3889750679192,61316.08984375,2392.149169921875,159.53296455330903,553.4773606816602,166.5843029904208,783.4099823310761,57628.0703125,2263.79296875,157.3767127041235,547.8212213158272,162.7876166173773,795.3695730919145,58192.5078125,2295.284423828125,158.01265788009465,552.0315464267048,165.71341528363888,734600.0,38075570118,15356783863,20715600.0,49321000.0,8629100.0
2024-09-18,774.8533935546875,61649.6796875,2369.72900390625,158.797607421875,548.4171142578125,163.68788146972656,797.5430584128603,61664.06640625,2369.72900390625,159.4832387245749,555.5385046014119,167.91512233531287,773.4075935924964,59218.25390625,2278.66455078125,157.59528121573842,547.8602888957543,163.41389529486005,786.9014664470112,60309.0,2341.73291015625,158.84729370623916,550.702966140304,164.8425502904869,1249000.0,40990702891,18159056422,23677300.0,59044900.0,9116000.0
2024-09-19,814.5086669921875,62940.45703125,2464.752197265625,161.1128692626953,557.7755737304688,172.43588256835938,825.8093174059989,63872.44140625,2492.20458984375,162.7524107202581,559.6316584337985,173.96238100189245,808.6665789568174,61609.8671875,2369.374755859375,160.31793409819053,554.9426745171918,168.92297720771285,818.9443342079946,61651.15625,2369.374755859375,162.67293084972206,557.8049085738365,170.63539800219854,1644300.0,42710252573,18437147349,26587700.0,75315500.0,15855000.0
2024-09-20,782.1707763671875,63192.9765625,2561.072021484375,162.55368041992188,556.8113403320312,170.3418426513672,796.8349761967528,64119.53125,2571.99267578125,162.69279293629415,557.8500005367814,172.24018586794188,776.6433602093941,62364.60546875,2439.3779296875,161.03337393309369,553.7933228326182,169.92106862127207,796.2153562010889,62941.42578125,2464.7822265625,162.46425419413836,556.4096197933483,171.11487177950718,2748600.0,35177164222,19112788620,40896400.0,77503100.0,18429800.0
2024-09-21,,63394.83984375,2615.857177734375,,,,,63543.359375,2621.62255859375,,,,,62783.10546875,2530.837890625,,,,,63184.33984375,2560.879638671875,,,,,14408616220,10797825021,,,
2024-09-22,,63648.7109375,2582.862548828125,,,,,63993.421875,2632.039306640625,,,,,62440.7265625,2528.522216796875,,,,,63396.8046875,2615.84814453125,,,,,20183348802,13180663011,,,
2024-09-23,790.2553100585938,63329.80078125,2648.54638671875,160.82470703125,558.2027587890625,171.00723266601562,794.2975474554019,64733.55859375,2701.677734375,164.4416474906759,558.8495067502496,171.63348883431414,784.8558154289924,62628.078125,2541.910400390625,160.64583942390462,556.6643550711399,169.9699972870642,794.2975474554019,63643.1015625,2582.77490234375,163.3088698512438,557.8794446150124,171.08551655344354,965600.0,31400285425,19912841456,24150900.0,44116900.0,5794200.0
2024-09-24,800.5822143554688,64301.96875,2654.35498046875,161.2619171142578,559.7999267578125,178.06240844726562,803.0410049400986,64695.21484375,2671.27587890625,162.18603362584003,559.8587165873663,178.8550122564214,787.7965033153937,62737.41796875,2593.152099609375,159.67206190654358,556.1743944512203,173.24806147995426,796.2055551090143,63326.83984375,2648.482177734375,161.99723481368196,558.9964258828836,175.64544761154713,881200.0,29938335243,16658812503,23332100.0,46805700.0,14576100.0
2024-09-25,804.6932373046875,63143.14453125,2579.388671875,160.4669952392578,558.5652465820312,178.43426513671875,813.5744169630833,64804.50390625,2672.4619140625,161.77862539142924,560.3780425284191,179.87269989836796,800.5821469965709,62945.375,2557.724365234375,160.27819642927898,557.4579883539482,177.3187458247383,802.8933859400346,64302.58984375,2654.361572265625,160.44711769027916,559.6431398003925,177.62208656896865,878200.0,25078377700,14119729962,18869200.0,38428600.0,8280900.0
2024-09-26,838.3885498046875,65181.01953125,2632.199951171875,161.69912719726562,560.77978515625,182.8180694580078,847.7909622516993,65790.796875,2665.99267578125,163.0405812277503,563.1413061737785,185.2643851951254,825.8585630530889,62669.26953125,2559.954345703125,161.2519809078131,558.4281322177342,179.85313597911139,846.1485070099994,63138.546875,2579.217529296875,162.6033661315293,562.817932214862,184.45220657866722,1566400.0,36873129847,17336033595,20319300.0,48336000.0,15103400.0
2024-09-27,827.668212890625,65790.6640625,2695.900634765625,162.91139221191406,559.9664916992188,174.1483154296875,840.0703979678315,66480.6953125,2728.067626953125,164.65030615932238,562.6611352170194,181.94717072573692,824.3833023530486,64852.9921875,2616.950927734375,161.59976214731748,558.9376397719122,173.59054830818158,838.3984083986799,65180.6640625,2632.241943359375,161.7786145898017,561.8478858705382,181.84931212967874,1038400.0,32058813449,17023020294,21101300.0,42100900.0,17908400.0
2024-09-28,,65887.6484375,2677.5390625,,,,,66255.53125,2704.9287109375,,,,,65458.03515625,2652.25048828125,,,,,65792.1796875,2695.81591796875,,,,,15243637984,10252590559,,,
2024-09-29,,65635.3046875,2659.346923828125,,,,,66069.34375,2683.44580078125,,,,,65450.015625,2635.5849609375,,,,,65888.8984375,2677.628662109375,,,,,14788214575,11126215671,,,
2024-09-30,819.5148315429688,63329.5,2603.062744140625,164.7993621826172,562.21044921875,169.94064331054688,828.2779340219281,65635.0546875,2662.489013671875,165.09744958161895,562.8179640810873,173.02300979828374,806.1881997235099,62873.6171875,2576.97607421875,162.22575806160205,556.6447925339722,168.2380023478601,822.7604228303958,65634.65625,2659.292724609375,162.2853907035285,558.9376557740085,170.52776500281814,994700.0,37112957475,17826446789,20413900.0,63557400.0,13540200.0
2024-10-01,808.79443359375,60837.0078125,2448.921142578125,165.93212890625,557.173828125,168.37503051757812,827.4026012603383,64110.98046875,2657.615478515625,168.08838020304094,562.5043247858904,172.21085188812862,798.516738463867,60189.27734375,2415.07861328125,163.53739254376728,554.6065728022052,167.11272320733377,825.838784262531,63335.60546875,2603.26416015625,166.62769139519463,561.8576367225866,171.5454462284442,1244100.0,50220923500,25482371785,28338100.0,72668800.0,11850200.0
2024-10-02,818.4723510742188,60632.78515625,2365.231689453125,164.80929565429688,557.4091186523438,172.02490234375,825.4356625970318,62357.6875,2498.121337890625,166.4587833748385,558.4282222492225,173.1697761620737,803.0409794536708,59996.94921875,2354.539306640625,163.68644922877587,553.8914170466389,167.12247671398973,807.2700871191998,60836.32421875,2448.877197265625,165.36574568962988,556.2823034605133,169.24589162588097,898400.0,40762722398,20148256472,17760200.0,38097800.0,11164400.0
2024-10-03,818.6885986328125,60759.40234375,2349.791259765625,164.80929565429688,556.3899536132812,175.62588500976562,823.7045666882244,61469.0390625,2402.862548828125,165.5843532266716,558.3300776437013,176.90775199252352,810.2106947748699,59878.8046875,2311.02783203125,162.88158291608877,554.1068390984451,171.35951001498051,812.2957440746063,60632.484375,2365.213623046875,163.3684842780683,555.9391917508498,172.02491562098393,651900.0,36106447279,18051447791,15073100.0,40846500.0,12555000.0
2024-10-04,819.26904296875,62067.4765625,2414.7939453125,166.00167846679688,561.4461059570312,177.26979064941406,825.5045624576768,62465.9921875,2440.242431640625,167.16426473931182,561.8184614824812,177.3382797117624,812.345110122432,60459.94140625,2339.870849609375,164.43168589066445,556.6643337627131,173.73731085528206,822.2687555500368,60754.625,2349.73291015625,166.99534350266865,560.8287828388663,175.84113598347187,862500.0,29585472513,14879264082,19047400.0,42939100.0,9993800.0
2024-10-05,,62089.94921875,2415.6318359375,,,,,62371.0234375,2427.517578125,,,,,61689.58203125,2390.844482421875,,,,,62067.609375,2414.84716796875,,,,,13305410749,8152969183,,,
2024-10-06,,62818.953125,2439.957763671875,,,,,62959.5703125,2456.630615234375,,,,,61833.1484375,2407.099365234375,,,,,62084.98828125,2415.53173828125,,,,,14776233667,8458690205,,,
2024-10-07,803.7786254882812,62236.66015625,2421.796630859375,161.94754028320312,556.3704223632812,180.54786682128906,809.4338437159444,64443.70703125,2520.40625,167.4126985535878,560.4467168743025,181.02735004255277,797.6414939206505,62152.55078125,2405.13427734375,161.71900154638254,555.22399069742,177.04474117467655,798.3397520136382,62819.109375,2439.94482421875,166.65751850550026,559.7999688939893,177.70036687908564,898200.0,34253562610,17414044416,22463100.0,49964700.0,12054200.0
2024-10-08,810.6730346679688,62131.96875,2439.8408203125,163.3386688232422,561.6322631835938,182.0548095703125,817.1347430029754,63174.3046875,2464.12744140625,163.68644249996592,562.230029540932,182.53427787102325,806.5520995817126,61843.5625,2400.5107421875,161.83822486594266,558.0655806170524,178.1211299127469,808.9420366323487,62221.64453125,2421.98095703125,162.90145376713176,558.9376197622599,180.9882195543381,1265900.0,28134475157,14067361080,23072700.0,37398700.0,10394200.0
2024-10-09,831.9564208984375,60582.1015625,2368.283447265625,160.8346405029297,565.5223999023438,183.1213836669922,832.1727656597479,62508.8359375,2470.9130859375,163.7957583809211,566.0809331902332,183.96291675577956,812.7483196986243,60314.61328125,2350.946533203125,158.72807525360884,561.0247685875196,178.34617126260585,816.1513075382275,62131.7265625,2439.840087890625,162.41456443992033,561.6224751598685,183.76721451141313,1004900.0,27670982363,14954047093,31181800.0,37912200.0,11925000.0
2024-10-10,820.2229614257812,60274.5,2383.85791015625,161.05325317382812,564.53271484375,181.7906036376953,821.855631904052,61236.72265625,2417.2880859375,162.03698715416354,565.9535388259317,183.0626907356754,807.958543451131,58895.20703125,2329.78466796875,159.38388779769477,562.9257131010544,180.44023264879525,811.4008500878674,60581.9296875,2368.273193359375,159.8509116423071,564.1799758679994,181.8688875286153,876300.0,30452813570,15327769940,14144100.0,44138100.0,6443800.0
2024-10-11,826.832275390625,62445.08984375,2436.513427734375,162.20590209960938,567.9132690429688,186.71258544921875,831.0712280104386,63400.87109375,2470.395751953125,162.86170956550862,568.6481717987969,187.3779910422911,814.7546670737515,60046.125,2380.504638671875,160.21857182956228,564.3171018304082,183.9727090499286,816.2397862101134,60275.4609375,2383.940185546875,161.10293319324816,564.4542980317323,184.1292768284309,964700.0,30327141594,13489061564,15344300.0,42268000.0,12163900.0
2024-10-12,,63193.0234375,2476.523193359375,,,,,63448.78515625,2488.23779296875,,,,,62443.26953125,2434.202880859375,,,,,62444.6171875,2436.515625,,,,,16744110886,9372169184,,,
2024-10-13,,62851.375,2467.677001953125,,,,,63272.65234375,2484.12939453125,,,,,62035.63671875,2436.9697265625,,,,,63192.9453125,2476.520263671875,,,,,18177529690,9189490605,,,
2024-10-14,857.8916625976562,66046.125,2628.89990234375,163.91500854492188,572.5578002929688,188.08253479003906,858.8554892279708,66482.4921875,2652.8818359375,165.17695235890986,573.4886890058166,190.0787217460163,838.1229517064916,62442.15234375,2443.552978515625,162.36487818674945,569.0400397275337,186.40924835323608,838.4672183809344,62848.3984375,2467.6474609375,162.60336327926677,569.5201665882303,186.5168868366693,1769200.0,43706958056,21434687898,19016100.0,36217200.0,11714400.0
2024-10-15,718.3897094726562,67041.109375,2606.02197265625,164.41184997558594,568.1093139648438,183.1116180419922,859.2489266773332,67881.6796875,2685.166748046875,166.61777276120088,573.1262458468478,189.4622437133662,705.6728525870147,64809.1953125,2537.94091796875,163.5871060435806,566.8942243784207,180.29345772403096,852.924864873173,66050.3671875,2629.017578125,164.73974614754195,572.8224884018784,188.81642774977118,9350700.0,48863870879,22003780898,20247200.0,54203600.0,21812700.0
2024-10-16,672.2529907226562,67612.71875,2611.10205078125,164.1137237548828,570.5784912109375,183.45408630371094,705.6531613873213,68375.2890625,2644.854248046875,164.74966878217245,571.0978512020905,185.9297563750925,666.1060146693462,66758.7265625,2589.60693359375,162.70272119940034,567.305757742965,182.65170259041966,699.2504615255435,67042.4609375,2606.01953125,163.48770991975573,568.1092586044506,185.7046995316373,10296200.0,38195189534,17012396419,16406000.0,30725400.0,18689200.0
2024-10-17,689.0514526367188,67399.8359375,2604.2734375,161.89785766601562,570.6275024414062,201.41981506347656,692.2774147127416,67912.2109375,2646.8740234375,165.3160682513299,574.3216329805343,208.03466125976385,665.9585105675402,66647.390625,2577.305908203125,161.7289364078274,570.4413246734956,197.6329237174385,681.2227017973703,67617.078125,2611.192138671875,164.68012315374543,574.1158386665669,198.98329455511822,7209100.0,32790898511,15150712321,21453400.0,34393700.0,62274700.0
2024-10-18,711.3379516601562,68418.7890625,2641.55224609375,162.38475036621094,572.8223876953125,196.46849060058594,714.485215573413,68969.75,2674.371826171875,163.66658684818702,573.6062719503354,201.52746929784655,701.4240913435706,67177.8203125,2595.958984375,162.0469078679096,570.8528388827377,196.44891589573555,705.8400695715517,67419.109375,2604.814453125,162.1562116364337,572.3128360166068,201.52746929784655,4537800.0,36857165014,17043738652,19757700.0,37416800.0,21030800.0
2024-10-19,,68362.734375,2648.656982421875,,,,,68668.0078125,2661.872802734375,,,,,68024.640625,2631.656982421875,,,,,68418.9765625,2641.48828125,,,,,14443497908,8557834553,,,
2024-10-20,,69001.703125,2746.364013671875,,,,,69359.0078125,2756.436767578125,,,,,68105.71875,2635.94580078125,,,,,68364.1796875,2648.665771484375,,,,,18975847518,14559296242,,,
2024-10-21,702.3289184570312,67367.8515625,2665.712158203125,163.03065490722656,571.8818359375,197.6133575439453,712.9017179690577,69462.734375,2765.549560546875,163.45792366085925,573.0772492638474,199.07136691612934,697.1064496573697,66829.8515625,2655.29443359375,161.58982825285435,568.9127995570122,195.37253917868543,712.0657531820591,69002.0,2746.3056640625,161.9177395848208,572.0973787445921,196.4978383045753,2184800.0,37498611780,17328615363,20946500.0,36439000.0,14820000.0
2024-10-22,709.0266723632812,67361.40625,2620.197509765625,164.09385681152344,571.5779418945312,194.21788024902344,712.1739363646053,67801.578125,2669.7900390625,164.71987068710104,572.7341816541917,195.87159195222281,705.8106150501352,66581.3671875,2605.61865234375,161.9475365199372,568.6971208640092,192.87730410362224,711.0822477356389,67360.703125,2665.65673828125,161.9475365199372,569.3536172092114,194.7952220673232,2067000.0,31808472566,15541911074,16568100.0,34183800.0,11165100.0
2024-10-23,696.939208984375,66432.1953125,2509.098876953125,161.74880981445312,566.355224609375,196.54678344726562,704.5024505744112,67402.7421875,2624.450439453125,164.76956032222017,570.0003732214365,198.76804221858893,688.5596321822009,65188.03515625,2457.169921875,160.90418838301372,562.8570804647936,192.01620212546595,702.2796944721209,67362.375,2620.088623046875,163.71626254064074,569.5594196255329,192.45653595235694,1681400.0,32263980353,17876984551,18280500.0,49314600.0,16535700.0
2024-10-24,699.0930786132812,68161.0546875,2534.49853515625,161.68919372558594,567.580078125,193.67967224121094,708.1315939989581,68798.9609375,2559.1513671875,162.29533007096418,568.3835789691921,196.19449159467572,694.8049628121506,66454.1015625,2506.722900390625,159.9900196550578,564.9638411001258,193.17084939745948,708.1217492332809,66653.703125,2523.60693359375,161.79849749810091,568.3051725972728,194.68756790474038,1854700.0,31414428647,16128627601,22412500.0,34979900.0,9935800.0
2024-10-25,699.9684448242188,66642.4140625,2435.93408203125,164.22303771972656,567.3840942382812,199.07139587402344,711.3280441701736,68722.15625,2563.734130859375,164.54100267206263,572.6950344865168,200.7935968128843,699.5061610259615,65521.79296875,2381.45068359375,162.38475119304076,566.443456997856,195.70526296209513,704.1877074301275,68165.296875,2534.454833984375,162.63316747166715,569.8044050522926,195.94989454079777,1380100.0,41469984306,22560233078,19828900.0,47268200.0,13434900.0
2024-10-26,,67014.6953125,2479.603271484375,,,,,67317.921875,2503.23046875,,,,,66360.59375,2427.46142578125,,,,,66628.734375,2436.050048828125,,,,,19588098156,13597102184,,,
2024-10-27,,67929.296875,2505.940673828125,,,,,68221.3125,2523.17138671875,,,,,66847.2265625,2462.27197265625,,,,,67023.4765625,2479.93701171875,,,,,16721307878,9801434566,,,
2024-10-28,696.96875,69907.7578125,2565.34814453125,165.6638641357422,569.1381225585938,190.4994659423828,699.7717470411752,70212.265625,2587.43017578125,167.68100328825437,570.9802836348513,195.45082086141838,692.3855310833569,67535.1328125,2470.268310546875,162.91140727340738,568.8343651367928,190.34291310420673,696.7130261940418,67922.671875,2505.590576171875,167.68100328825437,570.8528957024953,194.98111755351724,1182800.0,38799856657,18971841402,32138600.0,30174700.0,20135300.0
2024-10-29,704.9843139648438,72720.4921875,2637.95751953125,168.60508728027344,570.0592041015625,192.71096801757812,705.7729411341451,73577.2109375,2680.054443359375,169.30066498158368,571.1762108700161,194.52123267732892,693.6969033385047,69729.9140625,2560.15380859375,166.03149830422933,566.7864107519835,189.44269382507846,697.6893772699148,69910.046875,2565.41796875,166.66744336321563,568.1778099310847,190.21572301676508,1445500.0,58541874402,22185845095,42169000.0,42899700.0,13779100.0
2024-10-30,674.118896484375,72339.5390625,2657.37255859375,173.35482788085938,568.3345947265625,190.30377197265625,685.7414441625122,72905.296875,2720.271484375,180.86693395167478,571.5779630983764,191.2529435850235,672.9260581231691,71411.734375,2600.609619140625,172.95735272555387,567.6290569957021,188.4739327491415,683.7008331652713,72715.3671875,2637.64013671875,179.53541113405987,569.588797638648,190.20592831093148,3085200.0,40646637831,22382690746,68890800.0,41435800.0,10007800.0
2024-10-31,662.9991455078125,70215.1875,2515.79931640625,170.02601623535156,557.1934814453125,186.44837951660156,673.3007577144292,72662.3125,2667.5595703125,175.6998499725552,564.0427655154251,188.71856751549404,657.7448196729331,69590.5,2501.572265625,169.91671248048732,556.9974954170759,183.6302341542396,673.2810224793491,72335.046875,2657.213134765625,172.03322375098372,563.9741674152153,188.71856751549404,2398300.0,40627912076,19760409505,44769000.0,60182500.0,13062700.0
2024-11-01,665.148193359375,69482.46875,2511.885498046875,170.2048797607422,559.5452270507812,188.806640625,673.0641888450485,71559.015625,2583.777099609375,171.22836871150324,563.9644525610958,193.91454894387772,663.896269443483,68779.703125,2467.8193359375,167.81015851321018,559.1336981878939,188.41523608983445,668.9139530615872,70216.8984375,2515.870361328125,168.99262234877236,559.8196194970722,190.02979846129972,1801700.0,49989795365,20215438328,31796500.0,45667500.0,12691200.0
2024-11-02,,69289.2734375,2491.068603515625,,,,,69867.3515625,2522.360595703125,,,,,69033.71875,2471.95556640625,,,,,69486.0234375,2512.208251953125,,,,,18184612091,9639457439,,,
2024-11-03,,68741.1171875,2456.42529296875,,,,,69361.65625,2495.4365234375,,,,,67482.5234375,2411.3984375,,,,,69296.3828125,2491.094482421875,,,,,34868307655,15667779706,,,
2024-11-04,661.6288452148438,67811.5078125,2397.0263671875,168.1678924560547,558.3399047851562,187.4464874267578,668.7956233595745,69433.1796875,2488.350341796875,169.64844379948434,560.9757583388703,190.18636393294574,661.293707241624,66803.6484375,2359.578125,166.9456734265419,556.4585705161212,186.50711058134385,666.4494168734469,68742.1328125,2456.09521484375,168.8535086611848,559.6823223393656,189.54053301977004,1232500.0,41184819348,17110200696,21492700.0,38217000.0,10917300.0
2024-11-05,666.8535766601562,69359.5625,2422.650634765625,168.66473388671875,565.0912475585938,191.55628967285156,675.7849127040249,70522.7890625,2478.618896484375,169.4497227111904,565.1304208425688,194.08088914145617,663.9059872702178,67458.8671875,2380.601318359375,167.77042612333224,559.0356559214524,189.33504587810916,663.9454577358284,67811.171875,2397.036376953125,168.35668494331603,559.251198693126,189.42310965546008,1282000.0,46046889204,17894057485,18242100.0,39478300.0,10339200.0
2024-11-06,652.0370483398438,75639.078125,2724.169189453125,175.391845703125,579.142578125,189.07083129882812,663.4821606929697,76460.15625,2743.964111328125,175.81912963977683,580.0146771322202,190.0884919649707,645.47165324245,69322.03125,2421.81298828125,172.40091879507517,573.6063462638446,184.45218649553743,659.0559326538496,69358.5,2422.539306640625,172.6990213989044,577.3396500855225,187.9161626324431,3208600.0,118592653963,41887574364,33695500.0,68182000.0,19834900.0
2024-11-07,667.5929565429688,75904.859375,2895.58544921875,179.60498046875,583.62060546875,196.8697052001953,670.1856127034976,76943.1171875,2918.744384765625,179.93289179611503,584.639708979933,197.67208898780254,660.2980199401645,74480.421875,2701.5908203125,176.067534869967,581.063158030651,192.03578297480476,664.5369435689744,75637.0859375,2724.005859375,176.28614242154367,581.1415644099445,192.09449216278503,1758300.0,63467654989,35352318438,25352900.0,47233200.0,14865200.0
2024-11-08,659.962890625,76545.4765625,2962.296630859375,177.2201690673828,586.148681640625,196.8794708251953,661.7077742753893,77252.75,2983.744873046875,179.75400283427035,587.5695056932594,202.17330121442967,652.4905768132123,75648.7421875,2889.484375,176.9518752564666,584.1693242787533,195.7248170622274,660.4853930256891,75902.8359375,2895.597900390625,179.50558656989898,584.1693242787533,199.5117087238807,1726800.0,55176858003,32303261101,22006200.0,46444900.0,13112100.0
2024-11-09,,76778.8671875,3131.14453125,,,,,76932.765625,3156.3662109375,,,,,75773.7890625,2957.182373046875,,,,,76556.1875,2962.791015625,,,,,29009480361,29210133088,,,
2024-11-10,,80474.1875,3191.331298828125,,,,,81474.421875,3249.9140625,,,,,76565.4296875,3073.248779296875,,,,,76775.546875,3130.729248046875,,,,,82570594495,47418730187,,,
2024-11-11,661.7767333984375,88701.484375,3374.81298828125,179.20750427246094,586.707275390625,189.8830108642578,662.4470695074631,89604.5,3389.529296875,179.40623425717754,588.0888664930864,193.94388859546075,652.5398014546817,80283.25,3109.76953125,177.3394090594478,584.9826937261699,187.37798619749046,662.2302226053064,80471.4140625,3191.656982421875,177.44871282536081,587.7361274635068,193.7090518649043,1520100.0,117966845037,55417771668,17450400.0,37586800.0,16610000.0
2024-11-12,659.6770629882812,87955.8125,3246.25732421875,180.46946716308594,584.8847045898438,187.65196228027344,666.9325302369979,89956.8828125,3444.154052734375,181.33396618962504,587.2265495486535,189.83407139445373,653.4172625004803,85155.109375,3211.198486328125,178.25359803223796,582.4056036057904,185.64598070457117,663.0879496821138,88705.5625,3375.15478515625,178.6808819487348,586.6288429184635,189.66772374218317,1711000.0,133673285375,56686078066,25134900.0,43006100.0,11819000.0
2024-11-13,663.8468017578125,90584.1640625,3192.595947265625,177.746826171875,585.1688232421875,182.65171813964844,664.1129867110816,93434.3515625,3337.877197265625,179.8136514950511,587.1677373847895,188.34673329797957,647.4530216284095,86256.9296875,3121.666015625,177.4089684990119,582.9837313260188,182.49515035212275,655.1816512051324,87929.96875,3244.543212890625,179.31681892204128,585.3451927424278,188.30759881666114,2453700.0,123559027869,52010205682,23184000.0,47388600.0,13882200.0
2024-11-14,683.119384765625,87250.4296875,3058.94873046875,174.46771240234375,581.406005859375,184.45220947265625,701.888978484703,91765.21875,3240.270751953125,177.68719264307913,585.7762488320935,188.52288250655766,681.7096992341015,86682.8125,3032.971923828125,173.21569988978717,580.7201445096133,183.51281764516878,695.6587207813157,90574.8828125,3192.5205078125,177.15060502189382,585.2961219646461,184.35435086918565,3925300.0,87616705248,35743352141,31007500.0,38904100.0,11453900.0
2024-11-15,649.2767944335938,91066.0078125,3103.04052734375,171.39730834960938,573.9590454101562,182.01565551757812,670.22502299808,91868.7421875,3130.703857421875,173.03684979342893,578.3194803370213,184.74575201346795,648.182571993699,87124.8984375,3016.14404296875,170.135349355116,572.1070761341368,180.84142704812152,668.7265892774632,87284.1796875,3059.526123046875,172.62944344024277,577.8491019104924,184.13905560820072,3063200.0,78243109518,32701369872,32504600.0,75988800.0,9834800.0
2024-11-16,,90558.4765625,3133.27392578125,,,,,91763.9453125,3218.089599609375,,,,,90094.2265625,3073.286376953125,,,,,91064.3671875,3089.739990234375,,,,,44333192814,26650658846,,,
2024-11-17,,89845.8515625,3075.66162109375,,,,,91433.0390625,3160.152587890625,,,,,88741.6640625,3039.246826171875,,,,,90558.4609375,3133.306640625,,,,,46350159305,28348163224,,,
2024-11-18,655.7830200195312,90542.640625,3207.8564453125,174.1894989013672,576.310791015625,183.45408630371094,659.3614750420469,92596.7890625,3225.130615234375,174.32861141194803,577.6237838402152,183.9629241042888,638.7977232674026,89393.59375,3052.4912109375,171.80469351153303,573.5573576252949,179.54977635337485,641.8241332814847,89843.71875,3075.722900390625,172.32140362031606,574.4195885423085,180.39130947577777,2010600.0,75535775084,35445557613,20135300.0,37001700.0,10681500.0
2024-11-19,652.7566528320312,92343.7890625,3111.384033203125,176.9916229248047,578.4174194335938,185.59706115722656,661.8752937701454,94002.8671875,3222.00439453125,177.73687175049812,579.142513878155,185.93955129708374,644.1900569385697,90426.984375,3070.36279296875,172.46051249052883,572.2736733921519,183.98249891189934,653.4073138797559,90536.8125,3208.25048828125,172.61950254558704,572.9399780116551,185.0686635829217,1640700.0,74521048295,29823634432,23434900.0,49412000.0,9390100.0
2024-11-20,649.0796508789062,94339.4921875,3072.18798828125,174.86520385742188,578.6134643554688,184.315185546875,649.1289287969374,94902.0234375,3159.949462890625,176.55443172495526,578.8976052377521,184.79466873385135,636.2839986686646,91619.5,3032.603271484375,172.6791433722535,572.8616299600318,180.10752013081685,647.2066688149339,92341.890625,3111.116943359375,176.21658918387422,578.495884693383,184.79466873385135,1677800.0,71730956426,29785491216,18997100.0,50032600.0,10624500.0
2024-11-21,662.6146850585938,98504.7265625,3361.053955078125,166.56809997558594,581.7196655273438,187.1333465576172,663.5019283005248,99014.21875,3388.54296875,173.02692368437366,583.1404896221547,188.17058188905855,639.8033400092837,94132.6015625,3035.8466796875,162.662987910428,575.6249001169805,182.72997887658363,644.633719414239,94334.640625,3072.05517578125,172.79836977486937,581.455141177832,185.34264190892864,2859000.0,106024505582,51619069348,59734400.0,46750300.0,18137300.0
2024-11-22,663.324462890625,98997.6640625,3331.600830078125,163.71627807617188,583.5225219726562,185.99826049804688,665.2171802003932,99655.5,3428.46044921875,165.40552109934802,584.1496532645427,188.8555551889636,656.7590075895066,97222.6640625,3262.808837890625,162.86172537063538,581.2100426161727,185.3622095141242,658.3165869199568,98496.4296875,3360.654296875,164.7993847016753,581.709726188909,188.80662589310418,1275600.0,78473580551,36775716442,38604600.0,38226400.0,8838900.0
2024-11-23,,97777.28125,3396.223388671875,,,,,99014.6796875,3499.370849609375,,,,,97232.890625,3317.65478515625,,,,,99006.7421875,3331.6455078125,,,,,44414644677,38835184688,,,
2024-11-24,,98013.8203125,3363.659912109375,,,,,98647.1796875,3451.80224609375,,,,,95788.078125,3288.430908203125,,,,,97778.09375,3396.99951171875,,,,,51712020623,27901454185,,,
2024-11-25,674.749755859375,93102.296875,3413.5439453125,166.58795166015625,585.5018920898438,181.1056365966797,676.9579959749727,98935.03125,3545.27880859375,167.56175439657423,588.7648169220731,184.2075629567259,668.3716657470121,92642.9140625,3304.093994140625,164.56088148234778,583.2187776891993,179.76506043838103,675.2722581662291,98033.4453125,3364.6015625,165.0378364955745,587.4518242946534,184.05099517632047,1511300.0,80909462490,51544793988,33135300.0,42441400.0,14380000.0
2024-11-26,662.4273071289062,91985.3203125,3326.517333984375,168.0486297607422,588.5592041015625,179.8922576904297,672.1670057974252,94991.75,3461.29296875,168.74420743105776,589.2255088244219,181.9080193257329,657.3603461347257,90770.8125,3255.54296875,166.51839224272408,586.0311216188419,178.41468846531066,669.9391506594831,93087.28125,3412.950927734375,166.56807852805025,586.746407902425,181.4187562130428,1424100.0,91656519855,39902959158,20486700.0,45621300.0,10186600.0
2024-11-27,660.95849609375,95962.53125,3657.249267578125,168.157958984375,586.7757568359375,177.29916381835938,663.1371335503967,97361.1796875,3687.009033203125,168.40637528649307,588.7550542016285,178.5321014499485,650.2428657475915,91778.6640625,3303.56787109375,166.95563257291508,585.256969810655,174.22659216057787,660.2487496926175,91978.140625,3326.029052734375,167.92942023182215,588.3729502321648,178.09176764803271,1231800.0,71133452438,43383987191,19266500.0,34000200.0,9895200.0
2024-11-28,,95652.46875,3579.8115234375,,,,,96650.203125,3664.878173828125,,,,,94677.3515625,3531.87060546875,,,,,95954.9453125,3656.609619140625,,,,,52260008261,32362724276,,,
2024-11-29,676.859375,97461.5234375,3593.494384765625,167.87973022460938,590.4208984375,180.69467163085938,689.7142312912321,98693.171875,3647.264404296875,168.3566852687276,591.2047827973582,182.93549030663388,668.9039705779112,95407.8828125,3538.44677734375,166.10107621213314,587.3147260107087,177.28938932838008,669.2293010652862,95653.953125,3579.91064453125,167.43258392311557,587.5890586237147,177.6123048017769,1706500.0,54968682476,27622629486,14257200.0,30177400.0,8045300.0
2024-11-30,,96449.0546875,3705.705322265625,,,,,97499.34375,3739.934814453125,,,,,96144.21875,3572.254150390625,,,,,97468.8125,3593.59814453125,,,,,31634227866,30670867436,,,
2024-12-01,,97279.7890625,3711.1650390625,,,,,97888.125,3747.455322265625,,,,,95770.1875,3663.234130859375,,,,,96461.3359375,3706.619873046875,,,,,36590695296,28018113530,,,
2024-12-02,701.3663940429688,95865.3046875,3644.198486328125,170.40362548828125,591.4791870117188,190.22549438476562,703.5450315196648,98152.6015625,3761.343017578125,170.98988423095403,592.1552999944694,191.09638213792144,671.0333993644595,94482.8671875,3557.252197265625,167.50212535142776,590.3425038316959,184.88274949542222,672.0684762931678,97276.0078125,3710.495361328125,167.70085532970873,590.8324390421951,185.27415401753422,2325900.0,72680784305,47284967570,23789100.0,31746000.0,16646900.0
2024-12-03,707.86279296875,96002.1640625,3620.711669921875,170.2545623779297,591.7535400390625,194.61907958984375,711.0863747952311,96297.203125,3670.2197265625,171.58606987747282,591.9985076527607,194.72671807144985,690.6704568415056,93629.5625,3504.226318359375,169.7676762176285,590.2151960547985,188.46415622652668,692.6716575946182,95854.59375,3643.7421875,170.40362122950918,591.2440480710218,189.3448238533947,1647200.0,67067810961,36839829742,22248700.0,26906600.0,11217700.0
2024-12-04,709.6963500976562,98768.53125,3841.3310546875,173.265380859375,595.427978515625,196.3804168701172,714.645079988922,99207.328125,3895.17431640625,173.80196851105399,595.6729460981672,198.24940541376924,706.7488209186691,94660.5234375,3617.74462890625,169.976351762093,592.7725681970518,194.0123853615165,713.5113871500539,95988.53125,3620.03759765625,170.06577798333072,593.438872844782,195.5584584815697,1529800.0,77199817112,56799745752,31615100.0,42787600.0,12761100.0
2024-12-05,701.3959350585938,96593.5703125,3811.00830078125,171.54635620117188,594.4481811523438,199.91290283203125,718.8642631268007,103900.46875,3956.54150390625,174.94468929994056,596.2315525489399,201.2143444514457,697.9456388214819,91998.78125,3683.4208984375,171.23832242107443,594.0954421437544,196.43913188470688,718.7953101502429,98741.5390625,3840.844482421875,174.24912670582898,595.4280516027892,196.92839497781947,1801100.0,149218945580,60568296606,21356200.0,28762200.0,12483700.0
2024-12-06,698.9117431640625,99920.7109375,4005.810546875,173.60324096679688,595.5750732421875,198.66041564941406,707.0249097022836,102039.8828125,4093.172119140625,173.97089221181594,596.8097196143469,198.82676333038935,697.0387611988717,96514.875,3782.681396484375,170.77128929069295,594.8009970944031,195.63675800366767,701.632557981947,97074.2265625,3792.20849609375,170.9402105427862,595.212525949607,197.66231463243582,1215400.0,94534772658,52853668566,21462400.0,31241500.0,9672900.0
2024-12-07,,99923.3359375,4002.692626953125,,,,,100563.3828125,4029.452880859375,,,,,99030.8828125,3974.17626953125,,,,,99916.7109375,4006.02880859375,,,,,44177510897,22574636761,,,
2024-12-08,,101236.015625,4005.70458984375,,,,,101399.9921875,4018.0,,,,,98771.515625,3927.85400390625,,,,,99921.9140625,4007.690673828125,,,,,44125751925,20943378971,,,
2024-12-09,696.48681640625,97432.71875,3718.6904296875,174.45877075195312,592.5079345703125,194.89306640625,712.9398061940552,101272.5078125,4008.77783203125,175.34414569527965,595.6239147831491,198.76803682624396,695.6291759817636,94355.9140625,3525.23291015625,172.74770667593938,591.920036343941,194.7071440345536,703.1212252574894,101237.0625,4006.101806640625,173.05610866341627,595.4573535867661,196.6152671867333,1267500.0,110676473908,57029832059,25389600.0,34742700.0,9699700.0
2024-12-10,695.2545166015625,96675.4296875,3631.833740234375,184.2078399658203,590.665771484375,187.81834411621094,708.0994469605135,98270.15625,3780.75341796875,185.39165905883286,593.605382218179,195.61720007555482,690.6212490238582,94321.2578125,3520.365234375,180.10925267461994,590.0092751663215,186.28205062796266,706.4433117734957,97441.234375,3719.00048828125,181.89990276575224,593.1840451897845,194.82459614589877,1214700.0,104823780634,58416417599,54813000.0,37234500.0,15307900.0
2024-12-11,704.2843627929688,101173.03125,3832.822021484375,194.38470458984375,595.2320556640625,190.42120361328125,707.8036723954208,101913.359375,3850.765380859375,194.59362011856473,596.1825011825678,191.79113431450637,696.4571164324452,95747.2265625,3567.56640625,183.88953404419317,593.3114882757061,189.10996716368027,701.7804550275682,96656.0625,3631.276123046875,184.34713540500275,593.5858806768452,190.4896926827801,1217600.0,85391409936,35968053196,67894100.0,28677700.0,9027600.0
2024-12-12,702.9732055664062,100043.0,3883.1015625,190.9625701904297,592.1651000976562,187.94357299804688,709.6569513129156,102524.9140625,3987.005859375,194.16582489848338,594.9380902901107,191.830833611285,700.5383110463157,99339.953125,3800.0908203125,190.71386920648584,592.1651000976562,187.77668210728348,703.2098478553139,101167.8046875,3833.172119140625,193.98676747620544,594.3698085144841,191.05534966877076,868700.0,72073983533,42971675764,34817500.0,31543800.0,7944900.0
2024-12-13,708.37548828125,101459.2578125,3911.205322265625,188.83367919921875,592.0474853515625,197.29852294921875,714.6845660119045,101888.8046875,3967.395263671875,191.7285469445743,594.9086900260288,198.8200428944105,706.0489568278305,99233.28125,3855.023681640625,188.65460660803555,590.6756429397628,193.6468451236814,708.37548828125,100046.6484375,3883.030029296875,190.01748306194702,594.1934038090473,194.8640610798348,1455700.0,56894751583,34895127659,25143500.0,35904700.0,19477000.0
2024-12-14,,101372.96875,3868.4052734375,,,,,102618.8828125,3943.278076171875,,,,,100634.0546875,3826.761962890625,,,,,101451.4375,3910.847900390625,,,,,40422968793,28756190559,,,
2024-12-15,,104298.6953125,3951.941162109375,,,,,105047.5390625,3971.498046875,,,,,101227.03125,3832.0966796875,,,,,101373.53125,3868.441162109375,,,,,51145914137,25069616984,,,
2024-12-16,712.1214599609375,106029.71875,3987.48095703125,195.63815307617188,594.5755004882812,198.5059356689453,720.6190422115751,107780.578125,4106.95556640625,197.96599073113543,595.54562235978,201.72569248205457,703.1999913762651,103322.984375,3882.705322265625,191.61913652261555,593.0273484159295,197.18072439845048,709.8245315291731,104293.578125,3951.65283203125,191.86783751599637,593.8014244521054,199.46793234421185,1542800.0,91020417816,46536359669,44934900.0,43695200.0,15139300.0
2024-12-17,724.74951171875,106140.6015625,3886.76611328125,194.40457153320312,592.1258544921875,196.97459411621094,734.5384877919342,108268.4453125,4040.337890625,200.37339478634232,592.9881452170704,198.68262692756937,722.2751467981103,105291.734375,3849.28662109375,193.96685539925252,590.7540718346318,193.84318065733453,729.4912021258323,106030.6875,3987.333984375,196.22506444695088,592.0278913761272,197.30834593239138,1753300.0,68589364868,35418700472,43504000.0,55773500.0,11169400.0
2024-12-18,709.2725219726562,100041.5390625,3618.791259765625,187.42105102539062,574.4783935546875,191.96826171875,746.4371567826146,106470.609375,3902.715576171875,195.97637074387896,594.2031278558312,201.4704826219099,705.3194583050529,100041.5390625,3617.840576171875,186.76449197962535,574.0962297805506,190.3976569679699,737.8804285731643,106147.296875,3886.886962890625,194.20562099415744,591.8220501813851,199.27161799656997,2257000.0,93865656139,48946681636,34166100.0,108248700.0,14721100.0
2024-12-19,700.1737060546875,97490.953125,3417.927978515625,187.53048706054688,574.302001953125,191.06515502929688,710.5936101735546,102748.1484375,3717.662353515625,192.02700516266594,581.0631314525076,194.9229826990445,698.7147425829369,95587.6796875,3330.87255859375,187.40117286917095,574.057034359764,190.3878254780675,707.5573319784478,100070.6875,3619.58203125,190.63428570513082,579.456129686489,194.75609181315775,1620800.0,97221662392,58879190250,32265200.0,85919500.0,10553400.0
2024-12-20,695.6585693359375,97755.9296875,3472.553466796875,190.4154052734375,581.1998901367188,193.58795166015625,710.1695606151491,98098.9140625,3496.327392578125,191.88771069567545,585.7224397345614,194.44196802320536,686.3920956596965,92175.1796875,3098.20361328125,184.25756711987572,571.1321976271144,188.45399760339095,690.2071326375078,97484.6953125,3417.93017578125,184.8146548375062,571.9777678628068,189.06262056676567,2701800.0,105634083408,66383827229,63462900.0,125716700.0,16170100.0
2024-12-21,,97224.7265625,3337.222412109375,,,,,99507.1015625,3552.921630859375,,,,,96426.5234375,3293.505615234375,,,,,97756.1953125,3472.589111328125,,,,,51765334294,31579389836,,,
2024-12-22,,95104.9375,3277.53515625,,,,,97360.265625,3398.657470703125,,,,,94202.1875,3219.294921875,,,,,97218.3203125,3336.998779296875,,,,,43147981314,24780768375,,,
2024-12-23,710.800537109375,94686.2421875,3415.785400390625,193.61871337890625,584.6803588867188,203.55152893066406,711.7962037932891,96416.2109375,3461.52783203125,194.0862724877592,585.2800771480029,204.22885846143532,697.0388206515054,92403.1328125,3217.36865234375,189.16198039152084,577.7686569320756,197.2199956718468,697.0584957183195,95099.390625,3277.51416015625,191.61914756204428,580.9443313472664,197.30833909450243,1232600.0,65239002919,34496081389,25675000.0,57635800.0,17847000.0
2024-12-24,709.4893798828125,98676.09375,3492.0498046875,195.0909881591797,591.1790771484375,202.5404815673828,709.9724117385903,99404.0625,3535.857666015625,195.0909881591797,591.2184422848073,203.39449808670952,704.8462451944071,93448.015625,3355.609130859375,192.7730933133359,585.4471892507113,200.7931747930469,706.2165201674369,94684.34375,3415.738037109375,193.82758299009262,586.0272849416975,202.13800815861495,586800.0,47114953674,23083678195,10403300.0,33160100.0,7634500.0
2024-12-25,,99299.1953125,3493.2353515625,,,,,99478.75,3542.833740234375,,,,,97593.46875,3440.09716796875,,,,,98675.9140625,3491.95751953125,,,,,33700394629,17651873225,,,
2024-12-26,705.694091796875,95795.515625,3331.225830078125,194.5836639404297,591.2184448242188,199.33050537109375,710.2682138182996,99884.5703125,3512.6044921875,195.7276824419866,592.3392110668057,204.3368424450223,701.0115463206267,95137.8828125,3302.306396484375,193.37000187433253,588.0133066034633,199.16362946576803,704.0675594693229,99297.6953125,3493.30419921875,194.1359900072514,589.4093887705021,201.7256936189015,734000.0,47054980873,22247726776,12046600.0,41219100.0,8044900.0
2024-12-27,703.4563598632812,94164.859375,3328.9169921875,191.75840759277344,584.9949951171875,197.9268035888672,707.3108076160555,97294.84375,3436.710693359375,194.30511850410315,587.7183905820746,200.74408745587263,698.5273646882565,93310.7421875,3302.57568359375,189.6593706110804,580.8165297326684,195.3941868983559,707.3009399987617,95704.9765625,3331.0537109375,193.93703071352402,587.4823797773107,200.74408745587263,942300.0,52419934565,24091627403,18891400.0,64969300.0,10664400.0
2024-12-28,,95163.9296875,3397.90234375,,,,,95525.8984375,3419.920166015625,,,,,94014.2890625,3318.033935546875,,,,,94160.1875,3328.774658203125,,,,,24107436185,14305648523,,,
2024-12-29,,93530.2265625,3349.513427734375,,,,,95174.875,3406.6484375,,,,,92881.7890625,3321.664794921875,,,,,95174.0546875,3397.862548828125,,,,,29635885267,13440907792,,,
2024-12-30,686.2640380859375,92643.2109375,3356.392578125,190.24630737304688,578.3192138671875,196.7095489501953,692.8294333361306,94903.3203125,3428.52734375,191.5494980812226,581.7799853973963,198.26053177605436,684.6078427208082,91317.1328125,3298.804443359375,188.13731273783964,574.5733451400716,194.83462525135246,690.0593403907267,93527.1953125,3349.5859375,188.8137872976618,577.9948115421023,196.1696474952223,1202600.0,56188003691,26981583962,14264700.0,56578800.0,11235200.0
2024-12-31,683.2376098632812,93429.203125,3332.53173828125,188.31639099121094,576.21533203125,193.86282348632812,692.9969841778651,96090.6015625,3444.396728515625,190.96257314438756,580.698577374324,198.0740250056672,677.667821265794,91914.03125,3311.41259765625,187.53048736926948,574.5832389413312,193.7352063262288,691.429597411477,92643.25,3356.394775390625,190.08714080992223,579.9808236627084,197.10220235726285,965000.0,43625106843,20845452085,17466900.0,57052700.0,6427900.0
2025-01-01,,94419.7578125,3353.504150390625,,,,,94929.8671875,3366.531494140625,,,,,92788.125,3310.255859375,,,,,93425.1015625,3332.406494140625,,,,,24519888919,14195410493,,,
2025-01-02,690.4733276367188,96886.875,3451.392578125,188.44570922851562,574.7996215820312,197.87767028808594,701.8494867511913,97739.8203125,3493.4482421875,191.00236272405684,581.1803752720315,200.02744991450882,686.4513109860986,94201.5703125,3348.35205078125,186.52574484771176,570.7292897647728,193.0774833739854,695.3235021005083,94416.2890625,3353.412109375,189.65937128935172,579.4696717566784,193.38178734328952,1115100.0,46009564411,22243574698,20370800.0,50204000.0,10951400.0
2025-01-03,704.2153930664062,98107.4296875,3605.009765625,190.79344177246094,581.9864501953125,204.77857971191406,707.3798296692115,98956.9140625,3627.0556640625,192.20607673113864,582.6254735449975,204.96509248684876,692.6027115755,96034.6171875,3421.83154296875,188.9928490622425,576.5593423217554,199.9587552865976,693.1744317017499,96881.7265625,3451.680908203125,190.37562593745199,577.6408633877121,200.3514177018653,1062900.0,35611391163,21877299255,18596200.0,37888500.0,10261900.0
2025-01-04,,98236.2265625,3657.706787109375,,,,,98734.4296875,3669.19677734375,,,,,97562.9765625,3574.326904296875,,,,,98106.9921875,3605.20068359375,,,,,22342608078,16060610759,,,
2025-01-05,,98314.9609375,3634.103759765625,,,,,98813.3046875,3673.81298828125,,,,,97291.765625,3594.616943359375,,,,,98233.90625,3657.7431640625,,,,,20525254825,12830306908,,,
2025-01-06,757.5964965820312,102078.0859375,3688.611328125,195.8470458984375,585.3390502929688,215.9691925048828,769.9978664446232,102482.875,3743.941650390625,197.19003728298551,589.6060270134918,218.1189723815399,739.0043394905579,97926.1484375,3611.21435546875,192.8427489428689,583.608664526265,211.72854334669486,740.3942897852813,98314.953125,3634.11376953125,192.9720631324044,586.2337670283534,214.75197648598242,2761100.0,51823432705,23973574043,29563600.0,47679400.0,24339900.0
2025-01-07,746.8215942382812,96922.703125,3381.577392578125,194.47422790527344,578.7223510742188,207.53695678710938,767.3360682241502,102712.484375,3701.10693359375,199.95559215597262,587.6888410122485,217.41218759156678,742.7896500109082,96132.875,3358.08984375,193.5888530048973,576.903513754268,207.43880242233382,763.9941953036333,102248.8515625,3688.34130859375,196.085805432373,587.3643786767495,217.1766051332744,1490200.0,58685738547,32235312545,26487200.0,60393100.0,17010000.0
2025-01-08,733.4147338867188,95043.5234375,3326.329345703125,192.9422149658203,579.5678100585938,203.31591796875,742.6319908026508,97258.3203125,3413.682861328125,195.27005246800397,580.6394897953063,206.4375201684761,726.5338759975086,92525.84375,3209.214599609375,191.3803807232366,575.3500401020275,202.13796080940614,742.3066602796798,96924.1640625,3381.615478515625,191.5693958945213,578.7911287868388,206.1135793284124,1185400.0,63875859171,34337730882,24864800.0,47304700.0,13262700.0
2025-01-09,,92484.0390625,3219.4306640625,,,,,95349.71875,3355.8623046875,,,,,91220.84375,3159.384033203125,,,,,95043.484375,3326.359619140625,,,,,62777261693,28815726276,,,
2025-01-10,728.515380859375,94701.453125,3267.489990234375,191.0421600341797,570.7193603515625,204.54296875,740.6308297775611,95770.609375,3320.50048828125,195.49889303629848,576.0874809051687,206.12339929301277,724.9566606545912,92250.09375,3196.1103515625,189.32115330540665,568.8120114375996,199.49737313081982,740.3351020900334,92494.4921875,3219.49658203125,193.29042686618294,576.0186519228087,203.78712173530505,1515800.0,62058693684,26503845190,26665200.0,73105000.0,17265200.0
2025-01-11,,94566.59375,3282.2177734375,,,,,94977.6875,3317.654296875,,,,,93840.046875,3219.69873046875,,,,,94700.8359375,3267.5224609375,,,,,18860894100,11772144561,,,
2025-01-12,,94488.4375,3265.951171875,,,,,95367.5390625,3298.018310546875,,,,,93712.5078125,3224.510498046875,,,,,94565.7265625,3282.150390625,,,,,20885130965,11647743556,,,
2025-01-13,717.080078125,94516.5234375,3135.499755859375,190.0175018310547,571.604248046875,197.66175842285156,718.6475251271513,95837.0,3335.193603515625,190.18661668529174,571.9581742427216,199.85079733546942,707.3995841640723,89260.1015625,2920.5927734375,186.38647339351533,565.6658729466735,196.37582069849515,710.9583043816932,94488.890625,3266.095458984375,189.08239884518588,566.0788468496604,196.83718972642257,1321800.0,72978998252,39911742769,21823700.0,47910100.0,16612400.0
2025-01-14,725.8339233398438,96534.046875,3223.6845703125,188.67449951171875,572.3908081054688,197.75006103515625,729.0180950212404,97352.6640625,3254.75146484375,190.98243652196967,575.1535088845837,202.4717156650903,717.7208168316614,94322.15625,3126.805908203125,187.33150825894856,568.6154150795988,194.85424527240744,727.0661720886392,94519.0078125,3135.670166015625,190.2462913969121,574.5242667122994,201.42137563306628,1022600.0,53769675818,22847737224,17174900.0,48420600.0,14182900.0
2025-01-15,715.9859008789062,100504.4921875,3450.53759765625,194.53390502929688,582.802490234375,203.0018310546875,733.8978543437753,100697.234375,3473.1015625,195.33969375687735,583.9429389739179,205.20068072786154,714.8916782776973,96501.640625,3186.139892578125,190.8630762218721,579.2827311805529,195.68866374556282,728.9590512108689,96534.046875,3223.6845703125,192.08668076451275,580.3937160773642,198.77099264402855,1864400.0,57805923627,25991614661,21776000.0,56900200.0,18286500.0
2025-01-16,739.6254272460938,99756.90625,3308.34521484375,191.90762329101562,581.6817016601562,210.8450469970703,760.6032022138043,100781.5859375,3458.1806640625,194.46426141133438,584.34604932179,217.87354625599792,737.8312655435254,97364.4453125,3265.67578125,191.8081368295779,580.9836305712422,209.25480556453113,748.0243952270193,100505.296875,3450.30517578125,193.1312278332848,584.1690862304802,214.86975022629585,2407600.0,54103781805,26395516475,17815400.0,43319700.0,38539600.0
2025-01-17,745.5892944335938,104462.0390625,3474.107177734375,194.98155212402344,587.5217895507812,207.61550903320312,758.2765213873902,105884.2265625,3525.54345703125,196.20515659372487,589.27179809953,211.7187303435454,740.8278689278663,99948.90625,3307.31103515625,192.74324348994662,585.5849165977943,207.18358784715863,757.0048023062118,100025.765625,3308.191162109375,195.50879694346804,586.9122299431212,211.2181025934703,1933600.0,71888972663,28200207229,27735100.0,58070600.0,21606100.0
2025-01-18,,104408.0703125,3305.78955078125,,,,,104913.203125,3493.06005859375,,,,,102226.6171875,3228.333740234375,,,,,104124.953125,3473.563720703125,,,,,50445655726,32420094038,,,
2025-01-19,,101089.609375,3208.96435546875,,,,,106299.796875,3444.20654296875,,,,,99570.53125,3127.623046875,,,,,104411.2890625,3305.39794921875,,,,,76789928525,57242875399,,,
2025-01-20,,102016.6640625,3278.035400390625,,,,,109114.8828125,3444.28271484375,,,,,99471.359375,3147.52294921875,,,,,101083.75,3208.933837890625,,,,,126279678351,52383187336,,,
2025-01-21,752.1646728515625,106146.265625,3327.40625,197.0209197998047,592.8995361328125,214.68325805664062,756.8274830899264,107180.921875,3365.778076171875,201.23887871445535,592.9093774154856,216.10662373274755,744.7613123817416,100103.953125,3202.49267578125,196.84184720049228,588.5932548694913,208.15540082904354,752.1646728515625,102052.578125,3278.43603515625,198.03562405056638,590.5595911538271,210.52114131980596,1332000.0,88733878242,32804001146,29971300.0,42532900.0,19061300.0
2025-01-22,755.822021484375,103653.0703125,3240.224609375,197.33924865722656,596.2326049804688,219.10060119628906,773.6748280803458,106294.34375,3364.74609375,199.43828553458843,597.5893820777127,221.28963977715546,755.0136590322599,103360.265625,3223.385986328125,196.5036170079127,595.1707663809229,215.2820473585719,766.7052214825975,106136.3828125,3327.2373046875,198.02566579041408,595.7213382459036,217.87355928213137,1699900.0,53878181052,22171220981,26200600.0,48196000.0,17294500.0
2025-01-23,735.642578125,103960.171875,3334.714111328125,196.95126342773438,599.4868774414062,220.49453735351562,737.1311441245646,106820.328125,3346.732421875,199.2592156629456,599.4868774414062,220.57306983997853,725.5480067879365,101257.8046875,3184.06689453125,194.18570991866378,595.3280946897063,215.38023461789368,729.5010700931667,103657.671875,3240.475341796875,197.1104356879908,595.6033506126263,216.0575642074135,1751100.0,104104515428,32419520084,26951400.0,41152100.0,8986800.0
2025-01-24,721.851318359375,104819.484375,3309.554931640625,199.16969299316406,597.73681640625,217.8048553466797,739.3492506241465,107098.546875,3424.89990234375,199.85609492474924,600.4995770008244,222.2418281771578,718.9431992732408,102772.125,3277.3232421875,196.9711697228321,596.5865262707722,216.90175428440878,738.7183248231988,103965.671875,3334.808349609375,197.07065618338206,599.54587252364,222.06514132909007,1505700.0,52388229265,25578325671,23877500.0,34604700.0,13183800.0
2025-01-25,,104714.6484375,3317.26953125,,,,,105243.7890625,3349.29833984375,,,,,104120.375,3270.273193359375,,,,,104824.03125,3309.711669921875,,,,,23888996502,13744316078,,,
2025-01-26,,102682.5,3236.13427734375,,,,,105438.6484375,3359.3125,,,,,102507.7109375,3233.922119140625,,,,,104713.2109375,3317.29150390625,,,,,22543395879,14471528757,,,
2025-01-27,680.3491821289062,102087.6875,3178.92041015625,190.81332397460938,589.2815551757812,188.77793884277344,680.7927435299843,103214.109375,3250.396484375,195.85698677854776,589.5961762199101,203.19813757237432,662.3977612531851,97795.9375,3024.091552734375,189.73893399543607,584.6311885086425,184.2231599330463,663.2356663089924,102680.3046875,3235.855224609375,191.41021235620636,584.798310310645,193.42106117398708,4947800.0,89006608428,39412486482,41728900.0,70361100.0,68667500.0
2025-01-28,673.645751953125,101332.4765625,3077.112548828125,194.28521728515625,594.3449096679688,198.6826171875,683.6023583882636,103730.8203125,3222.7373046875,194.46427471258818,595.1805787054238,199.11453833010734,657.1336179832075,100238.1875,3040.09228515625,189.68921264751984,587.1972570477369,188.92519264299813,669.1603783412451,102095.4140625,3179.0869140625,191.7484641400102,590.5105293609671,192.05659096982373,2811900.0,47180685494,20718206194,24157900.0,44433300.0,31738800.0
2025-01-29,702.52978515625,103703.2109375,3112.9990234375,194.39463806152344,591.6804809570312,198.61392211914062,718.1152672409406,104750.8046875,3177.98046875,195.7674571519655,593.9614384934404,202.65824763651787,694.5940538997053,101283.8203125,3055.181640625,192.4249153665142,589.1340487911447,196.08130570979463,716.8336802169786,101317.5234375,3076.380126953125,194.54385257803781,593.5583059073574,200.73425422629631,4971500.0,47432049818,22727786058,18218300.0,37177400.0,15199500.0
2025-01-30,726.5240478515625,104735.3046875,3247.780029296875,199.82626342773438,594.8560791015625,204.32704162597656,735.0019559648623,106418.765625,3282.986328125,200.3535083038363,596.389819126707,205.77004431355874,720.2051022793117,103321.6484375,3093.123779296875,196.6428938419765,590.6087851839717,201.64718591127007,729.5898685225566,103709.3359375,3113.289794921875,196.97118096512546,593.7943006280343,202.7760736145129,2745600.0,41915744521,19958405782,24354700.0,39281300.0,13539000.0
2025-01-31,728.8110961914062,102405.0234375,3298.26513671875,202.95993041992188,591.6903076171875,205.4755401611328,743.8839420661407,106026.3515625,3437.569091796875,204.4123358602267,599.6933113603776,211.05121148890842,727.2929873089005,101543.8828125,3214.935546875,200.7514641722478,590.9332488823969,204.37610040890024,737.4664407661846,104737.5625,3247.8671875,200.95042195015876,597.2746959271392,206.07432224223862,2125700.0,45732764360,30128115902,32001100.0,66566900.0,15746900.0
2025-02-01,,100655.90625,3118.32861328125,,,,,102755.7265625,3329.6552734375,,,,,100297.7109375,3103.9189453125,,,,,102402.796875,3298.822265625,,,,,27757944848,19917507079,,,
2025-02-02,,97688.9765625,2868.69287109375,,,,,101430.6640625,3161.894287109375,,,,,96216.078125,2755.474609375,,,,,100661.5390625,3118.611572265625,,,,,63091816853,42060930305,,,
2025-02-03,720.6783447265625,101405.421875,2884.566650390625,200.18438720703125,587.7086181640625,196.13037109375,725.0060175587882,102514.171875,2919.477294921875,202.6912973186069,590.1861618299884,201.22505122019018,707.7249290860634,91242.890625,2159.280517578125,199.06026910715457,580.5511231100024,194.3437909814369,708.9177677521768,97681.1015625,2868.07861328125,199.6471997728737,582.694423110387,195.96349520060068,1647200.0,115400897748,92453553253,27838300.0,65857200.0,17719800.0
2025-02-04,721.023193359375,97871.8203125,2735.05126953125,205.30764770507812,591.6510009765625,200.3023223876953,732.1430345475577,101745.6171875,2888.25,205.97416454187623,592.1622076462813,201.97109637295486,718.9234969222172,96208.109375,2636.165771484375,201.75619025433605,587.2267439810199,198.36850315852655,726.4352802099899,101398.71875,2883.818359375,202.33317837712485,587.7674745011321,200.3219592520505,1497000.0,73002130211,48795275985,43856400.0,33457800.0,12692900.0
2025-02-05,732.0445556640625,96615.4453125,2787.779052734375,190.33583068847656,594.0499267578125,204.7393035888672,732.6557462721526,99113.2109375,2824.400146484375,191.74845039513906,594.1974260072697,206.61421216549073,712.1412700938778,96174.828125,2701.10498046875,187.05297480534406,588.5049031019603,200.08635546785933,718.8841020180972,97878.0078125,2735.225830078125,190.0771871408914,590.5302274178379,202.21649833738684,1249700.0,49125911241,31960764447,70373900.0,30653100.0,10997800.0
2025-02-06,728.6336669921875,96593.296875,2688.40087890625,190.6044464111328,596.1145629882812,206.63388061523438,731.867056634559,99168.609375,2857.14208984375,191.10184839531686,596.2423796576439,207.30138429878124,724.572179661955,95707.3515625,2662.44580078125,187.73940612479137,592.4866698522919,203.19816288528986,727.214113933283,96610.640625,2787.65869140625,188.5153520057582,595.7901006731433,206.201959418332,1120200.0,45302471947,29500645692,29297400.0,35771500.0,8491400.0
2025-02-07,717.3660278320312,96529.0859375,2622.211181640625,184.37696838378906,590.6580810546875,202.3343048095703,731.778406076099,100154.140625,2798.02880859375,190.18662005870158,597.8941858585465,209.26463535398537,713.4721092951165,95653.8828125,2564.96826171875,182.2878891065967,589.9501686239648,201.9416573765679,728.5548237170011,96581.3203125,2688.8974609375,190.05730586169955,596.6750666805723,209.09775944603237,1312400.0,55741290456,29526663418,49315000.0,50788500.0,11616200.0
2025-02-08,,96482.453125,2632.308349609375,,,,,96877.8046875,2665.484619140625,,,,,95702.4921875,2591.778564453125,,,,,96533.2578125,2623.001953125,,,,,22447526395,17059263074,,,
2025-02-09,,96500.09375,2628.72119140625,,,,,97325.28125,2695.222412109375,,,,,94745.2578125,2530.435791015625,,,,,96481.3125,2632.578125,,,,,27732901800,17517088276,,,
2025-02-10,733.5133056640625,97437.5546875,2661.166748046875,185.50111389160156,594.6693725585938,204.13070678710938,734.9722688683115,98333.21875,2692.80859375,187.22212066151292,595.30845601079,206.1234218228205,725.4297421731497,95320.84375,2564.0185546875,184.8942828091003,592.5949016719809,202.73678885435098,726.2577796037368,96499.4609375,2628.650146484375,186.3765463199982,593.863227291288,204.1797914634577,985700.0,40078962391,19414208113,23105600.0,26048700.0,9296500.0
2025-02-11,743.8564453125,95747.4296875,2602.781982421875,184.35707092285156,595.12158203125,204.9062042236328,744.3602755087508,98492.8984375,2724.90234375,185.96864842614565,595.662312577201,205.98599220266038,734.8667302239633,94875.0390625,2565.397216796875,183.3224663388948,592.2900526181724,197.30835472407315,735.6471364267006,97438.1328125,2661.315673828125,184.0685692836796,592.4080280097315,201.3625063083026,1096700.0,37488783272,21156550492,21239500.0,30056700.0,9224500.0
2025-02-12,747.0078735351562,97885.859375,2736.902099609375,182.65594482421875,593.204345703125,202.58953857421875,747.620356501367,98151.0234375,2794.867431640625,184.14815067534644,594.3743182514838,203.26686812607602,724.6718413468242,94101.203125,2551.174560546875,180.88519509524076,588.436003976824,199.28142329702854,729.4037817588404,95745.6953125,2602.828125,182.26797191010567,589.1143924293652,201.13671012324917,1077800.0,49340445530,26919387954,22072600.0,45076100.0,7373700.0
2025-02-13,767.5755615234375,96623.8671875,2675.902587890625,185.17282104492188,599.4672241210938,198.1230926513672,767.5755615234375,98111.0859375,2756.443359375,185.31209300157155,599.6737110792319,198.5844615982573,743.6292760508787,95269.7109375,2615.667724609375,182.18840896285295,593.047165943141,195.57083953999808,745.6248199387991,97888.75,2737.028564453125,183.3622856084759,594.3055902381474,198.17217732245865,1674100.0,37147280860,19481004625,21402500.0,40921300.0,15580900.0
2025-02-14,742.4437866210938,97508.96875,2726.091552734375,184.2675323486328,599.4376831054688,200.1550750732422,768.928939212418,98819.46875,2790.023681640625,185.43145115453234,600.7059485220444,202.46191990968953,739.6085659744324,96342.8046875,2666.26806640625,183.36227228593566,598.8182823186273,193.8333675862775,768.7906210599906,96623.3671875,2675.939453125,184.0984174978102,599.6736338799176,196.30707335044397,2047300.0,32697987277,17732289901,20448400.0,26910400.0,23220300.0
2025-02-15,,97580.3515625,2693.559814453125,,,,,97975.0390625,2738.68115234375,,,,,97240.1953125,2668.53173828125,,,,,97508.3828125,2726.07470703125,,,,,17047266288,10803019357,,,
2025-02-16,,96175.03125,2663.31591796875,,,,,97725.59375,2724.096435546875,,,,,96060.9765625,2655.297607421875,,,,,97580.4921875,2693.5625,,,,,16536755396,10593602117,,,
2025-02-17,,95773.3828125,2743.19970703125,,,,,97032.234375,2848.7841796875,,,,,95243.546875,2640.18212890625,,,,,96179.0078125,2663.2294921875,,,,,27336550690,24170425078,,,
2025-02-18,735.2025756835938,95539.546875,2669.3388671875,182.8151092529297,601.1975708007812,199.0164031982422,749.734362612721,96695.375,2754.6767578125,184.99373213088467,601.1975708007812,202.0692843201053,729.6506756430966,93388.8359375,2606.900390625,180.79565863535095,598.1399318067746,196.83717538888445,748.2624259526218,95773.8125,2743.02294921875,184.6356021347893,600.5978525430173,200.99929230304934,1715400.0,37325720482,23004152928,29916700.0,26749000.0,14988100.0
2025-02-19,735.7755737304688,96635.609375,2715.77099609375,184.3073272705078,602.61328125,197.25926208496094,743.7478003232499,96855.59375,2735.917724609375,184.4963424448096,602.9082197102092,198.8789664559269,732.7032707043638,95011.96875,2656.375732421875,182.63604878465782,599.3000091966954,196.34635005831245,734.9457854067797,95532.53125,2669.21337890625,183.11356559747395,599.8112758662747,198.29979126831753,1457900.0,28990872862,15272401903,19549400.0,31011100.0,13163100.0
2025-02-20,734.0863037109375,98333.9375,2740.386474609375,183.6009979248047,600.1062622070312,196.4248809814453,746.3557986808154,98767.1953125,2770.030517578125,184.34710081960932,601.3843689751305,196.66046344914116,731.4486116147933,96442.671875,2708.216064453125,181.77056246596453,596.8028311734677,193.9806080293252,742.2461699630128,96632.6796875,2715.6826171875,183.839756315763,601.2467110134413,196.6015678322172,1185900.0,31668022771,15917259320,20441500.0,36554000.0,10639300.0
2025-02-21,728.277587890625,96125.546875,2659.655517578125,178.72647094726562,589.8419799804688,194.5990447998047,736.6745973079765,99497.96875,2842.8271484375,184.37694976979722,600.0275889538111,198.96731120161243,724.3161655652574,94852.9609375,2616.91943359375,178.14948286814752,589.3798596850504,192.40999114863592,735.1335015208522,98340.671875,2740.022216796875,184.18793460152546,599.8899309928074,197.63228894390426,1472300.0,49608706470,31441524621,35199200.0,76519800.0,13757300.0
2025-02-22,,96577.7578125,2764.029296875,,,,,96950.15625,2797.057861328125,,,,,95765.34375,2653.867431640625,,,,,96134.203125,2660.035888671875,,,,,18353824477,16403164397,,,
2025-02-23,,96273.921875,2821.310302734375,,,,,96671.875,2850.6103515625,,,,,95270.453125,2746.773681640625,,,,,96577.8046875,2764.031005859375,,,,,16999478976,20493767269,,,
2025-02-24,727.0426635742188,91418.171875,2513.8212890625,178.31861877441406,587.1580200195312,188.13006591796875,741.7818665086478,96503.453125,2839.010009765625,182.16850543528213,592.8800672914438,195.13892894227098,725.7979208860575,91371.7421875,2478.8994140625,177.9604887236702,586.4501075695626,187.94356812340766,737.089420521268,96277.9609375,2820.456298828125,181.04438722615922,591.8870576091449,193.2640202250117,1471200.0,44046480529,29127380459,29854200.0,50737200.0,15114300.0
2025-02-25,721.3425903320312,88736.171875,2493.592529296875,174.50851440429688,584.2379150390625,185.89193725585938,730.0260638088056,92511.078125,2529.669189453125,177.81127094293745,587.8265033006376,189.975536345897,717.4108336506196,86008.234375,2326.632080078125,173.7823117406095,579.6366946428752,184.02683953553034,723.3183571541466,91437.1171875,2514.2109375,177.11489600513676,587.098968367302,187.14842697917265,1691200.0,92139104128,40044790246,41913400.0,58266500.0,20581000.0
2025-02-26,737.8796997070312,84347.0234375,2331.45263671875,171.83248901367188,584.532958984375,191.04551696777344,744.6368483174662,89286.25,2503.422119140625,175.16508845335508,589.488166464913,192.47870854328048,729.9568559848726,82131.8984375,2255.054931640625,170.68847049649932,581.8980746927776,187.58035172984242,734.807396974772,88638.890625,2493.381591796875,174.1603418876601,585.8995775558942,187.58035172984242,1401400.0,64597492134,28815111323,35431300.0,43321600.0,14112300.0
2025-02-27,689.246337890625,84704.2265625,2305.484375,167.6244659423828,575.2025756835938,177.76400756835938,735.7756271544358,87000.78125,2378.08740234375,173.65297546387492,587.9542991571739,191.19276168616676,688.4658713275012,83144.9609375,2230.4482421875,167.06737815788244,574.809344386224,177.75419662559747,734.4123430851968,84076.859375,2331.51025390625,173.08594510447406,586.8039490929929,191.11422920845578,2342800.0,52659591954,24286213447,39991000.0,74196700.0,24219200.0
2025-02-28,700.4884033203125,84373.0078125,2237.9052734375,169.3952178955078,584.178955078125,177.21432495117188,704.8548312224066,85036.3203125,2310.94921875,169.72350502540073,584.7098443771037,178.81439262373567,689.058584736214,78248.9140625,2076.169921875,165.9034614440167,572.6365684069419,172.2963456649513,698.255777108805,84705.625,2305.56005859375,167.80352548017922,575.7040488167072,176.01673067748652,1773400.0,83610570576,35737904667,48130600.0,88744100.0,27929400.0
2025-03-01,,86031.9140625,2216.643310546875,,,,,86522.3046875,2279.873046875,,,,,83794.234375,2144.090087890625,,,,,84373.8671875,2237.942138671875,,,,,29190628396,16135258239,,,
2025-03-02,,94248.3515625,2519.694580078125,,,,,95043.4375,2548.811767578125,,,,,85040.2109375,2175.321533203125,,,,,86036.2578125,2216.521728515625,,,,,58398341092,34854193845,,,
2025-03-03,691.3800659179688,86065.671875,2145.573974609375,166.1422119140625,573.9441528320312,169.7931671142578,723.4763881253779,94429.75,2522.316650390625,172.46916601222185,587.2857532860544,178.23522217127706,684.0894815594548,85081.3046875,2097.076171875,165.0678217638651,570.1392964764723,167.92806924234296,713.3012011046771,94248.421875,2519.531005859375,171.03664581195866,586.1452445030724,177.8229228730043,2284100.0,70072228536,31473561910,40770500.0,74249200.0,37403000.0
2025-03-04,699.6387329101562,87222.1953125,2170.01513671875,170.03189086914062,567.1505126953125,176.6940155029297,712.5602643011674,88911.2734375,2220.358642578125,172.38957139478455,575.5369680083471,180.2279018044032,684.2969354937735,81529.2421875,1996.767578125,164.93849945595062,562.6181207422406,170.9809018119704,689.8093415933635,86064.0703125,2145.65283203125,165.37621562667857,569.9525786591505,171.84474401422776,2044700.0,68095241474,33935738380,45388000.0,109648200.0,29395200.0
2025-03-05,730.7867431640625,90623.5625,2241.977294921875,172.1209716796875,573.24609375,180.8954315185547,731.5770378227913,90998.2421875,2272.79736328125,172.87701716435777,575.035467216836,181.34698954741108,710.5845156298392,86379.7734375,2156.099365234375,168.18154163334694,563.434093538414,177.4008184361111,722.7552463202389,87222.953125,2169.98681640625,169.63396197807168,566.9833166199888,179.63894175809273,1754300.0,50498988027,22105432727,30954900.0,71230500.0,17334000.0
2025-03-06,706.1785888671875,89961.7265625,2202.476806640625,171.45445251464844,563.0703125,172.62025451660156,722.3106812091487,92804.9375,2319.396240234375,173.9016615264532,570.4047092717689,178.21556239148566,702.3850901204318,87852.140625,2177.677001953125,169.6140592892689,560.5238803180225,172.56134392546525,710.1399506118129,90622.359375,2241.906494140625,169.6439021909127,565.7936477589768,175.30010973957846,1427900.0,47749810486,18509069102,28302000.0,80094900.0,17864300.0
2025-03-07,723.347900390625,86742.671875,2138.987548828125,172.9566192626953,566.2262573242188,173.84730529785156,725.1063616536959,91191.046875,2254.232421875,174.06085227932917,567.6715458955733,175.19213844966438,706.8305201133779,84717.6796875,2103.47265625,169.38527664457013,556.1094773560538,167.8789715987717,717.3613298438372,89963.28125,2202.498291015625,170.3701228624436,561.2907933786839,172.5613527831208,1426400.0,65945677657,22425792863,27385800.0,81158800.0,21012700.0
2025-03-08,,86154.59375,2201.51025390625,,,,,86847.265625,2232.3271484375,,,,,85247.484375,2107.72802734375,,,,,86742.65625,2139.7978515625,,,,,18206118081,10533204814,,,
2025-03-09,,80601.0390625,2015.5091552734375,,,,,86471.1328125,2210.313720703125,,,,,80052.484375,1991.1934814453125,,,,,86154.3046875,2201.708740234375,,,,,30899345977,16103964994,,,
2025-03-10,674.8330078125,78532.0,1861.1513671875,165.1981658935547,551.14453125,167.5157470703125,690.530489344513,83955.9296875,2150.706298828125,167.77768707285077,559.9536812738498,171.67787841032563,667.8091713832486,77420.59375,1812.766845703125,163.02700292073365,546.2385307775894,164.8260809261982,689.5228289925029,80597.1484375,2015.430419921875,167.57848498247546,558.0365509948175,169.3023271904084,2321500.0,54061099422,35005066442,43604000.0,99326600.0,18265100.0
2025-03-11,681.8469848632812,82862.2109375,1919.844970703125,163.37557983398438,546.5628662109375,167.82989501953125,693.4941077876528,83577.7578125,1961.7977294921875,166.074610170201,554.5265648872522,170.14655087642652,673.005416871538,76624.25,1760.9417724609375,160.71639599552714,542.7285461144836,165.01261142717541,690.3526459878491,78523.875,1859.7777099609375,164.24206639490993,549.9843324603625,167.5157650830181,1616800.0,54702837196,30898385863,39587400.0,88102100.0,16561100.0
2025-03-12,694.8474731445312,83722.359375,1908.982666015625,166.4331512451172,549.4632568359375,173.916015625,699.7177305867995,84358.578125,1954.5711669921875,166.96100335852913,553.631880779765,174.85839043097488,688.2978020301264,80635.25,1832.01904296875,162.86764957538162,544.3704523001988,171.55027515602941,695.6081625814924,82857.375,1919.664794921875,165.90529913170525,552.7077001878538,172.3748587282097,1306300.0,40353484454,22898872951,28372400.0,69588200.0,14737600.0
2025-03-13,686.1739501953125,81066.703125,1862.9696044921875,162.1007537841797,542.1386108398438,168.43849182128906,696.7541427100131,84301.6953125,1919.688232421875,165.45711431897539,549.6991769603108,170.69625190923483,679.9206314556155,79931.8515625,1823.525390625,161.4533926135524,540.4279077137791,167.36851488112123,689.3845712119008,83724.921875,1909.015380859375,165.36746730396223,549.0896174558009,170.69625190923483,1399500.0,31412940153,17977225564,31756200.0,74079400.0,14381600.0
2025-03-14,705.3488159179688,83969.1015625,1909.467529296875,164.8197021484375,553.3369750976562,170.89259338378906,711.3057823388391,85263.2890625,1945.0914306640625,165.8156517325666,554.3398260143258,171.16744959922298,696.8134880443142,80797.5625,1861.10595703125,161.79200690237369,542.2075022062043,168.77226116883566,699.1053849897746,81066.9921875,1862.9979248046875,162.60869285591215,546.7497351697265,169.4790385738201,1367500.0,29588112414,12122715282,31995900.0,62660300.0,11449400.0
2025-03-15,,84343.109375,1937.3946533203125,,,,,84672.671875,1955.2384033203125,,,,,83639.59375,1904.9656982421875,,,,,83968.40625,1909.528076171875,,,,,13650491277,6456484591,,,
2025-03-16,,82579.6875,1887.43505859375,,,,,85051.6015625,1940.474365234375,,,,,82017.90625,1863.489013671875,,,,,84333.3203125,1937.384765625,,,,,21330270174,9292997638,,,
2025-03-17,721.4808959960938,84075.6875,1927.0029296875,163.6245574951172,557.6038818359375,173.0031280517578,725.6497349767232,84725.328125,1951.6259765625,165.6264259709924,560.1207900872192,173.90622925505187,708.5198706909428,82492.15625,1880.484375,163.00707358955603,552.8846263579363,170.62757630381313,709.3496589763264,82576.3359375,1887.44921875,164.36156568984055,553.3172227764923,170.7551784989413,1423300.0,25092785558,10436892087,31184300.0,49008700.0,9678100.0
2025-03-18,722.25146484375,82718.5,1932.54345703125,160.01922607421875,551.5770874023438,170.6123809814453,725.2941627954319,84075.71875,1935.1820068359375,163.5847275921019,555.5097605205915,172.04129234734563,711.2662055484855,81179.9921875,1872.5089111328125,156.08522805432327,549.6500559715837,167.9516318430601,721.0561644415911,84075.71875,1927.0057373046875,163.01702900544848,555.2934322950165,171.84420371703155,1007300.0,24095774594,10170844746,42074800.0,66041400.0,9986000.0
2025-03-19,726.00537109375,86854.2265625,2057.7490234375,163.22618103027344,557.584228515625,171.2332000732422,737.7019372108001,87021.1875,2068.764404296875,165.19815700358515,561.3399385264869,173.17455380156494,716.2747436130334,82569.7265625,1928.24951171875,160.3478872642785,552.1768030039566,169.24258546770236,720.2756593687121,82718.8046875,1932.5445556640625,161.10480349722013,553.3566169353411,170.4842573041488,1080500.0,34931960257,20065206266,34275600.0,66556000.0,10678500.0
2025-03-20,725.1657104492188,84167.1953125,1982.099853515625,162.14059448242188,555.9718017578125,174.8892822265625,726.4895007795718,87443.265625,2067.483642578125,164.22212545502225,560.9663132490421,176.0718291556694,715.4547994196124,83647.1953125,1952.2432861328125,160.3080509045436,553.1304311253591,172.01174585220568,716.225377439285,86872.953125,2057.951171875,160.91558075554488,553.8481847501696,172.3073863437074,1282400.0,29028988961,13217865782,28138500.0,62958200.0,12209700.0
2025-03-21,707.5418090820312,84043.2421875,1964.8475341796875,163.32579040527344,556.1552734375,174.1600341796875,712.6195441520173,84782.2734375,1994.8914794921875,163.57477782056455,557.0526817242638,174.623200765106,702.5925639713648,83171.0703125,1937.2115478515625,160.2383403768693,550.2878724028328,171.26278448771632,703.1654929218363,84164.5390625,1981.85302734375,160.55705156299513,551.5205297947124,172.36650796464326,1967200.0,19030452299,9708125480,36625800.0,83763000.0,9993200.0
2025-03-22,,83832.484375,1980.037841796875,,,,,84513.875,2005.0411376953125,,,,,83674.78125,1964.27099609375,,,,,84046.2578125,1964.9404296875,,,,,9863214091,6117036512,,,
2025-03-23,,86054.375,2005.2991943359375,,,,,86094.78125,2019.889404296875,,,,,83794.9140625,1977.7093505859375,,,,,83831.8984375,1979.983642578125,,,,,12594615537,7522339707,,,
2025-03-24,719.0211181640625,87498.9140625,2077.47900390625,167.00083923339844,566.1151733398438,178.52561950683594,723.08130468044,88758.7265625,2101.9833984375,167.63826163368083,567.1703352751009,180.2698697762024,717.5392929862061,85541.1953125,1978.7637939453125,164.47113366947016,562.2890000340255,177.0671304757584,719.2088184317491,86070.9296875,2005.7183837890625,166.3933245024789,562.880651498493,177.37263516310404,1104400.0,34582604933,14044912402,30879100.0,58766800.0,11440000.0
2025-03-25,717.9344482421875,87471.703125,2067.76416015625,169.86917114257812,567.4760131835938,178.26939392089844,726.0943756347156,88542.3984375,2096.518310546875,169.93889491315255,568.4127846067184,179.85598232721915,716.6304347810828,86346.078125,2038.64453125,167.63825363596857,565.73055113845,177.18539885277173,723.1899957203517,87512.8203125,2078.568115234375,168.29556886017417,567.3181993393742,179.8165706128999,1244300.0,30005840049,11735658914,24174400.0,38355700.0,8718800.0
2025-03-26,697.2086181640625,86900.8828125,2009.1893310546875,164.3914337158203,560.7013549804688,170.97698974609375,711.2661800573943,88292.15625,2078.369140625,168.92300730211159,568.3339598573967,176.93901458611813,693.7312492010515,85861.453125,1982.412353515625,164.17232359449744,559.3207546377017,168.97651089610858,707.2257706002684,87460.234375,2067.5087890625,168.31547745607713,567.2097618801449,176.62366075907707,1266500.0,26704046038,13178523590,28901600.0,51848300.0,14612400.0
2025-03-27,682.2620239257812,87177.1015625,2002.357421875,161.58287048339844,559.2123413085938,165.7935028076172,693.9684199259154,87786.7265625,2037.3961181640625,164.74998295425303,562.9793497998379,169.11449232663966,680.6517689086317,85837.9375,1987.7177734375,161.3438371056606,557.1020172521603,165.11353420341266,690.0267741915824,86896.2578125,2008.9405517578125,163.96318944763343,559.3109298319079,168.89769030683823,1285500.0,24413471941,11593274543,24508300.0,42164200.0,17559100.0
2025-03-28,666.406494140625,84353.1484375,1895.5029296875,153.7049102783203,547.95068359375,162.84695434570312,679.1106619720495,87489.859375,2015.454345703125,161.1645785777556,558.4135249923543,166.17780760343155,663.9071198468575,83557.640625,1863.0106201171875,153.0077485673884,547.3689030262066,161.6742567768864,676.8286534104309,87185.234375,2002.4105224609375,159.8399637284922,557.6838014665011,165.5963758845333,1393000.0,34198619509,18160526498,48669300.0,71662700.0,16332000.0
2025-03-29,,82597.5859375,1827.3203125,,,,,84567.3359375,1911.90087890625,,,,,81634.140625,1799.2008056640625,,,,,84352.0703125,1895.5496826171875,,,,,16969396135,12194771785,,,
2025-03-30,,82334.5234375,1806.2186279296875,,,,,83505.0,1847.570556640625,,,,,81573.25,1769.4127197265625,,,,,82596.984375,1827.31103515625,,,,,14763760943,9854857162,,,
2025-03-31,654.6011962890625,82548.9140625,1823.47998046875,154.01365661621094,551.6289672851562,163.58607482910156,657.1005099912655,83870.125,1852.5513916015625,154.91000524190235,552.93066066187,163.71418921758297,644.9693329312493,81293.890625,1778.6922607421875,150.04978117819655,539.2826520783074,157.4072471899836,652.2599174041974,82336.0625,1806.3165283203125,152.489854834344,542.201606334121,158.0280907195165,1685000.0,29004228247,15765030938,54603500.0,95328200.0,19408300.0
2025-04-01,659.254150390625,85169.171875,1905.491455078125,156.43382263183594,553.18701171875,166.1876678466797,662.5141536291602,85487.3671875,1926.302978515625,157.45964958057314,555.1297110203275,166.41431901907504,648.3972609176766,82429.359375,1820.350341796875,152.99778409802235,545.9981756472096,162.6597257371973,656.5176940128403,82551.921875,1823.5623779296875,152.99778409802235,549.715889513425,163.97038692869847,1212600.0,28175650319,15001220420,30672900.0,54609600.0,9180000.0
2025-04-02,660.9039306640625,82485.7109375,1795.313232421875,156.40390014648438,556.6878051757812,167.9122314453125,668.1945155046085,88466.953125,1951.1802978515625,157.7683612723421,559.5475341360295,169.2524552734076,652.8230511057417,82343.5390625,1782.76025390625,154.07338200320004,547.1125011420022,163.93098671188565,656.3399138511187,85180.609375,1905.484619140625,154.52155623121885,547.3491617248258,164.42371583931916,1119000.0,47584398470,22593742104,25041700.0,76014500.0,10072700.0
2025-04-03,615.668701171875,83102.828125,1815.63720703125,150.10952758789062,529.2537841796875,155.09141540527344,643.0824671945592,83909.296875,1844.071044921875,152.16118136873095,540.3673821784607,159.4471388189363,615.273583965137,81282.1015625,1751.380859375,149.78086239042807,529.2537841796875,154.9238893166978,641.659972895557,82487.4765625,1794.97607421875,150.49794733089453,537.5470765410741,157.73243614785235,2877100.0,36852112080,16450974373,46883400.0,125986000.0,28370500.0
2025-04-04,598.2127075195312,83843.8046875,1815.335205078125,145.01028442382812,498.2696838378906,144.66526794433594,618.7903331031911,84696.1484375,1833.956787109375,150.4581305746649,518.5740121118964,149.10967904921085,590.4479594177947,81670.75,1760.588623046875,144.7911742710094,498.05273494035157,142.73376324038628,614.4140174128391,83100.25,1815.60986328125,147.41051168463707,516.404523136506,148.69578840627142,4017000.0,45157640207,18061720814,62259500.0,217965100.0,36085100.0
2025-04-05,,83504.796875,1805.9732666015625,,,,,84207.015625,1826.298583984375,,,,,82377.734375,1767.5135498046875,,,,,83844.703125,1815.344970703125,,,,,14380803631,6374712479,,,
2025-04-06,,78214.484375,1576.72802734375,,,,,83704.71875,1815.5748291015625,,,,,77097.7421875,1539.43798828125,,,,,83504.5078125,1805.9630126953125,,,,,36294853736,22154445576,,,
2025-04-07,608.3782348632812,79235.3359375,1555.240966796875,146.15560913085938,497.3821716308594,144.04443359375,644.9397545748076,81119.0625,1634.0411376953125,152.23090799124293,515.9114550791749,151.51420908852614,571.5005248831451,74436.6796875,1415.37353515625,139.96080117715204,475.115432610906,132.2977728138838,579.3937048379854,78221.3359375,1576.9498291015625,140.9766740613606,482.40291724281104,132.5539865509284,4179100.0,91262424987,46073959047,76794100.0,256611400.0,46388300.0
2025-04-08,588.1561279296875,76271.953125,1472.5531005859375,144.11390686035156,489.591796875,139.31423950195312,630.170837366065,80823.890625,1617.33984375,151.62337549950988,517.6963548854247,150.39079656047105,575.8273625412111,76198.0234375,1447.610107421875,142.45067281990836,482.3733480760591,136.95899469131987,624.3620782205829,79218.4765625,1554.93212890625,150.60750263275938,514.6196468974629,149.7699529998641,2585200.0,48314590749,21315312919,52200200.0,165816600.0,30479700.0
2025-04-09,678.932861328125,82573.953125,1668.0400390625,158.0671844482422,541.0084228515625,156.44149780273438,683.9018842536448,83541.0,1687.18798828125,158.90377855359424,541.0084228515625,158.28429992567368,599.5168879091468,74589.671875,1386.79931640625,143.3271257672898,486.20939567811143,135.89468719467052,610.5318136603184,76273.5625,1472.6014404296875,143.83505464618503,486.59399925019795,138.16124418596408,3866700.0,84213627038,39252195855,70406200.0,241867300.0,45612500.0
2025-04-10,641.6796875,79626.140625,1522.518798828125,152.20103454589844,517.3019409179688,148.93231201171875,653.6429416945285,82700.9296875,1669.3941650390625,157.0811818078422,526.0981670837639,153.73148893790835,620.025299003148,78456.1328125,1474.9141845703125,149.322725435418,502.25365007002944,144.77367694134387,648.2194711623505,82565.9765625,1668.2017822265625,155.90595330498695,524.7866027854379,153.23875980669712,2989900.0,44718000633,21379604307,48022000.0,162331200.0,24503500.0
2025-04-11,660.7063598632812,83404.8359375,1567.1497802734375,156.50352478027344,526.5320434570312,154.79579162597656,663.85771063362,84247.4765625,1587.53857421875,157.03137687020202,528.9874872153164,155.7122606276051,643.497446211476,78936.3203125,1505.001953125,152.2010302665367,512.8544826104954,151.02148453114535,648.1108452642059,79625.046875,1522.4730224609375,152.28069286385934,515.7536950429114,153.73149485715285,2163600.0,41656778779,14871838813,33636200.0,97866300.0,19632200.0
2025-04-12,,85287.109375,1643.528564453125,,,,,85856.1875,1666.017578125,,,,,82769.375,1546.819580078125,,,,,83404.515625,1567.15576171875,,,,,24258059104,12110995013,,,
2025-04-13,,83684.9765625,1596.685791015625,,,,,86015.1875,1648.2867431640625,,,,,83027.0078125,1564.8388671875,,,,,85279.46875,1643.5010986328125,,,,,28796984817,13909890792,,,
2025-04-14,664.7171630859375,84542.390625,1622.7698974609375,158.42572021484375,531.6401977539062,153.5738067626953,671.7904426823792,85785.0,1689.8575439453125,161.06498074344722,536.7286411738348,156.28381689181342,654.7000099662099,83690.640625,1596.0865478515625,156.92182649738766,526.453165817952,151.7901297745251,668.2439144018992,83694.5234375,1596.8818359375,159.35194610703772,536.5017912856171,155.9980406217057,1574000.0,34090769777,16518325094,30333000.0,68034000.0,17509400.0
2025-04-15,674.8824462890625,83668.9921875,1588.6324462890625,155.67689514160156,530.151123046875,155.0421600341797,679.1995525342353,86429.3515625,1659.836181640625,159.00336349160088,535.6931457102869,155.94877988850308,668.4908691662913,83598.8203125,1585.2291259765625,154.58135959003184,529.3622343758641,153.78077458147752,671.1482781181412,84539.6953125,1622.7718505859375,158.48548058954378,532.1825399641931,154.21437865026277,2105600.0,28040322885,13175452875,27551500.0,56892900.0,14306600.0
2025-04-16,627.23681640625,84033.8671875,1578.1053466796875,152.7089385986328,518.3668823242188,149.46444702148438,645.2163068177582,85428.28125,1610.7821044921875,155.25856688611364,530.4272422697393,151.30724908845593,616.6071810956731,83100.6171875,1540.0338134765625,150.89630321479305,513.0713913810127,146.3306970870472,639.1605765930034,83674.5078125,1589.031005859375,152.47987446887817,524.3033791384568,148.41001454104955,4028300.0,29617804112,15339621551,28187400.0,83484800.0,23806100.0
2025-04-17,632.4035034179688,84895.75,1582.54833984375,150.54774475097656,519.1064453125,149.53343200683594,639.8126300029012,85449.0703125,1615.306884765625,154.0534763910807,523.8004136549424,155.20966579995059,629.212658863325,83749.75,1564.1956787109375,147.8985151753075,516.6411308627585,149.24764070946162,636.5526263646561,84030.671875,1578.01416015625,153.66505665607545,520.3194209498447,153.78075442377525,1439900.0,21276866029,11312160796,33046600.0,79868100.0,27239900.0
2025-04-18,,84450.8046875,1588.9246826171875,,,,,85095.046875,1599.4168701171875,,,,,84298.8828125,1573.9039306640625,,,,,84900.1875,1582.397216796875,,,,,12728372364,7123507323,,,
2025-04-19,,85063.4140625,1612.9228515625,,,,,85597.703125,1629.051513671875,,,,,84353.4609375,1585.4730224609375,,,,,84450.8671875,1588.9697265625,,,,,15259300427,7168138700,,,
2025-04-20,,85174.3046875,1587.5142822265625,,,,,85306.3828125,1618.436767578125,,,,,83976.84375,1566.6915283203125,,,,,85066.0703125,1612.966064453125,,,,,14664050812,7642784469,,,
2025-04-21,617.1209106445312,87518.90625,1579.7344970703125,147.0718994140625,506.7503356933594,145.70985412597656,625.9821961895748,88460.09375,1656.11962890625,148.34671389265077,514.4618467446136,148.0946612322026,606.6197048179623,85143.8359375,1566.1474609375,145.50826619139812,501.40552056556845,143.71922429600804,624.3423362036698,85171.5390625,1587.4609375,148.27700531179954,513.9293002870572,147.8088849624508,1555100.0,41396190190,15403785611,26049100.0,69368100.0,15170500.0
2025-04-22,630.9512939453125,93441.890625,1757.3316650390625,150.8564910888672,519.9348754882812,149.19837951660156,637.7874306541271,93817.3828125,1773.63916015625,151.5735760354548,521.9564215250564,150.38094149749315,623.3544676723147,87084.53125,1542.0003662109375,147.93835078181212,511.9867032226325,145.29597309774,631.069835137702,87521.875,1579.815185546875,148.2869392297591,512.9235348557764,145.84782733580928,1967000.0,55899038456,23747917555,26971800.0,75948100.0,12668600.0
2025-04-23,650.007568359375,93699.109375,1796.104248046875,154.7207794189453,527.991455078125,155.5151824951172,658.414466621732,94535.734375,1829.7099609375,156.89194229421238,537.8625838932508,158.0478177160972,646.856217571283,91962.9609375,1746.924072265625,153.1870084950911,526.4728430251603,153.7315052566969,656.2016172211202,93427.5859375,1757.196533203125,154.97972084901838,532.9319549297188,157.05249514177993,1849700.0,41719568821,22904644756,31128800.0,90590700.0,17667900.0
2025-04-24,666.8212280273438,93943.796875,1769.8316650390625,158.6348419189453,539.1051635742188,161.79254150390625,670.1010078214109,94016.1953125,1801.69140625,158.9435838456132,539.8348871004667,162.15717131132917,654.5319573538005,91696.7109375,1724.74072265625,155.15897254458986,528.0211182344198,155.10128605521516,658.4538854116201,93692.3984375,1795.9794921875,155.5175149877812,529.2734571828396,155.48561420268192,1770700.0,31483175315,15207402759,45894000.0,64150400.0,18761100.0
2025-04-25,669.0638427734375,94720.5,1786.634521484375,161.3040008544922,543.0003662109375,162.6991729736328,673.489541330191,95768.390625,1826.696044921875,165.4272315126956,543.4046513367819,163.49739179872017,656.5374878760673,92898.59375,1740.3319091796875,160.3877138664607,536.1467793425768,158.8164648268568,658.8194962313459,93954.25,1770.003662109375,164.40140465983956,539.0657336001437,161.5461735186172,1280900.0,40915232364,17459399281,56034000.0,61119600.0,14654800.0
2025-04-26,,94646.9296875,1821.881103515625,,,,,95251.359375,1839.363037109375,,,,,93927.25,1781.473876953125,,,,,94714.6484375,1786.532958984375,,,,,17612825123,11926379867,,,
2025-04-27,,93754.84375,1792.864990234375,,,,,95301.203125,1856.44384765625,,,,,93665.3984375,1785.902099609375,,,,,94660.90625,1822.175537109375,,,,,18090367764,11321944113,,,
2025-04-28,666.666748046875,94978.75,1798.851806640625,159.95945739746094,543.2073974609375,161.0238800048828,668.3315248434267,95598.4921875,1827.4822998046875,162.48916256089402,545.8699492792146,162.91597317100084,655.0925423548823,92860.8046875,1747.726806640625,157.95760427833062,537.4583271221219,158.16605695319885,666.0820651298083,93755.3046875,1792.4461669921875,161.77207767108948,543.7399439376,162.60061929768105,1007600.0,32363449569,17043640437,29745800.0,47613800.0,11415600.0
2025-04-29,660.076904296875,94284.7890625,1799.1756591796875,159.5113067626953,546.6292724609375,162.08815002441406,667.5288136235604,95485.4140625,1842.0330810546875,160.0889594093041,547.7435994540236,163.58605060170078,656.9950866565276,93796.6328125,1782.28125,156.88200017636458,540.9393072120234,161.12240526131373,659.58143288914,94981.859375,1798.9122314453125,159.6706623611363,541.294298062473,161.98961323293727,1104000.0,25806129921,14734257744,26809000.0,47775100.0,9830100.0
2025-04-30,662.0291748046875,94207.3125,1793.775390625,158.15679931640625,546.8462524414062,164.26602172851562,663.43629684127,95249.3203125,1816.68994140625,158.62489684356424,548.7988227140515,164.49267289309688,645.5597080174331,92979.640625,1736.1429443359375,154.7705615625615,534.0069337400583,159.3978560527475,651.6341930645907,94286.46875,1799.2091064453125,157.34011335090173,539.9729835885655,161.16181952822436,1042100.0,28344679831,14810431362,34981100.0,93101500.0,10073000.0
2025-05-01,660.681396484375,96492.3359375,1839.2215576171875,160.6466827392578,550.7216186523438,170.20835876464844,669.035098042627,97437.9609375,1872.9395751953125,161.29404393761732,556.2439589647481,172.2384004565738,656.4600306938321,94153.6328125,1793.151123046875,158.26636366652554,550.1200963901105,168.46409336346292,669.035098042627,94212.859375,1794.041015625,159.80011945187778,552.5952816524762,170.28719723306986,1066300.0,32875889623,15861442721,30203200.0,63186100.0,22670600.0
2025-05-02,684.07763671875,96910.0703125,1842.7078857421875,163.36561584472656,558.8966674804688,176.67295837402344,688.7053231782842,97905.8984375,1869.530029296875,164.3018109241553,560.4941864598073,178.02303139923274,679.3904356214919,96375.9453125,1814.73046875,161.21436100650547,554.5774316657111,174.56407826658196,680.1039459682711,96494.96875,1839.1748046875,162.7481319399907,556.894803218062,177.18540088745686,1215500.0,26421924677,13570171872,25715000.0,60717300.0,21691200.0
2025-05-03,,95891.796875,1833.8397216796875,,,,,96943.8828125,1848.246826171875,,,,,95821.2890625,1812.815673828125,,,,,96904.6328125,1842.7181396484375,,,,,15775154889,8344452620,,,
2025-05-04,,94315.9765625,1808.59423828125,,,,,96318.921875,1849.99853515625,,,,,94173.4296875,1804.4951171875,,,,,95877.1875,1833.647216796875,,,,,18198688416,8918979887,,,
2025-05-05,677.1707153320312,94748.0546875,1819.697509765625,163.54489135742188,555.6918334960938,173.83482360839844,684.1667696803639,95193.1875,1832.05078125,164.72010459701127,558.788283367358,177.46131766915752,676.5464164759352,93566.265625,1783.3148193359375,162.06092097475153,553.9069479669498,173.6870108904853,678.7958761790862,94319.5625,1808.7049560546875,162.3397856484502,554.7648727126054,176.3970209894858,903700.0,25816260327,11389336489,21341800.0,38659200.0,14618900.0
2025-05-06,673.8312377929688,96802.4765625,1815.0875244140625,162.56884765625,551.047119140625,169.77474975585938,680.1534581918734,96889.1796875,1820.796630859375,164.13249581033162,555.533979770925,172.198983719197,669.3819139488568,93399.859375,1753.3154296875,160.53711717512775,549.2326812616892,168.10932287166196,670.1845752605745,94748.3828125,1819.7340087890625,161.51314352018753,550.1891944565425,170.09010362034877,765100.0,26551275827,13206516310,21277200.0,48264700.0,14565600.0
2025-05-07,694.0465087890625,97032.3203125,1811.606689453125,150.76686096191406,553.364501953125,172.0018768310547,695.6022963921943,97625.8046875,1849.658447265625,164.33169015930102,555.997440916007,173.42093912102015,677.2698528335255,95829.3359375,1788.6873779296875,147.24119073545722,548.3253535066884,168.87797597404165,679.5688476079546,96800.1953125,1815.0189208984375,163.41541831659652,552.3783761794856,171.56828783080934,1041400.0,76983822462,50540755039,127490100.0,55588000.0,9682500.0
2025-05-08,701.6173095703125,103241.4609375,2206.5146484375,153.6551055908203,557.2202758789062,172.67198181152344,710.3177565217185,103969.5390625,2222.20556640625,155.29841637896206,562.3974366423718,174.86954932107042,699.3083957471905,96913.875,1809.4569091796875,152.28069025725696,553.9069074354913,171.13466947168257,704.6792891697722,97034.25,1811.54638671875,154.37219053033292,557.3977713110521,172.79023198015787,1040500.0,69895404397,37777245241,57498700.0,65130800.0,10343000.0
2025-05-09,699.8137817382812,102970.8515625,2345.50732421875,152.1313018798828,556.51025390625,173.95309448242188,704.0748239568841,104297.4921875,2486.0068359375,154.42198900650553,559.6263849147109,177.83580239292604,697.5247061418034,102343.09375,2186.054443359375,151.58352655875794,554.9521583078488,173.90381856254703,702.7866103301928,103239.125,2206.128173828125,153.5455484927057,558.6205173502777,177.1853963391371,884000.0,58198593958,43766026875,32435300.0,37603400.0,11582800.0
2025-05-10,,104696.328125,2582.422607421875,,,,,104961.765625,2597.54345703125,,,,,102830.484375,2320.235107421875,,,,,102973.7109375,2345.760498046875,,,,,42276713994,30265913403,,,
2025-05-11,,104106.359375,2510.23779296875,,,,,104937.9921875,2603.264404296875,,,,,103364.7421875,2441.730712890625,,,,,104701.0703125,2582.71044921875,,,,,46285517406,26496368543,,,
2025-05-12,743.4053344726562,102812.953125,2496.397705078125,157.8181915283203,574.9014892578125,184.26097106933594,743.7224434409628,105747.453125,2620.897216796875,158.45559870977985,574.9113601462691,186.4191269454637,722.773897180287,100814.40625,2411.594482421875,155.61713606908535,569.0340285188223,181.92543993391493,723.8044559655198,104106.9609375,2510.289306640625,156.85211913184455,573.402558732667,184.55661153839023,2571500.0,63250475404,32121858921,44138800.0,78993600.0,22064900.0
2025-05-13,756.9813232421875,104169.8125,2680.129638671875,158.88385009765625,578.6981201171875,191.16905212402344,757.9425088461818,104997.421875,2736.89013671875,159.9196462677562,580.9070323903663,191.45482840147343,737.7966222820199,101515.09375,2418.32568359375,155.52750456311006,574.7536167184122,184.99022466055303,738.510132637565,102812.4921875,2496.33740234375,158.14684186881533,575.3156554869938,184.99022466055303,1815600.0,52608876410,33528741590,42382100.0,67947200.0,19996000.0
2025-05-14,761.9458618164062,103539.4140625,2610.063232421875,164.7001953125,579.437744140625,191.92784118652344,766.6925169113906,104303.5625,2721.949951171875,166.32359816964652,580.8084133986617,193.36661683149055,757.3479328284373,102618.296875,2549.68505859375,158.9635305710967,577.4161378946785,190.42009128402404,758.0713017751244,104167.328125,2680.26220703125,159.3121190412647,579.6546629482465,192.44028368106098,1156100.0,45956071155,26602676588,48755900.0,66283500.0,12359000.0
2025-05-15,751.4913940429688,103744.640625,2546.85693359375,163.2958984375,582.2679443359375,191.3957061767578,760.0531546555042,104153.6171875,2645.07421875,165.53678497348048,582.77081800724,191.66178411967616,748.3699604012647,101440.8125,2482.212890625,161.71232706903228,576.9822635531588,188.84337286932217,756.7532980789821,103538.828125,2610.02783203125,165.16827329805872,577.4359031534708,190.2919977274667,1511000.0,50408241840,26637688883,33146700.0,71268100.0,10241800.0
2025-05-16,741.3244018554688,103489.2890625,2536.297607421875,165.51686096191406,585.9559936523438,191.3957061767578,746.625982964238,104533.484375,2645.60791015625,168.66406524073284,586.2518193704545,192.2432008894349,735.4877938059867,103137.4765625,2532.027099609375,164.94916241420358,581.1042713102905,189.7697060479343,746.0611382209285,103735.65625,2547.058349609375,167.05061660833445,583.0469103495059,191.70119583419375,1095100.0,44386499364,21298907763,42846900.0,76052100.0,9146700.0
2025-05-17,,103191.0859375,2475.75439453125,,,,,103716.9453125,2537.78173828125,,,,,102659.1796875,2449.0693359375,,,,,103489.2890625,2536.297607421875,,,,,37898552742,18830706230,,,
2025-05-18,,106446.0078125,2498.233642578125,,,,,106597.171875,2585.697021484375,,,,,103142.6015625,2344.668212890625,,,,,103186.953125,2475.76953125,,,,,49887082058,25005164865,,,
2025-05-19,742.3450317382812,105606.1796875,2529.166748046875,165.8654327392578,586.5969848632812,190.6861572265625,743.207147190434,107068.71875,2545.461181640625,165.9650337738735,587.27741416191,190.6861572265625,730.5924638998079,102112.6875,2353.427001953125,163.5548376666196,579.9406348417033,186.0643559710847,733.0301446338868,106430.53125,2498.800048828125,163.8436563518303,579.9406348417033,186.25159543059593,977900.0,61761126647,27351331811,30426100.0,68168500.0,10144400.0
2025-05-20,741.9784545898438,106791.0859375,2524.173095703125,163.31581115722656,584.6246337890625,190.6368865966797,742.1964330078029,107307.1171875,2585.619873046875,167.8175076045031,585.8079967408526,190.91281369090606,734.5859983925498,104206.515625,2446.44677734375,162.24018376555952,581.4197250633151,188.03527753904623,738.8767983107713,105605.40625,2529.135009765625,165.75588463789506,584.8613545300925,189.01088657449586,777200.0,36515726122,23453322578,46607700.0,60614500.0,7054100.0
2025-05-21,730.4933471679688,109678.078125,2552.34716796875,167.8772735595703,574.7733154296875,188.97145080566406,748.9446987866405,110724.4609375,2614.060791015625,172.43872486137178,584.3584902721909,192.4304185609461,728.8285703845946,106127.234375,2454.537841796875,162.89752522096424,573.7477661832594,187.75934148267626,742.2261374995361,106791.3125,2524.1591796875,163.02700354080346,580.2759146876367,190.29197616431466,1058700.0,78086364051,31952904125,73416000.0,95197700.0,7375700.0
2025-05-22,733.9913940429688,111673.28125,2664.156982421875,170.1779022216797,575.000244140625,193.33705139160156,740.4424417874758,111970.171875,2691.102294921875,176.05401394301808,578.4812376730355,193.96774405354802,727.5007303574095,109285.0703125,2546.434814453125,170.0185618363875,573.3434994709072,188.55757298996878,729.6510594447941,109673.4921875,2552.766845703125,171.15394376538748,574.5761569887384,188.55757298996878,863500.0,70157575642,26596978352,74864400.0,70860400.0,11825000.0
2025-05-23,725.8557739257812,107287.796875,2526.44189453125,167.78762817382812,571.0753173828125,189.18824768066406,729.3240741655256,111798.90625,2731.220703125,169.2715985296926,573.7378691727489,189.99633056537473,715.976101988669,106841.3046875,2504.87353515625,167.2099755896054,567.6140060747297,187.26660733359293,718.0372197267063,111679.359375,2664.08203125,168.3752347830085,567.988738706783,189.2276744265463,1525200.0,67548133399,30536501878,35211400.0,76029000.0,9403100.0
2025-05-24,,107791.15625,2530.646240234375,,,,,109454.5234375,2575.13134765625,,,,,106895.2890625,2516.01806640625,,,,,107278.5078125,2526.387939453125,,,,,45903627163,11380899856,,,
2025-05-25,,109035.390625,2551.763916015625,,,,,109313.3046875,2553.869140625,,,,,106683.375,2467.880126953125,,,,,107802.2734375,2530.89013671875,,,,,47518041841,14556431364,,,
2025-05-26,,109440.3671875,2564.138427734375,,,,,110376.8828125,2598.566650390625,,,,,108735.640625,2530.321533203125,,,,,109023.78125,2551.380859375,,,,,45950461571,14936610009,,,
2025-05-27,749.9356689453125,108994.640625,2663.06982421875,172.19967651367188,582.9482421875,194.8053741455078,754.3156801890341,110744.2109375,2712.28515625,172.4685871557562,583.105995819489,195.42621763729747,743.1576532580675,107609.5546875,2512.588623046875,169.31142880693562,570.4046917584021,190.88325463150926,744.5647752662034,109440.40625,2564.140869140625,169.4707843872067,577.9387066880435,191.27744694252618,1385100.0,57450176272,26264200536,37995700.0,72588500.0,12228200.0
2025-05-28,739.748779296875,107802.328125,2682.212890625,171.66188049316406,579.5758056640625,193.28778076171875,749.5392997934487,109298.2890625,2688.7421875,174.56009759174123,584.5459191469531,195.18972300545514,738.0641643037874,106812.9296875,2611.160888671875,171.21370619473115,578.8460820656009,192.63737470716228,745.3277925519063,108992.171875,2663.01025390625,172.45864324425892,583.3526850377893,193.23850484178575,1244000.0,49155377493,19087366068,34784000.0,68445500.0,17787600.0
2025-05-29,740.3036499023438,105641.7578125,2632.65478515625,171.16390991210938,581.863525390625,194.2830810546875,752.670596776328,108910.046875,2784.75244140625,173.71353862116436,584.9698457847473,196.89455434633763,738.0938667976259,105374.3984375,2620.982666015625,169.93889608019336,577.9387639052553,193.22864858392163,750.9662041802322,107795.5703125,2681.84326171875,173.29524158580244,584.8317737253767,196.5595021621241,1166000.0,56022752042,27567479811,29317300.0,69973300.0,14609900.0
2025-05-30,730.0970458984375,103998.5703125,2529.943603515625,171.04440307617188,581.2127685546875,190.5087890625,739.2038138944248,106308.9453125,2648.2607421875,171.51250064033223,582.9286180198035,193.06112222675617,716.4517423230753,103685.7890625,2510.163818359375,166.76181642373982,575.1480700909575,187.78891476946802,738.2624060092855,105646.2109375,2632.8359375,170.65598330984582,580.7591289651484,192.9231586783342,1785400.0,57655287183,24599403943,52639900.0,90601200.0,11998300.0
2025-05-31,,104638.09375,2529.08740234375,,,,,104927.1015625,2550.483642578125,,,,,103136.1171875,2484.215576171875,,,,,103994.71875,2529.833984375,,,,,38997843858,13992843765,,,
2025-06-01,,105652.1015625,2536.266357421875,,,,,105884.546875,2547.77294921875,,,,,103826.953125,2472.540771484375,,,,,104637.296875,2529.0966796875,,,,,37397056873,13287852482,,,
2025-06-02,739.7686157226562,105881.53125,2607.097412109375,168.3453826904297,584.4866943359375,192.00668334960938,740.1847947963448,105958.3125,2615.515625,169.18197682154243,584.5655410710423,192.32203720983154,726.0241823614439,103727.546875,2477.292724609375,166.71202573097702,576.9428072484826,189.4050741503753,726.6484812131533,105649.8125,2536.184814453125,167.1602000728598,579.6053591727813,190.23285547810895,812600.0,45819706290,16744168824,38612300.0,61630500.0,7447400.0
2025-06-03,740.4820556640625,105432.46875,2593.2802734375,165.50689697265625,587.8197631835938,194.7364044189453,741.7702692917316,106813.578125,2652.418701171875,167.79758408844376,588.7960181097066,195.28825863030664,725.5683776464559,104920.84375,2582.25048828125,164.61054841286258,583.6385391723649,190.8241339828809,726.0241726555228,105888.4765625,2607.197509765625,166.8116037120677,584.121791379625,191.52381595314938,1085100.0,46196508367,18291179016,45084900.0,63606200.0,9548300.0
2025-06-04,736.0526733398438,104731.984375,2608.64306640625,167.3693389892578,587.6619873046875,199.45672607421875,745.9521842698983,105997.6953125,2677.970458984375,167.5386486033552,589.6539808386906,201.06302769089294,733.7040827772387,104232.703125,2585.73779296875,165.68618167672102,587.2280895107962,197.46611141254567,744.3765582817335,105434.3671875,2593.482666015625,166.0646474005772,588.6777258495218,198.45156957504062,1160000.0,44544857105,18621211035,26900800.0,57314200.0,13531100.0
2025-06-05,740.9874267578125,101575.953125,2416.28564453125,167.52870178222656,584.8218994140625,200.383056640625,749.6086415511394,105936.6875,2640.60400390625,170.23767092126516,590.6893600195378,202.76786355953618,737.2614720070524,100436.8828125,2395.753662109375,166.9112026488037,582.8496477946317,199.3384734073802,747.2997278018654,104750.78125,2608.607177734375,169.65006425936653,589.3383724752952,201.9006706125036,1506500.0,57479298400,26194462737,36379100.0,92278700.0,12214300.0
2025-06-06,746.1997680664062,104390.34375,2477.19482421875,172.97653198242188,590.8275756835938,202.19630432128906,755.1974851606724,105376.7734375,2530.391845703125,173.79321800916722,592.4941311146165,203.29016351428606,745.9817291991595,101169.5703125,2387.608642578125,170.1380845314093,588.5791794005468,200.27466385707774,749.2122124106389,101574.3671875,2416.455078125,170.1380845314093,590.3541942517979,200.61958023853305,1345100.0,48856653697,19407449565,35731800.0,66588700.0,8532000.0
2025-06-07,,105615.625,2526.50537109375,,,,,105972.7578125,2543.048828125,,,,,103987.3125,2459.13720703125,,,,,104390.6484375,2477.183349609375,,,,,38365033776,11664303387,,,
2025-06-08,,105793.6484375,2510.787109375,,,,,106497.0625,2547.467041015625,,,,,105075.328125,2493.920166015625,,,,,105617.5078125,2526.193359375,,,,,36626232328,12097170203,,,
2025-06-09,763.2241821289062,110294.1015625,2681.51708984375,175.58908081054688,591.3599243164062,203.98985290527344,775.1154961257762,110561.421875,2693.806640625,175.96800471005412,592.9081490758875,206.22684728997706,750.2031787865695,105400.234375,2479.867919921875,173.87397240224888,590.1864321834666,202.87628029741273,750.2031787865695,105793.0234375,2510.838134765625,174.04348698482235,591.3993476813894,203.39857195455645,1769400.0,55903193732,20605172560,28935900.0,53016400.0,11472300.0
2025-06-10,777.8603515625,110257.234375,2813.517578125,178.0919647216797,594.7128295898438,209.37046813964844,781.15028896239,110380.125,2824.80810546875,180.59481935710423,595.0973729509094,210.1292601718448,769.4571758553369,108367.7109375,2658.67724609375,174.41245877453574,590.7781968461302,206.90682249431035,772.0534411890566,110295.6875,2681.285400390625,175.69878257607027,591.8924637491524,208.5328226054736,1715500.0,54700101509,35555755055,61766100.0,66247000.0,14514000.0
2025-06-11,776.9884033203125,108686.625,2773.529296875,176.8455047607422,593.0166015625,210.9866180419922,790.0291845713057,110384.21875,2877.62939453125,179.8569029175766,596.6652790904382,214.26818079294267,773.6191734484225,108086.328125,2746.4599609375,176.24720547354727,590.9556323288738,209.8533320285805,782.8943839782366,110261.796875,2813.73974609375,179.2586188457646,595.8073544523882,211.87352445518428,1365900.0,50842662052,30705408054,31646800.0,73658200.0,13326400.0
2025-06-12,779.0892944335938,105929.0546875,2651.795166015625,175.20018005371094,595.37353515625,213.07351684570312,782.4188482979517,108780.6953125,2784.2626953125,176.21728270194464,595.37353515625,213.51860660495478,775.254349977218,105785.6875,2619.966552734375,174.25288557862032,591.2022416981604,209.59203114779444,778.326248992127,108685.9140625,2773.597900390625,175.6788103288989,591.6854337777163,210.59097785383761,999600.0,54843867968,25924959613,20941900.0,64129000.0,9796100.0
2025-06-13,754.1075439453125,106090.96875,2579.486083984375,174.17312622070312,588.7171630859375,208.7908935546875,765.9294854381101,106182.546875,2651.91552734375,176.6261351195968,593.499849631983,210.9272549746671,752.9877736341115,102822.0234375,2443.962646484375,171.8996131999643,587.218232455665,207.10947689198082,759.9442121192088,105924.59375,2651.91552734375,171.9494740114175,590.1963519379123,207.811717213781,1742900.0,69550440846,37986747138,27663100.0,89506000.0,10152500.0
2025-06-14,,105472.40625,2533.444091796875,,,,,106203.7578125,2580.158203125,,,,,104379.3671875,2491.49072265625,,,,,106108.0859375,2579.721435546875,,,,,38007870453,14285000473,,,
2025-06-15,,105552.0234375,2546.837158203125,,,,,106157.1015625,2558.677734375,,,,,104519.8828125,2493.20458984375,,,,,105464.84375,2533.183349609375,,,,,36744307742,13961893828,,,
2025-06-16,768.2086181640625,106796.7578125,2540.60498046875,176.26715087890625,594.318359375,213.32077026367188,772.1327736845626,108915.375,2680.087646484375,176.43666545813562,596.0638215052488,215.2197815638836,759.0423966594183,104997.625,2517.145263671875,174.15317124562452,591.8924679557008,210.4030419502233,759.428878892676,105555.59375,2547.226806640625,174.23294549738824,592.0700235861916,210.6700927724219,1454500.0,50366626945,22792449577,27389200.0,79984100.0,10932900.0
2025-06-17,752.9778442382812,104601.1171875,2510.761474609375,175.44947814941406,589.2398071289062,211.5602569580078,766.2069680100803,107750.1953125,2617.9013671875,176.85547082344988,593.4012293190596,213.57795094713933,751.3428247714434,103396.53125,2456.64892578125,174.08338020939252,588.4804709653109,211.16463837952938,759.8352125330003,106794.1171875,2540.314453125,175.20018931566514,591.8826171802143,211.55037177570432,1422800.0,55964092176,25653232897,24973000.0,82209400.0,8389700.0
2025-06-18,754.7417602539062,104883.328125,2524.301513671875,172.8269805908203,589.1510620117188,211.1646270751953,761.0441425435803,105581.8515625,2546.62744140625,176.0577543370001,592.8785866278505,212.8163579443363,747.4087586458311,103602.265625,2469.05029296875,172.70731159680278,588.1944885876793,210.56129896559096,757.803739926053,104602.0703125,2510.81689453125,175.50931582595604,590.1371879149127,212.35149783897486,1372500.0,47318089133,19873957905,28707500.0,76605000.0,6932000.0
2025-06-19,,104684.2890625,2521.653564453125,,,,,105250.890625,2546.76953125,,,,,103940.7734375,2486.101806640625,,,,,104886.7734375,2524.404052734375,,,,,37333806920,12782730709,,,
2025-06-20,749.6781005859375,103309.6015625,2407.30419921875,166.16598510742188,587.7673950195312,207.21827697753906,762.0450492738272,106539.3828125,2569.0146484375,173.84407909995153,592.8906208578056,213.14276101134945,729.5817484857589,102372.2109375,2371.474365234375,164.98934896898635,586.3629131433069,205.87315268488268,761.4108312687154,104681.03125,2521.5263671875,173.45518907949074,591.8224395288368,212.84603953216853,2303900.0,50951862476,22592586688,75659900.0,94051400.0,16992000.0
2025-06-21,,102257.40625,2300.49560546875,,,,,104015.78125,2448.41162109375,,,,,100973.0625,2222.8125,,,,,103315.078125,2407.34765625,,,,,38360555118,16108791762,,,
2025-06-22,,100987.140625,2228.213134765625,,,,,103351.6328125,2313.85302734375,,,,,98286.203125,2116.681396484375,,,,,102212.03125,2298.8427734375,,,,,65536997201,28458151601,,,
2025-06-23,772.6578979492188,105577.7734375,2421.824951171875,164.72007751464844,593.572998046875,208.01942443847656,773.6785980739468,106116.859375,2434.23974609375,166.86395520731054,593.9586781700418,208.2864601805501,752.928253235609,99705.75,2191.418212890625,161.53914984557392,585.403509483969,203.94448074674293,754.3651324050307,100987.4765625,2228.484619140625,165.7970070061314,588.5189525073708,204.36978504466168,1302800.0,65237759656,26247439429,57671000.0,87426000.0,7535500.0
2025-06-24,805.9933471679688,106045.6328125,2448.0087890625,166.2956085205078,600.1304321289062,217.6825408935547,806.0924777528596,106316.828125,2481.222900390625,167.74148079179992,601.1886530620405,217.95947690490735,778.990151650754,104740.2421875,2379.5693359375,165.65742968002243,596.7973078378046,211.54047745877085,778.990151650754,105571.515625,2421.83056640625,166.4451757427373,597.7072691809916,212.04489338833162,2039600.0,48822986421,19539047009,40524300.0,67735300.0,14814700.0
2025-06-25,807.8562622070312,107361.2578125,2419.310302734375,170.19447326660156,600.4666748046875,220.30357360839844,812.1173044860844,108168.3984375,2468.677978515625,171.86970222006798,601.940336500435,221.05525494829968,798.9179380928583,105881.390625,2394.607421875,167.07338726794845,598.903972841808,218.38479179951528,809.3525956300313,106047.40625,2448.7373046875,167.15316152434053,601.247995602986,218.38479179951528,1400100.0,51624120283,17158118625,35479000.0,62114800.0,9168400.0
2025-06-26,790.8616333007812,106960.0,2416.146728515625,173.0463409423828,605.16455078125,221.55967712402344,793.6263421748816,108305.546875,2519.619873046875,173.19592338119924,605.5997312639034,222.75644826556345,779.3765786572204,106666.3515625,2399.533935546875,169.4565906415466,601.7029070585035,220.26400888049588,792.5164909828328,107375.0703125,2419.15478515625,171.9394978428303,602.3161076886594,222.5190680554059,1705800.0,43891990613,18300413888,31796700.0,78548400.0,7982200.0
2025-06-27,788.7410278320312,107088.4296875,2423.866943359375,178.0221405029297,608.1713256835938,226.06979370117188,798.1946014979425,107772.46875,2463.15478515625,178.17170771682706,609.6351477759472,226.37640035066002,781.3089559455852,106449.9921875,2386.324951171875,171.241481190895,604.1360808658505,221.57944605159514,795.667709153022,106954.921875,2416.023193359375,173.046329910377,606.1636033457827,221.84649688161542,1201000.0,45353692675,15309834970,108140200.0,86258400.0,13133000.0
2025-06-28,,107327.703125,2437.109375,,,,,107567.8828125,2448.191650390625,,,,,106883.9765625,2407.76171875,,,,,107090.546875,2423.92529296875,,,,,30037708335,8273074809,,,
2025-06-29,,108385.5703125,2500.9599609375,,,,,108526.3046875,2523.320556640625,,,,,107230.109375,2417.625244140625,,,,,107327.8203125,2437.11474609375,,,,,35534874438,12500580479,,,
2025-06-30,794.1317138671875,107135.3359375,2486.46435546875,175.72866821289062,611.0790405273438,224.01255798339844,795.1721917747337,108798.7890625,2521.720458984375,180.71444454135903,612.4340220516922,225.6543887018925,786.8482475496587,106759.6484375,2438.054931640625,174.0833681106488,608.2998373553096,222.3410415335963,789.2661505497156,108383.4375,2500.60546875,180.26572771487326,610.6142201701539,224.95216344629193,1080400.0,42064804590,16859727663,63378900.0,92502500.0,9279800.0
2025-07-01,783.310546875,105698.28125,2405.792724609375,175.33978271484375,610.88134765625,222.22235107421875,788.2950183228245,107550.6796875,2500.591796875,175.58907153758963,612.0484090785977,226.09948579271006,775.4523775203113,105270.2265625,2389.81591796875,173.03635642713306,608.7746849801475,218.7606355049018,780.9124821704085,107144.3828125,2486.428466796875,175.24007631497474,609.6054458188352,224.9422704501106,1065800.0,44110692247,15025451796,35904500.0,70030100.0,9990200.0
2025-07-02,792.3480834960938,108859.3203125,2571.33544921875,178.13182067871094,613.650634765625,231.04476928710938,793.2498149495709,109763.65625,2616.78369140625,178.35119606008848,613.6901746824169,231.26236402149354,765.8601378664023,105157.3984375,2378.3935546875,174.5719841997796,609.8526899336259,221.5497729797945,769.2095298062145,105703.1015625,2405.857421875,175.04063318866915,610.4757907292374,222.02451826759608,1383000.0,56248657737,22792512025,29128900.0,66510400.0,12012500.0
2025-07-03,787.30419921875,109647.9765625,2591.00732421875,179.019287109375,618.4869995117188,232.2316436767578,791.2977284678428,110541.4609375,2635.192138671875,179.15888824066795,619.4167005776212,234.98123344483452,779.4856445748076,108605.796875,2558.58251953125,176.5463462627362,615.6088560521965,230.71838078612137,779.8423695325702,108845.015625,2570.796630859375,177.99221838299502,615.628656191773,231.3118086321642,910700.0,50494742270,20873559425,21689700.0,51065800.0,7779600.0
2025-07-04,,108034.3359375,2508.518310546875,,,,,109751.984375,2601.11962890625,,,,,107296.3828125,2475.7548828125,,,,,109635.65625,2590.845703125,,,,,42616442656,17222740209,,,
2025-07-05,,108231.1796875,2517.280029296875,,,,,108381.34375,2529.84228515625,,,,,107842.2734375,2489.00244140625,,,,,108015.8359375,2508.095947265625,,,,,30615537520,9289382302,,,
2025-07-06,,109232.0703125,2571.236572265625,,,,,109731.625,2603.064697265625,,,,,107847.015625,2505.370849609375,,,,,108231.1875,2517.280029296875,,,,,36746020463,13190436110,,,
2025-07-07,777.9793701171875,108299.8515625,2543.01318359375,176.28707885742188,613.8780517578125,226.66323852539062,786.3032539967263,109710.25,2589.324951171875,178.78994839919216,617.1913758193931,230.0062714664003,776.701015096821,107527.0546875,2517.903564453125,175.1802358653973,611.0988485499288,224.95216623245454,778.346014143184,109235.328125,2571.395263671875,178.550625649566,616.5286747873084,229.09633663166315,1363700.0,45415696597,18440266947,34175600.0,74814500.0,13817500.0
2025-07-08,786.9076538085938,108950.2734375,2615.505859375,173.86399841308594,613.5418090820312,225.36756896972656,791.1588371321144,109198.96875,2626.66455078125,177.44378228214464,615.2923708557059,227.81055224441735,771.6768678010873,107499.5546875,2525.437744140625,172.31840465770773,612.7307881009865,225.05106202459137,775.5712657497864,108298.2265625,2542.97265625,177.34407588154812,614.5406899285775,227.26656536489236,1327800.0,44282204127,17537487206,40442500.0,59024600.0,8854400.0
2025-07-09,792.5858764648438,111326.5546875,2770.777587890625,176.11756896972656,617.2210083007812,229.30401611328125,793.6461926254892,111925.375,2794.5185546875,178.92955429499338,617.8737488887257,230.71838191577604,785.2924907558848,108357.6796875,2591.947021484375,172.27853009035698,614.1055045789822,227.72152675753793,785.7285080510816,108950.2734375,2615.505859375,174.75147104078385,615.945166968477,227.92922122251156,1334300.0,57927418065,27229452849,43025600.0,66113300.0,9475300.0
2025-07-10,794.8253784179688,115987.203125,2954.84521484375,177.11473083496094,618.9617919921875,227.24676513671875,803.753722705326,116608.78125,2995.152099609375,177.92242424511252,620.000273214104,230.50078592789444,790.7723955428638,110660.75,2757.2666015625,173.88395719435462,616.1825885407072,225.27854240766604,801.6033936525048,111329.1953125,2770.7373046875,175.1304013990042,617.3595500232223,230.23373509678026,1498900.0,95911605728,33929201261,29252400.0,57529000.0,13124700.0
2025-07-11,794.6668090820312,117516.9921875,2957.88623046875,179.6774444580078,616.7858276367188,227.8797607421875,795.9154067763517,118856.4765625,3038.14111328125,180.91390748840172,618.0122289852302,229.72931598676968,789.3058347635133,115245.6875,2916.95654296875,175.97799101310056,614.7187654701638,226.89069925443167,789.8508412459548,115986.234375,2954.832763671875,176.28710677069904,615.9154666088177,228.4732036715932,932400.0,86928361085,36226558863,34282900.0,63670200.0,8817800.0
2025-07-12,,117435.2265625,2942.91162109375,,,,,118219.8984375,2979.780029296875,,,,,116977.0234375,2907.193603515625,,,,,117530.7109375,2958.333740234375,,,,,45524560304,16317198254,,,
2025-07-13,,119116.1171875,2973.35888671875,,,,,119449.5703125,3016.3935546875,,,,,117265.4375,2938.736572265625,,,,,117432.203125,2942.853515625,,,,,49021091807,17361753131,,,
2025-07-14,799.42333984375,119849.703125,3013.350830078125,181.04351806640625,617.9627685546875,226.16871643066406,805.4086736196497,123091.609375,3079.985595703125,183.14751640721383,618.3089087938923,227.33581697763913,782.7160572017547,118959.1953125,2965.32373046875,179.16886118965368,614.9857451789246,223.83453042859637,790.3958646141297,119115.7890625,2973.22509765625,180.49507959550706,616.3308265898004,226.82150071497813,1456900.0,181746419401,36349290556,32536600.0,51898500.0,10673500.0
2025-07-15,815.5657958984375,117777.1875,3139.8896484375,181.48226928710938,615.3220825195312,234.35813903808594,819.0737117799708,119935.5625,3142.42724609375,183.69595532751242,620.9793689858044,235.10983549985696,806.8355918934,115765.6875,2934.371337890625,181.08341324296114,615.242942324076,231.29205718637814,815.5261194761149,119853.8515625,3013.29345703125,182.28996266650833,620.6431287961128,231.8953853555923,2099600.0,98321661181,39013656112,33448300.0,74317300.0,14270100.0
2025-07-16,747.6168823242188,118738.5078125,3371.5068359375,182.44952392578125,617.3792724609375,234.96145629882812,754.0084761198997,120065.515625,3422.60302734375,183.80565587223137,617.883693134462,235.703252451527,723.9828578912155,117064.8203125,3102.477783203125,181.5121954195811,611.2769051241828,231.58875283583902,747.5276708510635,117777.1875,3139.8896484375,182.71876014286474,616.9045519994012,233.81414129393565,10789600.0,72162029070,46771354461,33104200.0,88987500.0,15092800.0
2025-07-17,738.1632080078125,119289.84375,3476.784423828125,183.05776977539062,621.1574096679688,242.9135284423828,749.9950679956227,120999.609375,3521.685302734375,183.53640005379035,621.5135103761386,245.5642062147579,735.2795909412881,117508.21875,3315.9990234375,179.96658229342344,617.3397251475282,238.74957257830778,740.0559427117539,118738.5078125,3371.5068359375,181.6218637248093,617.5573456006476,243.10143746413144,4078500.0,72363841798,47532846793,31992600.0,68885700.0,27395700.0
2025-07-18,727.9268798828125,118003.2265625,3549.016357421875,184.53358459472656,620.7024536132812,237.7703857421875,745.2783003936839,120851.9140625,3674.855224609375,185.8897166113161,622.5716954836944,243.2794657076245,727.6791441484651,116925.984375,3463.38623046875,183.1874338704536,619.5947323692288,236.07909897757617,745.2683812871329,119284.109375,3476.1240234375,184.87261379502777,622.4035753929759,242.62668147586376,2567200.0,77945799785,59198465810,34014500.0,65621600.0,16252000.0
2025-07-19,,117939.9765625,3595.273681640625,,,,,118541.3984375,3608.275634765625,,,,,117388.4140625,3512.97314453125,,,,,117998.125,3548.926025390625,,,,,47564562765,26031719746,,,
2025-07-20,,117300.7890625,3759.471435546875,,,,,118865.03125,3819.398681640625,,,,,116550.1328125,3582.349609375,,,,,117944.109375,3595.240478515625,,,,,57515447231,44600451066,,,
2025-07-21,713.1617431640625,117439.5390625,3763.371337890625,189.5592498779297,621.87939453125,236.23733520507812,726.2620390943458,119671.5625,3856.76708984375,189.74869662525765,624.6189973413707,239.68915003359933,712.80501825376,116584.3984375,3705.353759765625,185.6204738288338,621.4541141003111,236.09886720467728,724.3792234860516,117306.46875,3758.920654296875,185.72019545617198,621.87939453125,237.49343239018577,2650300.0,69820091744,42611467663,45803100.0,63375000.0,11971800.0
2025-07-22,699.09033203125,119995.4140625,3749.1455078125,190.7957000732422,621.9683837890625,232.03382873535156,712.5473526684917,120269.96875,3798.100341796875,191.10481579575136,622.8288447335428,235.39663172321676,694.8392090418353,116233.2265625,3624.140380859375,186.9267476808465,619.3276609031153,229.22488266848907,711.8041455420826,117426.5,3762.882080078125,190.9552485801447,622.2057439990875,235.22849308301156,3425100.0,79217583118,45248868820,44660200.0,60046300.0,11919500.0
2025-07-23,710.4366455078125,118754.9609375,3629.70361328125,189.68887329101562,627.2598876953125,237.701171875,713.449089978301,120113.3515625,3765.0263671875,191.98233382433085,627.2598876953125,237.86931053295794,701.7163605817867,117391.390625,3532.8564453125,188.6418570458734,622.8289417416837,233.79438164345882,708.7322528485805,119997.4453125,3749.238525390625,190.95526494810704,624.6290041031127,235.91097282581484,3379400.0,66608604537,41283228953,58681900.0,70511000.0,9885400.0
2025-07-24,718.5128784179688,118368.0,3708.005615234375,191.62332153320312,627.4674682617188,238.957275390625,720.0488277813349,119535.453125,3771.381591796875,197.38687762988894,629.1785504969665,239.3034378763647,711.8537108315942,117247.96875,3514.999267578125,190.45665172284095,627.0421878119985,235.42631842966208,716.4616194040461,118770.984375,3629.731689453125,196.4694966306823,627.6454884244192,237.58248044627922,2037100.0,72627318560,40377960354,74881700.0,71307100.0,9081900.0
2025-07-25,704.80810546875,117635.8828125,3727.266845703125,192.63046264648438,630.1181640625,242.9135284423828,706.6909210857901,118486.9765625,3744.820068359375,193.77720042486192,630.5929449174781,243.54652724562774,700.2001970010399,114759.8203125,3579.962890625,190.71592620592727,627.8829815173922,238.3044978886934,702.7172305609095,118368.0,3708.005615234375,191.43387927305906,628.1302418329662,238.68034611595448,2312100.0,104857024569,42264509577,39785900.0,56865400.0,11593400.0
2025-07-26,,117947.3671875,3741.39599609375,,,,,118335.6875,3789.789794921875,,,,,117181.2265625,3702.774169921875,,,,,117644.84375,3727.2373046875,,,,,48508954046,24635287361,,,
2025-07-27,,119448.4921875,3875.24658203125,,,,,119815.59375,3876.93359375,,,,,117859.6875,3733.681640625,,,,,117944.7265625,3741.25732421875,,,,,54683390892,28897450394,,,
2025-07-28,723.3783569335938,117924.4765625,3787.42578125,192.03216552734375,629.9598388671875,240.0946807861328,728.7492502124155,119819.7890625,3940.652099609375,193.49798500525145,631.0477599275997,241.2815515759682,721.8919426677597,117441.4375,3756.515869140625,190.29710986369858,628.5751571845921,238.41327924287592,728.4916558781794,119457.5234375,3875.255859375,193.0991137642733,630.4938993278172,240.34194616284356,2253900.0,64822943193,35831336149,38139500.0,54917100.0,11892200.0
2025-07-29,713.7885131835938,117922.1484375,3793.454833984375,195.1931610107422,628.29833984375,238.69021606445312,722.1633437588,119273.8671875,3883.997802734375,195.36267559548023,631.670943868378,241.30133784767156,711.0167915242523,116987.3671875,3716.88330078125,191.53360267868564,627.388438817005,237.1967386171479,718.0007588188047,117938.5859375,3788.319580078125,191.88259792418754,631.3544434316219,238.8583547101592,2292900.0,68463107433,35540435995,41389200.0,60556300.0,9411500.0
2025-07-30,716.7291870117188,117831.1875,3808.20166015625,195.970947265625,627.5070190429688,240.25294494628906,719.2823774323086,118780.7265625,3832.884033203125,197.0379108346005,630.6917023127537,241.89479074280126,710.8181088501017,115800.828125,3683.14453125,194.13618500265545,624.6189756546709,238.58142851060097,712.1990279048554,117921.9921875,3793.58251953125,195.04360005779435,628.9509803708415,239.47157786964024,1407000.0,68896148592,34392494235,32445400.0,80418900.0,6823800.0
2025-07-31,690.1642456054688,115758.203125,3696.707763671875,191.35411071777344,625.1531372070312,238.97703552246094,702.910249926079,118919.984375,3877.47021484375,195.43248777249184,632.8379457731452,244.7037100762124,686.6871475599273,115505.21875,3685.004150390625,190.54641729704366,623.8574957354674,237.17695143480157,701.7777555030082,117833.6328125,3808.24609375,195.15328548422434,632.4522656090571,243.2893442791621,2892200.0,69370346018,32839839444,51329200.0,103385200.0,13490700.0
2025-08-01,685.3062133789062,113320.0859375,3488.365966796875,188.5919952392578,614.9066162109375,232.6371612548828,688.8925770177763,116060.7734375,3722.585693359375,190.2871562824159,619.476041722763,234.59549879241723,679.0076720914544,112724.4453125,3432.3798828125,187.28572417197353,612.5032535330552,229.3040137488738,685.4850282839045,115738.953125,3696.144287109375,188.49227361862017,619.4364414435403,233.042664998658,1627100.0,91294530181,46261558200,34832200.0,140103600.0,13549800.0
2025-08-02,,112526.9140625,3392.7412109375,,,,,114021.6015625,3535.558837890625,,,,,112005.765625,3370.943115234375,,,,,113320.390625,3487.956787109375,,,,,56870866000,30165065282,,,
2025-08-03,,114217.671875,3497.379150390625,,,,,114747.421875,3520.831298828125,,,,,111943.8046875,3357.93896484375,,,,,112525.8046875,3392.744384765625,,,,,48099615826,19363593865,,,
2025-08-04,694.78369140625,115071.8828125,3718.986083984375,194.48516845703125,624.2530517578125,236.38571166992188,694.8731291668861,115729.46875,3734.9775390625,194.71452513752175,624.3024917393647,236.38571166992188,688.3660015176297,114130.40625,3491.554931640625,189.579166069655,618.7243458354196,233.80426040742444,691.0284575391662,114223.921875,3497.613037109375,189.7486806495505,618.813325728958,235.3076381969098,1025600.0,35783028986,30905749658,31547400.0,73218000.0,6450700.0
2025-08-05,685.1173706054688,114141.4453125,3611.8994140625,194.1162109375,621.088134765625,229.92713928222656,691.0781092544945,115117.4375,3720.656494140625,197.29713862348967,625.6773001361546,236.01976204025797,679.762625833176,112701.109375,3547.62109375,193.33843105874547,620.1683337507773,227.6522947033383,690.1740299366949,115072.1875,3719.81787109375,194.15610566816423,624.866279158634,235.72304055746707,1261200.0,61039182286,32778742296,31602300.0,68051400.0,11868900.0
2025-08-06,686.438720703125,115028.0,3683.920654296875,195.53219604492188,625.845458984375,228.83917236328125,687.8990726436663,115737.8359375,3698.124755859375,196.0706684741306,626.4981995520814,229.66009528365544,680.9548214545554,113372.25,3567.095947265625,193.11908183595835,621.2463937026511,226.3170774140901,683.1503821344697,114140.9140625,3612.038818359375,193.94672263242092,622.1562946160922,228.50289504897336,1218700.0,56379133510,26924415763,21562900.0,64357500.0,9457200.0
2025-08-07,708.4537353515625,117496.8984375,3914.325927734375,195.96096801757812,625.3212890625,239.96609497070312,712.2090302436505,117676.90625,3926.204345703125,196.9780554903085,629.9994345491891,245.12899717944072,701.9962677285597,114279.7109375,3650.365966796875,193.77719542929833,622.2156852544556,238.16601089845722,709.3478705075195,115030.0546875,3684.06201171875,196.49942519635405,629.2675537310744,241.79586477231484,1723800.0,64051649681,38627826066,26321800.0,74205800.0,17691000.0
2025-08-08,717.593505859375,116688.7265625,4009.848876953125,200.84703063964844,630.1972045898438,239.1847381591797,718.7657772522705,117689.203125,4068.84765625,202.03364795164893,630.6620853000642,240.50019173112435,705.8011820634027,115917.4609375,3882.443115234375,196.60912036272285,626.7949007710238,236.3560217387914,707.7483179951599,117505.5,3914.110595703125,196.65898117376335,627.1114011688534,240.50019173112435,1042900.0,59713005166,45460293892,39161800.0,64051600.0,10552500.0
2025-08-09,,116500.359375,4263.59912109375,,,,,117906.609375,4323.76123046875,,,,,116363.8359375,4007.709228515625,,,,,116678.2734375,4009.150634765625,,,,,54004312429,45279715746,,,
2025-08-10,,119306.7578125,4254.2177734375,,,,,119320.7109375,4332.21044921875,,,,,116485.1640625,4163.9404296875,,,,,116497.71875,4263.552734375,,,,,64755458694,36173931367,,,
2025-08-11,716.590087890625,118731.4453125,4226.966796875,200.42822265625,628.9509887695312,239.44189453125,727.071041579603,122321.09375,4362.0927734375,200.90685295750995,631.9478122276477,242.6662446749137,714.8118226284242,118159.03125,4168.875,198.50372015999918,627.7047873460086,238.89790768874101,719.2624882350508,119306.8125,4254.2314453125,200.36839577051538,630.474150672182,239.39243843795268,1179700.0,90528784177,49989853803,25832400.0,58742300.0,8272900.0
2025-08-12,736.9360961914062,120172.90625,4590.9248046875,202.76156616210938,635.6469116210938,241.61782836914062,738.4858859498975,120302.46875,4634.05517578125,203.9182700251912,635.8051316570012,242.09258875760275,718.7459095863145,118228.71875,4222.3623046875,200.01938893683175,629.8115442075018,239.05616269373908,720.7825439776524,118717.6640625,4227.20703125,200.7971688962253,631.2951060550639,241.05407115917808,1461800.0,72803657984,57237189036,30397900.0,64730800.0,7295800.0
2025-08-13,750.6259155273438,123344.0625,4756.27587890625,201.385498046875,637.82275390625,238.79901123046875,751.2517979569845,123682.453125,4784.6689453125,203.94817934449617,639.10849531226,243.73441846195115,742.648430933925,118939.6328125,4566.23876953125,196.94814463612107,635.6369512596368,237.31541897887973,745.718238119105,120168.9765625,4590.65771484375,203.5493232968563,637.8424936799373,243.73441846195115,2011900.0,90904808795,62550014642,28342900.0,60092800.0,7971900.0
2025-08-14,750.2682495117188,118359.578125,4548.16650390625,202.3627166748047,637.882080078125,238.3638153076172,752.0465146858643,124457.1171875,4788.5517578125,203.85844975532365,638.5447207235369,238.739663497255,739.6879143176434,117254.8828125,4461.28173828125,200.65757426824428,635.300697252298,234.22954558912295,742.3901473276953,123339.3984375,4756.04345703125,200.9268104830451,635.7457174616427,235.36696024782208,1577400.0,104055627395,75681632806,25230400.0,59327500.0,11040500.0
2025-08-15,737.3036499023438,117398.3515625,4439.98876953125,203.31996154785156,636.3886108398438,236.26702880859375,742.2610487750376,119332.3125,4667.72998046875,205.85274455493158,639.0095939138803,238.16602518092384,731.8396391483265,116864.5703125,4375.54541015625,200.70741950553764,635.4787099260534,234.66473882890776,733.6676257894104,118365.78125,4549.07568359375,203.270115954676,638.9106535836406,237.70116504327265,1635100.0,68665353159,55445715824,34931400.0,68592500.0,8155500.0
2025-08-16,,117491.3515625,4426.18017578125,,,,,117996.0625,4493.1494140625,,,,,117271.953125,4379.16455078125,,,,,117398.421875,4439.998046875,,,,,48036922378,26816931514,,,
2025-08-17,,117453.0625,4473.271484375,,,,,118595.7734375,4575.87646484375,,,,,117279.5234375,4400.71337890625,,,,,117492.7890625,4426.259765625,,,,,45852169525,31348101438,,,
2025-08-18,742.6583862304688,116252.3125,4312.5048828125,202.92111206054688,636.2501220703125,238.76934814453125,743.1054537776765,117614.171875,4484.009765625,204.68608127587706,636.942462907598,240.20348434804967,734.6014686572025,114723.6796875,4229.3798828125,201.91399064284568,635.1424008771667,237.36488257963254,734.8299442462272,117453.90625,4473.33056640625,203.61911775674488,635.814941575414,237.36488257963254,1086400.0,72787808090,53518423360,18526600.0,43804900.0,6919800.0
2025-08-19,738.7442016601562,112831.1796875,4073.464111328125,200.99661254882812,632.7984008789062,230.15463256835938,750.7451736170599,116764.5,4355.0751953125,202.86128819689205,637.0512656505922,237.54292396837397,736.8566706194454,112730.3984375,4070.535400390625,199.39119181596234,631.4829592777961,230.0359500051085,746.6223047301025,116241.859375,4312.5302734375,202.45245084896237,636.0721245937336,237.3945707643104,1121300.0,71657600353,50440367102,24240200.0,69750700.0,14594700.0
2025-08-20,744.5856323242188,114274.7421875,4334.50048828125,198.7530059814453,631.1170043945312,226.09947204589844,748.5097972566164,114625.796875,4376.78955078125,200.70742189093835,632.6500060324975,226.52476126016785,733.3496427933679,112387.9609375,4064.965087890625,196.04074228977996,626.013578858981,221.2530614883864,745.8870577911601,112828.0234375,4073.168212890625,200.15898342104597,632.3929060531275,225.6444971011653,1368400.0,67993811526,49577862965,28955500.0,88890300.0,17165200.0
2025-08-21,730.587890625,112419.03125,4223.2099609375,199.18177795410156,628.5850830078125,224.84335327148438,736.6479506579662,114802.6484375,4338.826171875,201.9040077554449,630.9785456585483,227.8105377802662,727.3193801287421,111986.234375,4205.77685546875,198.86268094385764,626.864161086776,223.78505021924937,734.5219393226331,114275.6875,4334.5673828125,199.18177795410156,629.3071240874224,225.6543758561067,952700.0,57817883700,33618359942,19774600.0,54805800.0,7449100.0
2025-08-22,749.9503784179688,116874.0859375,4831.3486328125,205.50375366210938,638.2380981445312,230.4414520263672,756.5866604429264,117377.3984375,4884.22802734375,207.9467813600623,639.4150594466402,231.8854734132166,735.5253708926426,111678.9453125,4209.47216796875,200.72738596931413,630.2664294390896,223.69604512662985,736.826796458924,112433.734375,4223.73095703125,202.15331089436756,630.7708500494616,225.50602954319973,1456000.0,82528088240,75965521535,42827000.0,84083200.0,10299500.0
2025-08-23,,115374.328125,4776.09033203125,,,,,116996.25,4831.61083984375,,,,,114536.109375,4669.72509765625,,,,,116866.3671875,4831.08837890625,,,,,55377142586,36503623278,,,
2025-08-24,,113458.4296875,4779.6474609375,,,,,115615.0859375,4953.73291015625,,,,,111060.546875,4714.47265625,,,,,115387.390625,4776.70458984375,,,,,73961489632,52405003873,,,
2025-08-25,749.523193359375,110124.3515625,4372.98779296875,207.89691162109375,635.4292602539062,233.0129852294922,753.2983158342089,113637.84375,4796.35009765625,209.92113563994843,638.218363635622,234.68450150793558,747.1687063663652,109324.28125,4343.947265625,204.69603644956018,635.3105801411765,229.70952358237176,749.8112739080176,113456.8984375,4779.76953125,205.84275894542606,636.9820621561176,231.73710258931123,731100.0,85706860190,63936163545,29928900.0,51274300.0,7655000.0
2025-08-26,758.2060546875,111802.65625,4600.4267578125,206.55075073242188,638.0897827148438,236.1087646484375,758.50407952676,112397.015625,4632.0732421875,207.258737698756,638.4359833484747,236.21756201810857,750.9637175967132,108762.0390625,4316.30078125,205.11484464858782,634.5391586749303,233.15146530329247,753.8050494263949,110124.1015625,4372.88037109375,206.91969332896332,635.1622594491828,233.78446406541104,860100.0,69396320317,53829747706,28464100.0,51581600.0,9793100.0
2025-08-27,764.9614868164062,111222.0625,4503.39306640625,206.88978576660156,639.543701171875,236.6725311279297,765.5377085507255,112619.4140625,4659.9873046875,208.31572581537765,640.2755819843173,236.7813285018608,752.8313614108685,110398.265625,4489.2978515625,205.0649896678173,637.3578984386413,232.8646532241043,755.0269220525568,111795.7109375,4600.51025390625,205.11485047791405,637.5062787617181,234.27900399332705,1140700.0,62137056409,43509902322,23022900.0,48341100.0,9516400.0
2025-08-28,758.4642944335938,112544.8046875,4507.177734375,211.03794860839844,641.80859375,235.6636962890625,768.1107178997624,113450.078125,4629.03125,211.61630051242363,642.362454403162,238.02755275522975,755.8912155100617,110900.921875,4435.109375,206.31142697470574,638.2678697444891,233.4185223777531,764.96147788441,111219.0546875,4503.63134765625,206.66043741838072,640.1470117905141,233.71524385677907,985400.0,58860155962,36045274078,32339300.0,61519500.0,8466200.0
2025-08-29,737.7606201171875,108410.8359375,4360.15283203125,212.30435180664062,637.9810180664062,228.3446502685547,748.6687524766203,112619.0546875,4513.859375,214.03939239893296,640.7404816664739,233.36908508472473,734.9491214006522,107559.625,4272.45947265625,209.60205408045064,636.0919759234915,228.05782904057912,748.072702864104,112550.5234375,4507.63134765625,209.91116980825524,640.374480883152,233.26028770337896,1317800.0,77843379644,46899991962,39728400.0,74522200.0,15526000.0
2025-08-30,,108808.0703125,4374.1533203125,,,,,108929.3515625,4413.27490234375,,,,,107444.4453125,4264.1953125,,,,,108409.40625,4360.0888671875,,,,,51486264208,25883112278,,,
2025-08-31,,108236.7109375,4390.01904296875,,,,,109491.0,4497.1767578125,,,,,108104.65625,4373.5966796875,,,,,108818.4609375,4374.8935546875,,,,,47986191770,26683044984,,,
2025-09-01,,109250.59375,4314.47021484375,,,,,109890.5859375,4490.3466796875,,,,,107271.1796875,4221.24755859375,,,,,108228.75,4389.6259765625,,,,,66870372995,37530746508,,,
2025-09-02,721.1004028320312,111200.5859375,4325.36572265625,210.74879455566406,633.2533569335938,225.89175415039062,722.4416055378973,111748.015625,4414.93408203125,211.0778424398192,633.4709169972102,226.83135955189434,711.5135836353696,108454.03125,4260.45947265625,205.61343524607918,627.9619508913343,223.161949858343,712.516984439053,109243.0703125,4314.39111328125,207.84706876322787,630.5136938017484,223.6762509693863,1867400.0,74776999491,39884692334,47523000.0,81983500.0,13974900.0
2025-09-03,731.9986572265625,111723.2109375,4450.38916015625,230.00387573242188,636.6853637695312,228.85894775390625,733.4689535066278,112600.2265625,4489.19873046875,230.65202067745025,637.1502445176759,229.90735056526964,724.7861530232791,110582.9609375,4286.2060546875,224.15056299666938,633.4413400681225,226.09947271440987,727.4287207476906,111190.6953125,4324.6962890625,225.56653710048252,635.6270824559713,228.98753058273127,1330300.0,61119643565,35260873497,103336100.0,70820900.0,7198500.0
2025-09-04,748.4998779296875,110723.6015625,4298.744140625,231.63919067382812,642.00634765625,232.6371612548828,751.9472033053224,112208.328125,4483.451171875,231.70898363627637,642.0360478647699,232.73605834941404,730.6176620188429,109347.2265625,4268.5888671875,225.46679662750995,636.4578416280056,227.7808656845428,732.2270565999575,111718.1484375,4450.2158203125,228.996719869086,637.3578424589464,228.81938327434523,1532700.0,60131132901,34919798552,51684200.0,65219200.0,6241900.0
2025-09-05,776.5849609375,110650.984375,4306.98876953125,234.33151245117188,640.1469116210938,240.74745178222656,777.97576366098,113357.4921875,4484.361328125,235.08934505645462,645.062476969223,241.87498123443484,761.2261015640292,110233.3984375,4258.0498046875,231.24032471140728,636.2797877246134,235.29771351998644,769.8095803071244,110723.015625,4298.8369140625,231.53947436612376,644.3404359625918,237.61212878873405,1887300.0,60241647677,44163736676,46588900.0,85178900.0,14056600.0
2025-09-06,,110224.6953125,4274.2421875,,,,,111275.015625,4327.43994140625,,,,,110024.0859375,4244.7548828125,,,,,110650.5703125,4306.97314453125,,,,,21500719036,18108246446,,,
2025-09-07,,111167.6171875,4305.34765625,,,,,111591.078125,4334.2744140625,,,,,110211.625,4271.5341796875,,,,,110221.328125,4274.1669921875,,,,,24618007520,17426783536,,,
2025-09-08,791.039794921875,112071.4296875,4308.072265625,233.5829620361328,641.7196044921875,244.48611450195312,793.47377564879,112869.234375,4381.27490234375,237.66498669397225,642.7185457406785,245.16856935138122,781.6019574942356,110630.609375,4279.97216796875,233.21368944217105,640.1371023874503,238.97703470505294,784.4830058054048,111163.015625,4305.38134765625,235.01017746372742,641.5118841129237,239.34299772238555,1284500.0,40212813407,32277142378,32474700.0,63133100.0,12986600.0
2025-09-09,799.8616333007812,111530.546875,4309.04150390625,239.16204833984375,643.2031860351562,248.17530822753906,800.5670092416653,113225.4375,4381.2265625,240.00040430810463,643.7273464852004,251.9436301044328,787.9302110847016,110776.703125,4277.85302734375,232.7745373112583,640.1272219983028,244.2289474339731,789.9966175739469,112077.578125,4308.283203125,233.71270408816554,641.8580441132016,244.2289474339731,1324100.0,45984480722,30703320925,38061000.0,66133900.0,13443400.0
2025-09-10,787.9500732421875,113955.359375,4349.14599609375,238.70294189453125,645.0625,257.5911865234375,804.3023278085084,114275.25,4450.41796875,241.1880848518513,647.3768223058731,261.68588554992897,785.8439503924894,110940.078125,4286.0625,237.38552753776509,643.4997982019892,254.9306086009324,801.5405503732806,111531.25,4309.091796875,238.4334648921733,646.4570213518696,256.0383526818429,1634300.0,56377473784,39521365146,35141100.0,78034500.0,18822400.0
2025-09-11,798.89794921875,115507.5390625,4461.2333984375,239.90060424804688,650.4231567382812,256.0779113769531,803.8553480683051,115522.546875,4471.69873046875,241.77693788592924,651.1154976382888,258.7780600831707,793.2849563972857,113453.8359375,4339.716796875,235.78865459463688,646.4274520986086,255.40535681473955,794.4572277863832,113961.4296875,4349.2001953125,239.41157085914617,647.0109525903231,257.5021623226766,1297800.0,45685065332,35959212991,30599300.0,69934400.0,10005000.0
2025-09-12,808.5443725585938,116101.578125,4715.24609375,240.3297576904297,650.2054443359375,256.4933166503906,810.4419082788515,116769.3828125,4734.27392578125,241.6072568290254,651.8868261792371,258.09562170431815,801.0239001748648,114794.484375,4453.28466796875,237.53522261387997,649.7010841125947,255.55372629485313,803.229404960221,115507.7890625,4461.4794921875,239.90058949520323,650.393364548417,257.9967095132713,1019700.0,54785725894,43839753626,26771600.0,72780100.0,8496600.0
2025-09-13,,115950.5078125,4668.1796875,,,,,116334.6328125,4763.361328125,,,,,115248.2734375,4609.12548828125,,,,,116093.5625,4714.70361328125,,,,,34549454947,34843845977,,,
2025-09-14,,115407.65625,4609.59765625,,,,,116181.5,4690.64208984375,,,,,115222.3984375,4581.84716796875,,,,,115950.2890625,4668.17138671875,,,,,32798036057,28394160275,,,
2025-09-15,861.6248168945312,115444.875,4526.8203125,251.11865234375,653.6671142578125,258.52093505859375,863.0355081572743,116747.8828125,4670.5302734375,251.91709313601174,653.7956944276398,259.9253856777809,828.4632338207432,114461.0625,4469.861328125,244.18222746714693,652.114372883025,255.9196981284078,829.4666345951199,115399.6328125,4609.72314453125,244.18222746714693,652.4110731340584,257.15602517250636,2702300.0,52937859416,40224062009,58383800.0,63772400.0,8147700.0
2025-09-16,872.6720581054688,116843.1875,4503.564453125,250.66954040527344,652.7671508789062,260.0111389160156,875.6922047289595,117005.2734375,4537.599609375,252.54585880051692,654.5276730798186,264.35689969082887,861.8930791327846,114813.09375,4428.330078125,248.98283818718852,651.9858301119879,258.5724633115559,874.1821314172141,115423.7578125,4526.078125,251.58774200911427,654.2210123755038,263.84097609726933,1832400.0,45781744593,32761501436,34109700.0,61169000.0,10381900.0
2025-09-17,866.5623168945312,116468.5078125,4592.7333984375,249.04270935058594,651.9561157226562,260.7354736328125,871.887229158817,117328.609375,4617.23486328125,251.10867430438276,654.4682584259048,262.7396700447274,855.5448576776456,114794.9765625,4429.64453125,245.7990560449756,647.1295902463727,257.6993996314724,862.5487138450699,116840.5078125,4503.6357421875,250.7294115061419,652.7770367516476,262.2733433698033,1553300.0,60528025996,44120899417,34108000.0,101952200.0,10422000.0
2025-09-18,921.7288818359375,117137.203125,4589.9189453125,251.537841796875,655.0023803710938,266.5397033691406,932.5376928587309,117911.7890625,4643.97265625,253.49402106561863,657.603563340362,268.42484252175296,910.0359406561616,116188.796875,4556.27001953125,249.31220074129322,653.0341982051615,255.96304293480085,922.5931840962506,116461.265625,4592.44287109375,251.18851917528045,654.6364399867887,255.98287566814,3176100.0,49457272032,33497259158,31239500.0,90459200.0,16917300.0
2025-09-19,926.0504760742188,115688.859375,4470.9169921875,254.22259521484375,658.2465209960938,262.7991638183594,932.5079431522956,117479.7578125,4620.79296875,255.5000944688687,659.0895125014193,264.4858848314026,919.8115403151527,115141.8203125,4443.2646484375,251.31827407979023,654.9438659954435,260.75527192480314,920.0102437370169,117137.671875,4589.505859375,252.7554645478164,656.8877828567474,264.2874363784624,2410200.0,38828473971,30352619653,55571400.0,97945600.0,17640200.0
2025-09-20,,115721.9609375,4482.265625,,,,,116191.1484375,4509.81201171875,,,,,115473.5234375,4459.1591796875,,,,,115691.125,4470.978515625,,,,,22864449614,18056494322,,,
2025-09-21,,115306.09375,4451.3291015625,,,,,115901.0859375,4499.38916015625,,,,,115252.578125,4447.119140625,,,,,115730.2265625,4482.583984375,,,,,22495852193,19330306133,,,
2025-09-22,951.5325927734375,112748.5078125,4202.87744140625,252.036865234375,661.3607788085938,270.49853515625,958.22847966498,115431.3125,4457.08251953125,255.28051872493555,661.8070328507519,274.19935397621805,947.3501798507093,112037.6484375,4092.396728515625,249.81122418035432,656.7291073786307,263.37467693651274,954.6321721022479,115309.21875,4451.58056640625,253.93314887572123,656.7588899327194,264.45615148973303,1885000.0,70684158591,58221334533,32290500.0,69452200.0,15630300.0
2025-09-23,957.2052001953125,112014.5,4165.50390625,251.16856384277344,657.7606201171875,280.4997253417969,971.0837572088097,113351.9140625,4227.7314453125,253.8632882566711,661.8566899635472,283.7640121414001,949.74433281634,111535.5703125,4120.8154296875,249.9908602190898,656.540685502851,277.8109209775945,958.0992745874239,112757.4765625,4203.021484375,252.54585863312587,661.2417286303936,280.19215138731926,1664800.0,47211853279,32460075911,26628000.0,81708900.0,17830300.0
2025-09-24,940.7437133789062,113328.6328125,4153.46923828125,246.6573944091797,655.6678466796875,278.5153503417969,947.3601070794964,113986.2734375,4206.90185546875,251.85722723296598,659.1490153831234,279.0114412520244,934.7929185643868,111229.640625,4081.34765625,245.95876438662486,654.2496039734066,274.55655456745717,943.5054909560096,112007.6640625,4165.41259765625,251.16857220037895,659.0498612769777,278.1184836694121,1400700.0,48044595085,33538388785,28201000.0,68082200.0,10231000.0
2025-09-25,943.3365478515625,109049.2890625,3868.333984375,245.30999755859375,652.6429443359375,274.4970397949219,946.4261828187862,113541.0859375,4162.0625,246.00864273328935,653.9917550046746,274.97329799297,930.9878916129946,108713.3984375,3829.0107421875,240.26987173165682,649.0328388399253,268.077621884693,932.0608415432263,113330.1640625,4153.52099609375,243.9227126560544,652.5338627083877,270.9847074969126,1272600.0,75528654284,68963092031,31020400.0,89622100.0,11863400.0
2025-09-26,945.293701171875,109712.828125,4035.887939453125,246.0585479736328,656.3820190429688,271.2228088378906,948.9694415300652,110359.1953125,4069.168701171875,248.93292875938775,656.9274877414105,273.3460924748757,936.5810686976481,108728.9765625,3868.43359375,245.4896689933639,652.4743904900326,268.5042403297755,940.0482220081285,109041.296875,3868.69091796875,246.58752699597628,654.0910020825955,271.7486942723661,955200.0,57738288949,47873508328,18503200.0,69179200.0,10451900.0
2025-09-27,,109681.9453125,4018.658203125,,,,,109778.5,4038.45166015625,,,,,109144.296875,3975.758056640625,,,,,109707.140625,4035.91455078125,,,,,26308042910,20382555776,,,
2025-09-28,,112122.640625,4141.4765625,,,,,112375.484375,4143.00390625,,,,,109236.9453125,3969.79296875,,,,,109681.9453125,4018.65966796875,,,,,33371048505,24631307054,,,
2025-09-29,956.3110961914062,114400.3828125,4217.341796875,243.5734100341797,658.2266845703125,271.0938720703125,965.7092160118251,114473.5703125,4234.78271484375,250.65953566268354,659.8135740530697,277.68194415661844,956.0726763457752,111589.953125,4087.92724609375,242.295910900337,656.4216318338509,271.0938720703125,957.4237625615306,112117.875,4141.3564453125,247.3659922504587,658.9010899003678,274.32836448215124,1213800.0,60000147466,38560429932,32505800.0,73499000.0,8046200.0
2025-09-30,961.7553100585938,114056.0859375,4145.95751953125,242.6252899169922,660.7061157226562,277.1064758300781,969.255894352754,114836.6171875,4238.67138671875,242.8149061000678,661.1722852976668,277.304894031587,956.7681391273325,112740.5625,4095.443603515625,238.78280195485732,656.173659297658,271.68914115820706,961.7055887259944,114396.5234375,4217.05517578125,242.33584768941728,657.4828203674869,273.1675126962315,1303600.0,58986330258,37679153330,34724300.0,86288000.0,8348800.0
2025-10-01,996.7051391601562,118648.9296875,4351.1123046875,244.4217529296875,662.9574584960938,286.21466064453125,998.7814293245407,118648.9296875,4351.1123046875,245.81902814560354,663.8698820443607,288.2089555817036,958.5067239564164,113981.3984375,4125.5419921875,238.1440427490887,657.6117327913598,275.00301937242045,959.2915327759255,114057.59375,4146.03369140625,240.2798631456683,657.7208144097488,276.263079250509,1963800.0,71328680132,46161664723,31658200.0,72545400.0,14620100.0
2025-10-02,1023.4290771484375,120681.2578125,4487.923828125,245.21022033691406,663.7210693359375,285.85748291015625,1033.423185997617,121086.40625,4517.6650390625,246.32802833371,665.0600128657511,294.40018392472103,1015.2032286180248,118383.15625,4336.5263671875,241.82684091969116,661.3011766397112,284.7859398924857,1032.2012539647048,118652.3828125,4352.24072265625,244.67126631775048,664.9410037342527,294.201735453789,1689100.0,71415163912,48074066058,25483300.0,56896000.0,10198000.0
2025-10-03,1025.4654541015625,122266.53125,4514.87060546875,244.87088012695312,663.7112426757812,289.9056091308594,1033.0455306782835,123944.703125,4591.44384765625,245.8190218960462,667.1527012490268,293.7453479391941,1018.7496796728663,119344.3125,4431.47900390625,241.18808361984188,662.6698219114437,288.2188879210599,1024.253466495647,120656.984375,4486.9345703125,244.01255894852343,664.4848020775174,290.57035399568434,1352300.0,83941392228,49603450230,30249600.0,70494400.0,10572500.0
2025-10-04,,122425.4296875,4489.197265625,,,,,122857.640625,4519.52685546875,,,,,121577.5703125,4444.0126953125,,,,,122267.46875,4514.9091796875,,,,,36769171735,21832270764,,,
2025-10-05,,123513.4765625,4515.4228515625,,,,,125559.2109375,4616.533203125,,,,,122191.9609375,4472.138671875,,,,,122419.671875,4489.05322265625,,,,,73689317763,44880806324,,,
2025-10-06,1036.4730224609375,124752.53125,4687.771484375,249.94094848632812,666.0914916992188,300.0357666015625,1052.0702381055455,126198.0703125,4736.208984375,250.82922509816828,666.9841207809839,304.8974513064171,1033.2938894884508,123196.046875,4492.8701171875,244.10238160883648,663.9591941673339,297.59500788147363,1033.6316306796916,123510.453125,4515.30078125,244.30198799944458,666.1014192164715,297.6644678735823,1385400.0,72568881188,44992456374,28894700.0,54623300.0,15785000.0
2025-10-07,995.741455078125,121451.3828125,4451.15185546875,245.2800750732422,663.6219482421875,291.731201171875,1038.0130177584977,125184.0234375,4755.22021484375,249.95094390133718,667.4601442579947,304.6990240193715,994.4499737328994,120681.96875,4443.5712890625,245.04055349112926,662.1838505424819,290.9870648531753,1036.0062161902745,124752.140625,4687.7099609375,247.78518329877946,667.0138297258598,304.22276587496935,1667800.0,76149412513,54879425294,23181300.0,72020100.0,13081000.0
2025-10-08,981.3462524414062,123354.8671875,4527.64794921875,244.14230346679688,667.5791625976562,302.1391906738281,985.1015470767868,124167.09375,4556.2216796875,245.52958847857047,667.6783772359653,304.0044973014673,971.0242249631912,121119.1796875,4417.76806640625,243.3438778825467,663.919480237528,291.68161630829576,971.5507860077827,121448.3515625,4451.10791015625,244.4816510919942,664.7426772273783,292.69363084331917,1947000.0,65354305286,40456628235,21307100.0,60702200.0,12821200.0
2025-10-09,974.123779296875,121705.5859375,4369.1435546875,241.05833435058594,665.6452026367188,297.5354919433594,981.0680909136777,123739.34375,4531.716796875,244.28202248032238,668.4023890582872,300.46241017366395,965.1528989583367,119812.03125,4273.5595703125,238.68297718710045,663.7112737749407,295.0947331203456,978.9023024628682,123337.0703125,4526.9609375,243.99259549865826,667.9957845708525,299.9464865226407,1496000.0,74653009425,47903074596,27892100.0,66501900.0,10259900.0
2025-10-10,930.0640258789062,113214.3671875,3843.0087890625,236.1080322265625,647.6542358398438,278.4657287597656,969.8122294070682,122509.6640625,4395.57080078125,243.61333616794536,668.4122493878771,297.8529682966983,929.2891007181343,104582.4140625,3460.222412109375,235.37944680935243,647.4757221413303,278.1382918317124,964.3382744920563,121704.7421875,4369.0654296875,240.958526974338,666.6071968358344,297.61482409111863,2933900.0,153125018868,97736621123,33180300.0,159422600.0,23398000.0
2025-10-11,,110807.8828125,3750.611572265625,,,,,113429.7265625,3882.241455078125,,,,,109760.5625,3652.7900390625,,,,,113236.4296875,3840.96044921875,,,,,110236934340,62475475938,,,
2025-10-12,,115169.765625,4164.427734375,,,,,115805.0625,4195.3974609375,,,,,109715.5390625,3701.478271484375,,,,,110811.515625,3750.946044921875,,,,,93710414091,61216174681,,,
2025-10-13,978.2168579101562,115271.078125,4245.4677734375,243.67323303222656,657.5919189453125,300.52197265625,978.7334746974587,116020.484375,4292.845703125,244.02255566567635,659.664772492732,302.24835937204824,960.6426098685783,113821.1875,4061.224609375,239.2419159793632,654.3488290056752,290.0346033193896,965.3714725455909,115161.6796875,4164.04931640625,239.74093961058136,655.2216030747315,295.9083028677765,2223900.0,71582026739,50253782420,24995000.0,79560500.0,20318300.0
2025-10-14,976.7465209960938,113118.6640625,4125.412109375,244.97068786621094,656.78857421875,293.6263122558594,986.9791104690592,115502.8828125,4265.10546875,246.63742490132327,660.3590300864076,299.39088664009864,959.6789461859731,110029.484375,3895.9736328125,240.04033214741565,647.8030207789583,289.06226948574704,961.1294144552559,115264.8828125,4245.37255859375,240.75892736637323,651.7701536094826,293.31873829090944,2422100.0,92212917403,67094148347,22111600.0,88779600.0,16567900.0
2025-10-15,1003.2022705078125,110783.1640625,3987.45947265625,250.539794921875,659.7044067382812,302.32769775390625,1026.2405283568596,113622.3828125,4213.85595703125,251.6176877577252,664.7228272522149,304.2128370554683,987.0387144186291,110235.8359375,3935.161376953125,245.50964358356617,653.5156893256119,297.72399009995434,1023.3893131531382,113113.96875,4125.361328125,246.76717761089535,661.3408732132422,303.89536190204666,2900300.0,72574132855,50462889453,27007700.0,81702600.0,20788000.0
2025-10-16,1012.9183959960938,108186.0390625,3894.75439453125,250.9689483642578,655.2116088867188,297.49578857421875,1042.5134449524655,111990.8125,4079.648193359375,256.4581925767255,663.2153058553965,308.9356435668838,1004.4838989067287,107537.03125,3829.654052734375,249.61160360230107,651.7105854492366,294.3704219464038,1030.3833792179753,110782.171875,3987.14892578125,251.27834055068328,661.340821247798,308.4990811506636,1938400.0,87306423067,49147390731,27997200.0,110563300.0,26341500.0
2025-10-17,1022.5350341796875,106467.7890625,3832.558837890625,252.80535888671875,658.9308471679688,292.7729797363281,1026.01213207598,109235.8046875,3950.56689453125,253.72356048353365,660.2895852935891,300.92871499569696,1008.3583899247845,103598.4296875,3678.620361328125,247.32607427452788,652.7322022395391,292.614257300604,1013.9118386731755,108179.1328125,3894.377685546875,250.27031046967195,654.0810128478913,296.0670304388142,1663700.0,99703051669,57404271888,29671600.0,96500900.0,17633300.0
2025-10-18,,107198.265625,3890.34619140625,,,,,107490.984375,3927.24560546875,,,,,106387.453125,3822.266357421875,,,,,106483.734375,3833.009521484375,,,,,37779905278,23815676385,,,
2025-10-19,,108666.7109375,3984.649658203125,,,,,109488.9921875,4029.35546875,,,,,106157.7890625,3843.77294921875,,,,,107204.3125,3890.58349609375,,,,,47657008953,32870655221,,,
2025-10-20,1035.3306884765625,110588.9296875,3980.76025390625,256.04901123046875,665.7840576171875,295.37255859375,1045.2851417479812,111711.03125,4084.15966796875,256.82748687148535,666.6866142382812,301.2760226284694,1024.740408509295,107485.015625,3911.726318359375,253.73354951664797,661.7872027532737,294.7375476549026,1024.9987168942193,108667.4453125,3984.6962890625,254.19265795496185,661.8367798071084,297.654564812383,1271700.0,63507793085,40224612563,22350200.0,60493400.0,13391600.0
2025-10-21,1018.3128051757812,108476.890625,3876.76416015625,249.9709014892578,665.7741088867188,292.2074890136719,1030.6912344092402,113996.34375,4109.533203125,254.38226816359625,667.4601523988813,297.029478314998,1017.4485028681272,107534.75,3843.227783203125,243.6732110393333,664.4748753427003,291.3641283776369,1029.5289679133014,110587.6328125,3980.740478515625,254.24254216862593,665.9229005771253,296.66237587176795,1072200.0,101194375480,49960290350,47312100.0,56249000.0,11190500.0
2025-10-22,1004.9508056640625,107688.5859375,3808.122314453125,251.19850158691406,662.3128051757812,286.6214904785156,1026.419446855013,109115.1328125,3890.63232421875,255.85936494298178,666.4783066993808,292.8920868800823,991.1417359679252,106778.0,3718.0771484375,248.8031791754094,657.8497808005621,282.1765050016482,1019.7333826974535,108491.53125,3877.363037109375,253.87326076642051,666.4783066993808,290.7092747532754,1328600.0,80807013218,46173305673,35029400.0,80564000.0,15409100.0
2025-10-23,1029.628173828125,110069.7265625,3856.0263671875,252.58578491210938,666.2402954101562,288.4570007324219,1033.691376517899,111288.59375,3930.974853515625,254.54194887812838,667.1825015615415,291.7907167589458,997.9269463836902,107548.4296875,3801.241455078125,251.35819113136333,662.3128121266341,287.36559479076834,997.9468349149877,107679.4375,3808.0849609375,252.48597410141812,662.6301900162397,287.5342487259885,1318200.0,54944076060,36361652714,19901400.0,65604500.0,10379900.0
2025-10-24,1026.33984375,111033.921875,3934.5673828125,259.4124755859375,671.6851806640625,292.6539306640625,1036.5724937884238,111842.53125,4002.561767578125,261.16901817646277,672.8951271271609,295.6205747892861,1025.4259414213177,109770.1484375,3849.724853515625,254.82145177331685,670.0983517375236,292.0884100589532,1031.1383160617443,110069.3515625,3856.033203125,256.0789706985135,670.9016937183009,293.2591772976509,1032700.0,48160816980,34090708715,28655100.0,74356500.0,8747000.0
2025-10-25,,111641.7265625,3953.470947265625,,,,,111947.703125,3967.6455078125,,,,,110704.40625,3914.640625,,,,,111032.6171875,3934.489990234375,,,,,24707667305,15245229017,,,
2025-10-26,,114472.4453125,4157.9892578125,,,,,115260.90625,4177.310546875,,,,,111268.484375,3923.192626953125,,,,,111639.0546875,3953.437255859375,,,,,41708524143,29120786315,,,
2025-10-27,1053.0439453125,114119.328125,4120.1220703125,268.744140625,679.6094970703125,295.9182434082031,1053.7890376477676,116273.3125,4250.669921875,269.61246721569535,679.9070199177999,298.13081988382834,1042.4934426959721,113882.2890625,4099.56982421875,263.76389517627246,676.5151383891614,291.3938964929148,1043.1392136408454,114479.8515625,4158.0107421875,264.3028491565017,677.1201116013259,296.3151101013185,1265600.0,61761358733,40271333201,35235200.0,63339800.0,13615000.0
2025-10-28,1045.5928955078125,112956.1640625,3982.262451171875,266.94769287109375,681.41455078125,299.1725769042969,1053.6995330911536,116078.984375,4173.50537109375,270.20133657580493,683.2493254549719,299.7678920400173,1044.847803262655,112291.6796875,3940.834228515625,265.9795858431389,679.2028936555786,293.7651739833993,1049.8846947519737,114129.0859375,4120.27490234375,269.1633589320839,681.4046232640447,295.9876818048232,856900.0,64528066504,39684155177,29738600.0,61738100.0,11804200.0
2025-10-29,1065.72021484375,110055.3046875,3903.35302734375,274.0338439941406,681.7418823242188,302.7047424316406,1072.607173638267,113642.7265625,4036.35302734375,274.802329420885,684.0328991417463,305.5522993596172,1059.7489012085102,109368.71875,3849.538818359375,267.14732397902117,677.2590027977353,300.0159382255111,1065.5411434672376,112921.328125,3980.759033203125,267.2271543584551,683.0609104229828,303.4091830331609,1530000.0,62192043469,35255876156,43580300.0,85657100.0,16177300.0
2025-10-30,1070.308349609375,108305.546875,3804.375244140625,280.93035888671875,674.2440185546875,300.8493347167969,1080.9174194012405,111612.3515625,3948.22265625,291.02060225143094,680.3037996369978,304.90735421516405,1065.491523104655,106376.6875,3681.909423828125,279.51311834988803,674.2440185546875,298.468104705007,1067.5516947071428,110059.1953125,3903.322509765625,291.02060225143094,678.2805836148408,300.71041474560946,1283100.0,69673964814,39981939289,74876000.0,76335800.0,14507100.0
2025-10-31,1054.1658935546875,109556.1640625,3847.080322265625,280.6408996582031,676.45556640625,298.0811767578125,1068.1487703146834,111031.8203125,3900.580322265625,285.44150434001006,679.4507706842933,305.2744949490037,1046.3733718426124,108288.2734375,3797.669189453125,276.48901957648127,673.65873085131,294.3604949347826,1066.5564440736257,108304.4140625,3805.082763671875,282.6569440736325,679.4110606194914,303.59770525177265,1179400.0,60090359560,37800100395,39267900.0,87164100.0,12667900.0
2025-11-01,,110064.015625,3874.18798828125,,,,,110574.8984375,3906.7802734375,,,,,109372.953125,3832.634765625,,,,,109558.625,3847.17138671875,,,,,25871668762,17490279524,,,
2025-11-02,,110639.625,3911.063232421875,,,,,111167.3125,3914.87548828125,,,,,109523.453125,3839.997314453125,,,,,110064.4296875,3873.894287109375,,,,,34284209459,20479611654,,,
2025-11-03,1061.7196044921875,106547.5234375,3602.30810546875,283.16595458984375,677.7251586914062,302.4765319824219,1068.2682240307556,110764.9140625,3912.63330078125,284.97241759660864,680.1649066224819,307.69541799091246,1057.9079590109138,105336.359375,3560.263671875,279.25359613963377,674.3530715971103,299.75796351301875,1057.9378447412212,110646.90625,3911.747802734375,281.62895336390585,680.0359699637585,300.22429017475446,868100.0,72852006359,53091469560,29786000.0,57315000.0,12466600.0
2025-11-04,1025.2149658203125,101590.5234375,3292.574462890625,276.998046875,669.6917114257812,291.7510681152344,1058.1766158671019,107264.8828125,3652.687255859375,280.72074368596594,674.3729598389511,299.6289946218963,1023.9111705523727,98962.0625,3063.0869140625,275.72054759218855,669.0371611161902,291.21531170382036,1044.9301920099383,106541.421875,3602.040771484375,276.2095810062224,670.5545580097922,294.5589597765923,1735100.0,110967184773,76827517773,30078400.0,78427000.0,16224300.0
2025-11-05,1038.759765625,103891.8359375,3425.171142578125,283.7547912597656,672.012451171875,291.3442687988281,1045.6168386801987,104534.703125,3479.8095703125,285.86068664735006,675.2654684624238,295.8884479721017,1025.8717289838962,98989.9140625,3170.513916015625,276.79840119805726,668.6304366940664,289.22098528205584,1026.170221773022,101579.234375,3292.148193359375,278.32541216487215,669.4337786331213,290.3322240172327,1169400.0,77584934804,46955882330,31010300.0,74402400.0,10502500.0
2025-11-06,1024.2794189453125,101301.2890625,3312.2578125,284.1939697265625,664.8021850585938,286.9786376953125,1036.5505478382406,104147.3046875,3454.3359375,287.78694611145437,671.8140994484131,292.3364433314327,1021.5326045913098,100336.8671875,3245.28173828125,280.59103358006456,663.2252231578799,285.1331941869922,1034.9084120742841,103893.6640625,3425.361083984375,284.7728237611903,670.9115428502156,291.8006567120239,1073000.0,63932752861,36731850433,37173600.0,85035300.0,11516900.0
2025-11-07,1012.0979614257812,103372.40625,3435.301025390625,278.28546142578125,665.4567260742188,284.26007080078125,1030.4498026745964,104052.9140625,3471.804931640625,283.22580678831247,665.5658682287408,285.6392179644077,992.0542356859734,99257.0546875,3195.896728515625,274.6525857946798,655.7769731606511,274.96333266669853,1026.170312272865,101286.2421875,3312.029296875,282.656912627443,662.4218719882706,282.9801478677512,1841900.0,92168030081,42609994022,34479600.0,100592400.0,15715700.0
2025-11-08,,102282.1171875,3400.3759765625,,,,,103373.5625,3482.268310546875,,,,,101458.0390625,3357.713134765625,,,,,103371.703125,3435.1474609375,,,,,51446691095,23613870398,,,
2025-11-09,,104719.640625,3582.621337890625,,,,,105418.3671875,3616.43701171875,,,,,101468.875,3359.717529296875,,,,,102278.984375,3400.0986328125,,,,,59679243013,28821543888,,,
2025-11-10,1033.82373046875,105996.59375,3568.4599609375,289.5334777832031,675.8406982421875,292.9615173339844,1037.8046070331875,106564.6953125,3656.14892578125,290.2320924976737,676.5746080726943,294.8069912783868,1016.188415701747,104350.6484375,3508.98583984375,282.30759586857965,669.4833950163819,289.4690482012798,1031.8133683658352,104723.7734375,3583.44482421875,283.8645774088431,671.6751969912248,292.0586282373932,992900.0,69585887229,35638045619,29557300.0,75842900.0,10869200.0
2025-11-11,1017.5318603515625,102997.46875,3415.2822265625,290.7411193847656,677.3878784179688,288.8935852050781,1032.022247521364,107428.2578125,3644.5283203125,291.34994399814246,677.9532020666294,292.6142669187118,1012.9140900507233,102457.328125,3404.86181640625,286.75892091303916,673.1529450781785,286.6512446697196,1026.8371950637586,105996.859375,3568.47265625,287.18807388729897,674.3629519753922,289.7766112533748,1026000.0,71130078574,39734688531,19842100.0,58953400.0,9666300.0
2025-11-12,1032.37060546875,101663.1875,3413.09423828125,286.15008544921875,677.7648315429688,288.3478698730469,1033.734050802961,105297.234375,3586.013916015625,291.43975353768866,679.3318660026857,292.5646425230715,1020.3284784204563,100836.6171875,3373.711669921875,283.1359940674285,675.3548055474994,287.3159923229249,1025.2349621336152,103011.4375,3415.7958984375,291.11038092678234,679.1632192686196,291.40380677329665,961900.0,64347179408,34898956623,24829900.0,62312500.0,9715900.0
2025-11-13,1014.984130859375,99697.4921875,3232.757080078125,278.0260009765625,666.5180053710938,279.9937438964844,1036.8789509323567,104005.4921875,3561.86083984375,282.2876513282579,675.265541055433,287.2366596446681,1004.6836375314724,97988.71875,3156.03076171875,276.6985812149319,665.0105359672095,277.81093160796917,1036.013115179848,101674.1484375,3412.994873046875,281.7886277548892,674.9085136071693,286.90925294088515,1406300.0,101546815416,50283416669,29494000.0,103457800.0,13827600.0
2025-11-14,1002.1655883789062,94397.7890625,3103.78564453125,275.8702392578125,666.4088745117188,282.59320068359375,1013.2025935868699,99804.4296875,3252.660888671875,278.0160347166159,670.1082064558575,284.6172295623482,976.3098187334983,94000.734375,3071.970703125,270.17139808707816,657.8200586834998,271.0938183480427,984.5701241133593,99694.703125,3232.295166015625,270.88000309409097,659.9127066954921,273.75285805235495,1307800.0,114346441890,47003809463,31647200.0,96846700.0,11486800.0
2025-11-15,,95549.1484375,3166.63134765625,,,,,96728.46875,3227.690185546875,,,,,94420.46875,3104.230224609375,,,,,94420.46875,3104.230224609375,,,,,38500716654,19932940649,,,
2025-11-16,,94177.078125,3092.847412109375,,,,,96564.1875,3244.837646484375,,,,,92971.1640625,3007.07275390625,,,,,95556.8671875,3166.79345703125,,,,,71086235862,30987886524,,,
2025-11-17,1015.1234741210938,92093.875,3024.538818359375,284.46337890625,660.2003173828125,279.80517578125,1020.0995695824716,95928.3671875,3218.13037109375,293.3759628274161,668.1742931923078,284.2898262429512,999.4686972374718,91214.7578125,2957.3095703125,283.01622885841863,656.7290761218832,277.612432385179,999.9164972343135,94180.875,3092.941650390625,285.22190446328057,664.1972328051172,279.23962493544076,1691500.0,94186165724,41026793235,52670200.0,90456100.0,10227100.0
2025-11-18,999.2595825195312,92948.875,3122.97900390625,283.724853515625,654.65625,275.7372741699219,1012.8542472754447,93745.078125,3167.9326171875,288.236015842567,659.6548153709225,277.9994476801581,989.2377199423597,89300.4609375,2948.329345703125,277.65674001133203,650.4708935566339,270.5878477107414,1006.2460393081024,92094.53125,3024.4140625,287.3577599014325,656.6596108350068,275.3800729425222,1414000.0,101333569062,41581494270,49158700.0,114467500.0,11850400.0
2025-11-19,1034.3609619140625,91465.9921875,3023.07080078125,292.2381896972656,657.185302734375,280.1623840332031,1039.7351690315904,92946.1640625,3122.64599609375,303.21670857801746,661.856623370592,282.32533319842275,1000.1951359794489,88526.828125,2871.22802734375,286.07026549054086,653.3371790986623,274.15969595458324,1000.961474078718,92946.1640625,3122.64599609375,286.5992292728396,655.3505280387882,274.755011120154,1587800.0,80350354656,40229739844,68198900.0,94703000.0,11179200.0
2025-11-20,976.3496704101562,86631.8984375,2831.777587890625,288.884765625,647.1683349609375,275.3304443359375,1045.9254071454675,93025.0703125,3057.78857421875,305.8216273232207,670.0090710879778,290.56044073608274,972.3290073344346,86040.796875,2790.597900390625,288.1062900504894,646.5335791707308,274.24896982769974,1037.247126226578,91459.3515625,3022.885498046875,303.94529376978943,667.3808213360044,289.92542986207985,2055100.0,97970645638,43917885207,62025200.0,165293500.0,15747300.0
2025-11-21,961.9488525390625,85090.6875,2765.69921875,299.0747985839844,653.6149291992188,272.9095458984375,973.8615950155989,87380.8046875,2880.60302734375,303.32648898994427,659.0895314498267,276.5111709728595,941.5866495838876,80659.8125,2626.87158203125,293.2761473513388,645.5020891320908,264.7339768842925,958.7442157178209,86528.7734375,2829.2646484375,295.84113571634185,649.667590792559,270.6771366651004,2481800.0,129157506112,51476486049,74137700.0,123956200.0,20872800.0
2025-11-22,,84648.359375,2767.607421875,,,,,85503.0078125,2795.4267578125,,,,,83490.8984375,2704.502197265625,,,,,85098.5625,2766.090576171875,,,,,40793099246,15408928941,,,
2025-11-23,,86805.0078125,2801.676025390625,,,,,88038.46875,2856.446533203125,,,,,84641.7734375,2767.472900390625,,,,,84648.609375,2767.594970703125,,,,,58083435576,20358404499,,,
2025-11-24,983.0972900390625,88270.5625,2952.71337890625,317.9578552246094,663.235107421875,282.4146423339844,990.3823007800361,89206.3359375,2982.822021484375,318.85612204740676,664.5541959227929,282.8313417341185,972.9162185873686,85272.1953125,2763.3779296875,308.9954110970811,656.1538219404428,271.05414860241115,972.9460435723502,86798.7734375,2801.204345703125,310.52242205466104,657.2447591605586,271.05414860241115,1628100.0,74433896110,32491657389,85165100.0,80437900.0,13570300.0
2025-11-25,998.423583984375,87341.890625,2957.936279296875,322.8083801269531,669.4735107421875,282.45428466796875,1002.066119569694,88457.3359375,2978.704345703125,328.187838552192,670.6537351639657,283.16865671723804,969.0845470683039,86131.4296875,2857.8359375,317.0296784660599,659.0200771396823,270.94497066484485,989.0785236648036,88269.9609375,2952.58447265625,325.5729598317621,663.1360016067486,280.51954848214416,1193000.0,64837343545,23336017779,88632100.0,81077100.0,13726800.0
2025-11-26,1035.9930419921875,90518.3671875,3027.81201171875,319.3252258300781,674.09521484375,287.6930236816406,1049.9559930278367,90581.15625,3043.927001953125,323.86632857763385,676.0986363282427,290.52074784219457,1032.340666194462,86316.8984375,2889.890625,316.1713929045335,671.1595147067713,285.4804776659429,1035.6945491989793,87345.5859375,2958.32958984375,320.053780820363,672.0620713400136,286.8397618751708,1572400.0,66496301869,21433162961,51373400.0,71879600.0,12220300.0
2025-11-27,,91285.375,3014.542236328125,,,,,91897.578125,3070.73193359375,,,,,90089.515625,2987.19775390625,,,,,90517.765625,3027.799072265625,,,,,57040622845,16972780500,,,
2025-11-28,1054.93212890625,90919.265625,3032.304443359375,319.55474853515625,677.7747192382812,289.23089599609375,1055.210819380126,92969.0859375,3095.033203125,326.2117368304371,678.0523870500939,290.38183039735287,1030.4894922096773,90257.1171875,2995.76513671875,316.1713843298485,674.9084513312986,286.7405102489479,1035.4258610087184,91285.3828125,3014.543701171875,322.73852157316225,675.2654787466182,290.1933134527253,939700.0,60895830289,20659958964,26018600.0,49212000.0,5515400.0
2025-11-29,,90851.7578125,2991.685302734375,,,,,91187.6171875,3051.962890625,,,,,90260.1875,2966.850830078125,,,,,90918.7421875,3032.29541015625,,,,,37921773455,12775481230,,,
2025-11-30,,90394.3125,2992.112548828125,,,,,91965.046875,3051.597900390625,,,,,90394.3125,2978.826171875,,,,,90838.2109375,2991.375244140625,,,,,38497902869,11530446514,,,
2025-12-01,1082.7884521484375,86321.5703125,2800.18896484375,314.27508544921875,674.6802978515625,285.43084716796875,1086.0826857842408,90398.15625,2996.8818359375,319.22539084430224,677.3779187836101,288.88365066237424,1049.4286874539032,83862.25,2720.4365234375,313.2770382872594,673.1628406770591,280.97596066559765,1050.9812876112112,90389.109375,2991.923095703125,317.07959553768603,673.232272756968,284.6768096049723,2103100.0,87962894424,36679598313,41183000.0,61201200.0,7713000.0
2025-12-02,1103.47900390625,91350.203125,2997.939697265625,315.1932678222656,675.9300537109375,289.8063659667969,1107.887756251176,92316.6328125,3032.76123046875,317.75825630619534,678.2012155152329,292.19752763627986,1083.4751253622114,86202.1953125,2784.390625,313.29698432996054,673.7481184984898,286.9191134184747,1084.4006110432158,86322.5390625,2800.22314453125,316.1214443613123,676.316803165018,289.7170732420839,1426000.0,78546798211,26593645111,35854700.0,62953800.0,10746400.0
2025-12-03,1135.46533203125,93527.8046875,3191.57177734375,319.0058288574219,678.2706298828125,293.14013671875,1136.2614343580346,94060.7734375,3212.559814453125,320.9520026070636,679.2822075879724,294.30097251523483,1100.3340519068843,91056.390625,2988.14208984375,313.4866291038915,674.105128319461,283.8334662155739,1104.9319589360043,91345.09375,2997.801513671875,315.2731421058358,674.9779023816353,289.89568272362914,2059500.0,77650204986,29949301036,41838300.0,57238500.0,9599200.0
2025-12-04,1104.772705078125,92141.625,3134.31640625,316.999755859375,678.7664794921875,290.63983154296875,1124.1397501529634,94038.2421875,3238.555419921875,321.73048997615604,679.7384076011712,291.73123766940074,1096.9006099643077,90976.1015625,3071.31005859375,314.0854750084747,675.7415530139849,287.93119438258316,1117.163254983266,93454.2578125,3188.343505859375,321.6007694211511,679.6689755171525,291.6816406868762,1511800.0,64538402681,27434991113,31240900.0,61970300.0,6753000.0
2025-12-05,1094.21337890625,89387.7578125,3024.432861328125,320.642578125,680.0557861328125,292.41583251953125,1123.980412508839,92702.640625,3192.45703125,322.528901747787,682.7336127271673,298.4482847720855,1093.0092028204588,88152.140625,2989.83154296875,318.5467035992101,678.9549213715281,290.95732400644687,1116.5660797287896,92133.6484375,3134.357421875,318.8660555204289,679.8375623637357,293.7354210413758,1054400.0,63256398633,28000268228,28851700.0,79241000.0,10275300.0
2025-12-06,,89272.375,3040.207763671875,,,,,90267.4609375,3067.661376953125,,,,,88951.6640625,3013.98193359375,,,,,89389.359375,3024.487548828125,,,,,37994042405,10962819760,,,
2025-12-07,,90405.640625,3061.3017578125,,,,,91740.84375,3148.7734375,,,,,87799.5625,2930.645263671875,,,,,89277.8125,3040.17919921875,,,,,47394898960,20383496376,,,
2025-12-08,1114.336669921875,90640.203125,3125.197998046875,313.31219482421875,678.0127563476562,299.5099182128906,1128.7575045612575,92267.1171875,3177.86767578125,320.0234606774875,680.9980334759979,300.25405457057155,1108.703818023527,89644.890625,3043.703857421875,310.81544458829893,675.9696853695019,294.40018794594533,1113.470834277663,90424.5859375,3061.013671875,319.63395301128804,680.9484564225444,298.8451733562611,1118800.0,57394099056,25262165670,33909400.0,55231500.0,16643100.0
2025-12-09,1106.126220703125,92691.7109375,3321.114990234375,316.66778564453125,677.4275512695312,301.03790283203125,1110.4057112827732,94601.5703125,3395.838623046875,317.57660631064704,679.7582780276033,302.2979628982157,1100.3241372819753,89586.9765625,3092.87646484375,311.4945269093235,676.9812972721672,296.16628624886454,1102.6032278194818,90639.703125,3124.942626953125,311.96391713296777,677.5366934232544,297.64462753617414,904700.0,66861721440,32012553374,30194000.0,58310100.0,11349100.0
2025-12-10,1113.968505859375,92020.9453125,3325.39013671875,319.7937316894531,681.92041015625,307.7153015136719,1118.5863367148172,94477.15625,3446.622802734375,320.8923078304596,683.3088703732143,311.52527628350236,1093.626287297415,91640.1328125,3290.14697265625,314.27092168020465,675.711837383319,300.13501744817404,1104.0960108806412,92695.234375,3321.2041015625,315.4194206321133,676.9515664343469,302.98257458725914,1093600.0,65420694513,30694387989,33428900.0,85671300.0,12429200.0
2025-12-11,1117.4716796875,92511.3359375,3237.056884765625,312.0238342285156,683.5072021484375,303.2831726074219,1122.3582390451284,93554.265625,3327.344482421875,320.7025396818571,683.5865617528303,304.26807460223984,1090.2325402307051,89335.296875,3149.034423828125,308.19882663213485,676.5647198382891,298.0999588756921,1109.4203919091615,92011.3046875,3324.38671875,319.6638831462354,679.51034738166,303.7507581691417,1403600.0,64532834621,29066243707,42353700.0,86173700.0,15028400.0
2025-12-12,1075.6824951171875,90270.4140625,3084.172607421875,308.887939453125,676.1581420898438,290.5390319824219,1109.231412191265,92747.9296875,3265.37255859375,314.46067218572114,683.2196338188487,302.7161132388162,1072.0399593466832,89532.6015625,3050.267333984375,305.1627773855729,673.5893968987631,289.48448241535397,1104.086085923441,92513.6640625,3237.025634765625,313.29221022339095,682.5154459360199,302.7161132388162,1623000.0,80275884583,24391003174,35940200.0,113160300.0,19306100.0
2025-12-13,,90298.7109375,3116.6953125,,,,,90647.5703125,3134.849365234375,,,,,89800.9921875,3080.07861328125,,,,,90257.796875,3084.129638671875,,,,,64237748110,9916869400,,,
2025-12-14,,88175.1796875,3060.5947265625,,,,,90498.109375,3128.622802734375,,,,,87634.9375,3034.692626953125,,,,,90296.4375,3116.743896484375,,,,,50465972205,15619543350,,,
2025-12-15,1082.619140625,86419.78125,2964.18310546875,307.8193054199219,675.1365356445312,286.2611083984375,1092.4618716725283,89983.921875,3175.1181640625,311.01515750934647,680.1252340287925,294.2796804187271,1074.4285072275948,85304.078125,2899.685791015625,304.4836511834585,673.6687159286942,286.0720825024157,1084.1418549383056,88171.078125,3060.4814453125,310.9152814169449,680.1053789946951,293.63302726110277,1283400.0,45559514323,28765976892,29151900.0,90811000.0,12082400.0
2025-12-16,1070.9053955078125,87843.984375,2964.180908203125,306.1714782714844,673.2918701171875,285.39556884765625,1082.8579847689869,88170.09375,2978.92138671875,310.3660001485481,675.4837328267965,286.9773930782894,1060.8436250548111,85381.6875,2890.01171875,302.1966411442108,669.4338188610296,281.86382693382285,1076.359175894378,86424.40625,2964.379638671875,304.55358908476643,673.6488975485244,285.7835789370498,956300.0,41262178223,22709189818,30585000.0,122030600.0,11418400.0
2025-12-17,1010.5752563476562,86143.7578125,2831.403564453125,296.3342590332031,665.8832397460938,275.5364990234375,1060.0276925740236,90264.5703125,3025.8154296875,307.6894729197007,674.8489377460819,287.614117587584,1005.1811861918223,85316.265625,2791.333984375,295.7350329501308,665.6848710067972,273.6661568096194,1055.6985140737108,87847.6171875,2964.01953125,307.60959033164653,674.3034691132465,287.04703993240423,2140900.0,44243392914,26159825528,43930400.0,110625200.0,16823000.0
2025-12-18,1031.3555908203125,85462.5078125,2827.069091796875,302.0668029785156,670.9114990234375,283.2168273925781,1046.7814872739352,89412.6640625,2994.552734375,303.56485302569047,675.1464323222394,285.6840919054254,1030.2011026178272,84436.3125,2777.11962890625,298.8410213827925,669.3544527925658,280.30189395409326,1042.95975835951,86144.3671875,2831.48828125,301.32777470817274,672.0322187932205,283.5351899801831,1645400.0,52667115348,29194181349,33518000.0,108650100.0,11260300.0
2025-12-19,1050.97119140625,88103.3828125,2977.970703125,306.7607116699219,676.9923095703125,287.46490478515625,1057.5993839851553,89339.1171875,3014.6123046875,306.85059101726483,677.4896664833268,290.66835626538773,1037.575582496255,85107.6640625,2811.3916015625,300.5787559089981,672.8940327515619,284.90810644792566,1037.575582496255,85476.1328125,2827.410400390625,301.33777770154796,673.0134542661981,284.90810644792566,2319600.0,46733310561,27870687989,59943200.0,103599500.0,12735800.0
2025-12-20,,88344.0,2977.58251953125,,,,,88497.203125,2992.31005859375,,,,,87924.875,2967.838623046875,,,,,88101.671875,2977.869140625,,,,,14688196659,7612418215,,,
2025-12-21,,88621.75,3001.61376953125,,,,,89027.953125,3009.80712890625,,,,,87613.203125,2945.394775390625,,,,,88344.703125,2977.508544921875,,,,,19845522660,11178096676,,,
2025-12-22,1051.9266357421875,88490.015625,3006.07373046875,309.3772888183594,681.2098999023438,291.7726135253906,1062.0580193537032,90501.9296875,3073.353759765625,309.7268399185022,681.7370666700199,293.493732691408,1044.9800260544787,87908.0703125,2965.175048828125,304.90310178792384,676.9923229108747,289.71324551694175,1060.9035312134042,88621.3984375,3001.61279296875,309.47716491524386,680.3245900087294,293.1554838489765,703700.0,38047472118,20342034264,26429900.0,69556700.0,6091100.0
2025-12-23,1056.7633056640625,87414.0,2963.3740234375,313.94134521484375,684.3233032226562,295.4237976074219,1059.6594269613488,88898.3828125,3033.1962890625,314.5305745464577,684.562024812114,296.3788550570647,1050.642684535719,86606.9765625,2902.3330078125,308.91788552805923,680.2548972126992,290.6982108724501,1052.8819272787694,88490.03125,3006.073974609375,309.2274800840275,680.3046207584179,291.8920250943214,543600.0,43683011533,21453213168,25478700.0,64840000.0,6802300.0
2025-12-24,1060.4259033203125,87611.9609375,2945.590576171875,313.68170166015625,686.7305297851562,297.2642517089844,1061.6998129593,87956.8828125,2975.171142578125,314.67040497756983,687.1781631452748,297.62241721204856,1052.3844550250742,86411.796875,2888.988037109375,311.51453957359615,684.164151137988,294.70748375869647,1054.753081406091,87404.3203125,2962.922607421875,314.3608103937755,684.313382495532,296.2097021978008,229800.0,25550297986,13984770325,10097400.0,39445600.0,2753900.0
2025-12-25,,87234.7421875,2903.57958984375,,,,,88501.7890625,2968.705078125,,,,,86949.2578125,2891.10888671875,,,,,87608.3203125,2945.423095703125,,,,,19953216347,11828871179,,,
2025-12-26,1067.6212158203125,87301.4296875,2925.74560546875,313.1024475097656,686.660888671875,301.2834777832031,1070.945213368558,89459.4296875,2991.219970703125,314.6803801033015,688.0037280321676,301.82071082512005,1057.9974040524912,86628.140625,2894.15380859375,311.87403553475036,685.6264081645946,296.98567416931934,1061.1522921169035,87235.5078125,2903.625,314.0711877312235,686.989161229118,298.35858618714826,363800.0,42455674908,18562196049,10899000.0,41613300.0,5125900.0
2025-12-27,,87802.15625,2947.998291015625,,,,,87874.78125,2957.300537109375,,,,,87182.9765625,2917.271240234375,,,,,87301.4296875,2925.7451171875,,,,,13741199310,7378783299,,,
2025-12-28,,87835.8359375,2948.568115234375,,,,,87986.890625,2957.138671875,,,,,87394.953125,2925.745361328125,,,,,87799.34375,2947.898193359375,,,,,15156557929,9227601389,,,
2025-12-29,1060.903564453125,87138.140625,2934.538330078125,313.1523742675781,684.2138671875,299.3733825683594,1068.517014893118,90299.15625,3051.94189453125,313.61176774066803,685.5567672531378,302.9349691756451,1055.997080818154,86717.9140625,2908.748046875,310.2161937852231,682.4433081832867,297.11503019815467,1059.4903095907778,87835.7890625,2948.55908203125,310.96521879647884,683.9055083361335,300.22894787531203,424300.0,48411625849,25957694515,19621800.0,62559500.0,6205100.0
2025-12-30,1067.01416015625,88430.1328125,2971.416748046875,313.4420166015625,683.3783569335938,298.04022216796875,1080.8676529806141,89297.9375,3002.8046875,316.5379928503015,684.9201512250444,302.98467885528527,1065.3024125577892,86735.546875,2916.330078125,312.0538089034933,682.9506372729019,297.91091583768343,1079.39462674702,87134.3515625,2934.416259765625,312.09376543928346,683.8160334465714,300.8059324655372,807300.0,35586356225,18816704381,17380900.0,47160700.0,6190600.0
2025-12-31,1064.7451171875,87508.828125,2967.03759765625,312.5931091308594,678.3152465820312,302.328125,1075.3741108836089,89080.2890625,3021.849609375,314.17104176667254,683.726492314561,305.8101362096284,1063.8096695247684,87130.5625,2959.143798828125,311.03513952358344,678.1063955310838,301.8704673812959,1075.065534641617,88429.5859375,2971.407470703125,312.4433102220648,683.5076844111845,302.43754506486727,561300.0,33830210616,16451891101,16377700.0,74144800.0,8175100.0
2026-01-01,,88731.984375,3000.394287109375,,,,,88803.2265625,3006.01025390625,,,,,87399.40625,2966.84521484375,,,,,87508.046875,2966.997314453125,,,,,18849043990,10268796662,,,
2026-01-02,1158.216064453125,89944.6953125,3124.422607421875,314.7403259277344,679.55859375,317.96728515625,1167.1630740654318,90884.4609375,3146.984375,322.0807776535599,683.2390468658663,319.93711947544307,1128.0608784016413,88298.6171875,2989.9013671875,309.92658419973367,676.2263268834449,310.0979669193405,1128.3395688946841,88733.0625,3000.453125,316.4880510777925,682.0852055985325,310.3765265882512,2697900.0,46398906171,25242778003,32009400.0,89377200.0,18526900.0
2026-01-03,,90603.1875,3125.91748046875,,,,,90679.5703125,3135.025634765625,,,,,89328.0703125,3077.4658203125,,,,,89945.0546875,3124.310302734375,,,,,20774828592,11460707919,,,
2026-01-04,,91413.4921875,3140.71044921875,,,,,91712.5859375,3160.551025390625,,,,,90595.1015625,3119.427490234375,,,,,90603.0,3125.960205078125,,,,,26770491368,13890479323,,,
2026-01-05,1222.3179931640625,93882.5546875,3226.13037109375,316.1285400390625,684.0845336914062,320.5937194824219,1231.9418048486862,94762.0703125,3261.245849609375,318.60529679570504,685.7855161168121,329.5474618418999,1205.4291555058198,91414.625,3134.0927734375,314.2210191795431,682.7516512212146,319.8475742857987,1205.4291555058198,91414.625,3141.486328125,317.24707928114736,682.910778712987,328.7018245469152,3290600.0,53376407252,27211995956,30195600.0,71927200.0,17446300.0
2026-01-06,1236.2510986328125,93729.03125,3295.94677734375,313.9313659667969,688.1529541015625,325.7471008300781,1240.4211296430278,94395.296875,3303.5634765625,320.5227923064431,688.6602678554459,331.3680554544452,1216.5757199799525,91286.546875,3184.0146484375,311.3746963103618,684.1442890432024,322.9217012206051,1216.9737104122748,93876.9453125,3226.116455078125,315.9886856047422,684.2934596862484,328.52276956882855,1895800.0,52430605257,27853981622,31212100.0,69273800.0,15599600.0
2026-01-07,1222.5966796875,91308.0546875,3166.843994140625,321.5614318847656,685.9347534179688,317.0420837402344,1229.8518652151556,93738.7890625,3296.394287109375,325.725993751253,690.2916046822218,324.6229146225213,1216.1576417883575,90601.8046875,3126.552001953125,313.7815504740342,685.6761181181482,316.90281908114616,1221.5815368497724,93727.46875,3295.91259765625,313.95131240372154,688.5309418430683,323.0013177821987,1351200.0,43461295053,22665982583,35104400.0,75588300.0,11744800.0
2026-01-08,1188.6099853515625,91027.125,3104.382568359375,325.0169372558594,685.8651123046875,316.3755187988281,1218.6855979546738,91485.8515625,3179.866455078125,329.8905982345552,686.9692300361542,322.83215212591426,1170.3776254567595,89233.875,3052.509765625,321.08205673508803,683.8557710289468,314.51513498327625,1211.440373973609,91309.640625,3166.924072265625,328.54234711069296,685.1787573638412,322.7227320712232,1682300.0,42386697030,22760237888,31896100.0,64019200.0,10850800.0
2026-01-09,1267.78955078125,90513.1015625,3083.047119140625,328.14288330078125,690.4010009765625,321.9666442871094,1275.8707239863447,91910.671875,3140.709228515625,330.3999246926398,691.6344363504869,323.1007692434349,1215.1524046961092,89625.3828125,3058.096923828125,325.37646465172014,685.5368360184962,316.6142910064096,1226.9556871430402,91026.2734375,3104.334716796875,326.6647962522232,686.9791831428475,318.186156924328,2394500.0,38305906684,18879517395,26214200.0,80125500.0,12325100.0
2026-01-10,,90386.6484375,3082.39599609375,,,,,90713.03125,3099.16748046875,,,,,90283.3984375,3075.135498046875,,,,,90510.1015625,3083.16650390625,,,,,12385895282,6960662969,,,
2026-01-11,,90827.4609375,3118.88525390625,,,,,91155.2265625,3141.9580078125,,,,,90212.0234375,3080.747802734375,,,,,90385.359375,3082.407470703125,,,,,17165568977,10497219711,,,
2026-01-12,1275.1044921875,91192.9921875,3092.3251953125,331.4285583496094,691.4852294921875,330.0648193359375,1277.4234303403898,92395.5234375,3166.219970703125,333.6057474535575,692.410366767912,331.8356696086022,1249.248720540222,90055.0234375,3068.07275390625,324.57749116547984,686.979207477028,319.4098731027985,1250.0549062895186,90825.859375,3118.828857421875,325.37643895257156,687.0289310253164,320.44453640525086,1488600.0,41346275358,21152711365,33923900.0,63976000.0,12714800.0
2026-01-13,1264.08740234375,95321.78125,3322.095458984375,335.53326416015625,690.1026000976562,329.5076599121094,1285.3054180247855,96011.625,3352.580078125,340.04737751020235,692.4103433578374,334.69090375314994,1262.0571167027276,90941.9296875,3088.512939453125,333.18631289711504,687.6953490317495,329.07987728467845,1276.1891779448029,91185.3359375,3092.008544921875,334.5146010595183,691.813478661017,331.1591315955093,1374200.0,54980674354,27237310134,33517600.0,78309700.0,11473600.0
2026-01-14,1257.67822265625,96929.328125,3354.72265625,335.4034118652344,686.7106323242188,325.4287414550781,1267.1826134349712,97860.6015625,3397.897705078125,336.08252056576845,688.0634285762314,328.16460730778095,1243.6456579698252,94583.046875,3280.378662109375,330.05039437456895,682.4134612479594,323.1505332047328,1261.061991814924,95322.90625,3322.192138671875,334.62442706687915,687.3472637531122,328.16460730778095,1536500.0,60592490863,33926411912,28525600.0,94676700.0,11210800.0
2026-01-15,1325.233642578125,95551.1875,3317.101318359375,332.3473815917969,688.5806884765625,339.88409423828125,1351.5074493968766,97150.171875,3382.44873046875,337.2510022020921,691.7737417111902,349.5242628055195,1323.6413164196215,95103.2421875,3276.820068359375,330.3100250775331,687.5959315038539,336.18321263410184,1347.1683089831079,96931.2890625,3354.765869140625,337.21104566866205,690.8983886882239,341.0480638104695,2858400.0,53086363027,27598686935,28442400.0,77862000.0,42188500.0
2026-01-16,1352.07470703125,95525.1171875,3295.482177734375,329.5710144042969,688.0037231445312,340.6401672363281,1368.7944358604086,95801.890625,3325.25048828125,334.2149635116852,690.5800586110835,348.0518887589723,1331.8419472446212,94259.2734375,3251.814453125,327.27401649506595,686.4519720383781,339.7049961073824,1349.2283950935466,95554.1015625,3317.341796875,333.97528525413946,689.9931507530615,344.7290589359912,2469100.0,33248170537,22732887284,40341600.0,79289200.0,18246100.0
2026-01-17,,95099.921875,3308.8642578125,,,,,95598.4765625,3328.283447265625,,,,,95005.6171875,3282.661865234375,,,,,95525.15625,3295.482666015625,,,,,16021715122,11206492253,,,
2026-01-18,,93634.4296875,3281.15771484375,,,,,95491.5078125,3367.167724609375,,,,,93588.8671875,3278.4267578125,,,,,95101.1796875,3308.90576171875,,,,,20809781232,13557863288,,,
2026-01-19,,92553.59375,3186.62109375,,,,,93660.828125,3282.65478515625,,,,,92089.25,3166.0166015625,,,,,93655.671875,3282.19921875,,,,,39195241508,27956112545,,,
2026-01-20,1319.7301025390625,88310.90625,2935.605712890625,321.5814208984375,673.9981689453125,325.4784851074219,1344.7997341583607,92798.4296875,3197.391845703125,327.30398324237245,681.1501633341576,340.39143063452354,1305.0407807909066,87814.9296875,2925.54345703125,320.01345448184367,672.9934983300664,325.2198117253413,1312.813378577127,92553.6015625,3186.62109375,320.4528849486331,677.8874730475171,339.03843525904966,2970800.0,53072968031,32985301273,35361000.0,111623300.0,22809900.0
2026-01-21,1353.58740234375,89376.9609375,2978.901123046875,327.953125,681.77685546875,324.44384765625,1364.445275863799,90430.40625,3064.390625,332.0478012719212,685.0991655259935,331.92521680778634,1316.3463843820168,87231.5703125,2867.264404296875,318.9348648307384,674.5452667925615,324.0061066799057,1325.6317340996209,88326.5078125,2935.882080078125,320.50283121296127,676.0572511802958,331.7162742776711,2387200.0,56330422434,35797876195,35386600.0,127844500.0,16789800.0
2026-01-22,1388.33056640625,89462.453125,2949.63330078125,330.1103210449219,685.3379516601562,325.6874084472656,1392.1124473682014,90258.9609375,3034.338134765625,334.71431361791133,687.476610793547,333.327928191825,1366.7144379269691,88438.4453125,2905.562744140625,328.32263943252485,683.2888434897402,325.2198228962958,1386.9870449941645,89378.5234375,2979.307861328125,334.0152418739244,686.2033478813381,331.70633142130043,1844200.0,35549685694,21993593333,26253600.0,77112200.0,12801000.0
2026-01-23,1382.3990478515625,89503.875,2953.25634765625,327.5036926269531,685.5865478515625,333.14886474609375,1386.6983405060785,91100.25,3013.9541015625,333.2562145369407,687.3074439470811,335.4171450220839,1356.752234612716,88486.359375,2892.52099609375,327.0243361197249,683.5274830754288,329.6668536862397,1369.7397697572812,89462.046875,2949.44580078125,332.05776231305794,684.5123006998919,330.3632680425013,1556300.0,38997586037,22417700837,27280000.0,63059600.0,12904400.0
2026-01-24,,89110.734375,2948.74072265625,,,,,89811.609375,2965.46875,,,,,89044.2890625,2942.444580078125,,,,,89506.1484375,2953.23828125,,,,,14558687712,8198666763,,,
2026-01-25,,86572.21875,2815.90234375,,,,,89193.1484375,2955.016845703125,,,,,86003.7109375,2785.896728515625,,,,,89104.765625,2948.534423828125,,,,,36124986722,22414089670,,,
2026-01-26,1406.5927734375,88267.140625,2926.45703125,332.8267822265625,689.0680541992188,330.9999694824219,1413.1611946526311,88743.0703125,2945.99755859375,335.4034148973675,690.4606777697717,333.3777002269528,1378.5376076607297,86429.2890625,2811.074951171875,326.5749102768944,686.272910918868,328.53273531285805,1379.244174287086,86566.5234375,2815.768798828125,327.3838548641184,686.8399050563427,331.07957531024965,2001300.0,45329286974,29668620102,26042100.0,60473800.0,8646400.0
2026-01-27,1447.6356201171875,89102.5703125,3022.2109375,334.1150817871094,691.8134765625,336.6010437011719,1466.5447817562306,89427.125,3031.03857421875,337.4707297257924,692.8480177488461,339.4960909330754,1410.2253706591666,87228.921875,2898.3115234375,333.04649592160257,689.9036431059924,332.8404728314193,1410.8523635098238,88257.4765625,2926.201171875,334.93402312381306,690.5104039402848,334.7705043193549,3473900.0,38744942267,27976005223,21636200.0,55506100.0,11298100.0
2026-01-28,1416.1170654296875,89184.5703125,3006.607421875,335.5732116699219,691.7438354492188,340.5406799316406,1486.3396550064183,90439.2890625,3040.718505859375,337.1012215187292,694.1510864943795,343.72424514237343,1401.3181637360133,88721.4609375,2981.589599609375,331.5084951745387,690.271678492269,336.91940410614177,1485.8619693235423,89104.046875,3022.237548828125,335.62313448097893,693.3652237572153,341.2669389047847,5036800.0,39807419296,21751566455,27434400.0,61172200.0,12140100.0
2026-01-29,1448.2030029296875,84561.5859375,2818.232666015625,337.8102722167969,690.3711547851562,337.8048095703125,1460.4740102175256,89200.78125,3008.03759765625,341.84502871736817,693.375209936545,341.97327674069385,1392.401002142678,83250.6015625,2751.64501953125,326.115503846963,681.2098793986574,326.5131692249356,1452.3430267533329,89169.8515625,3006.26171875,339.85759500876696,692.7087686795362,338.05352465035566,2818900.0,64653083162,37487198041,39785600.0,97486200.0,13844800.0
2026-01-30,1416.1966552734375,84128.65625,2702.375244140625,337.56060791015625,688.3120727539062,328.86102294921875,1459.4190704552896,84602.1640625,2823.91455078125,339.5580079569619,690.5402826440542,338.1530146381896,1409.2400840926111,81071.4765625,2633.8388671875,331.8580393103398,683.487735152998,327.4085353918609,1433.1552261279992,84562.7265625,2818.135498046875,339.5580079569619,688.1330315570439,333.6960598625758,2358800.0,72083816087,41877689970,31024000.0,101835100.0,12028100.0
2026-01-31,,78621.1171875,2445.091796875,,,,,84136.921875,2709.53369140625,,,,,75815.8828125,2248.69873046875,,,,,84126.5,2702.301513671875,,,,,70479259159,47569532203,,,
2026-02-01,,76974.4453125,2267.96484375,,,,,79322.609375,2472.646240234375,,,,,75698.8984375,2224.117919921875,,,,,78626.125,2445.0693359375,,,,,53372509744,40358630560,,,
2026-02-02,1434.4989013671875,78688.765625,2344.356689453125,343.24322509765625,691.7339477539062,339.6054992675781,1446.2126498426594,79258.609375,2393.0634765625,344.3817273143538,693.2459322689688,342.4309292522656,1388.728783776086,74551.3359375,2158.937255859375,335.1937050748485,685.7756213682558,327.40853256904984,1390.5599529398567,76968.875,2267.5625,335.78293445124825,685.9348095869553,329.0600043192495,1766600.0,75140589684,48844346396,32006100.0,79286500.0,12459100.0
2026-02-03,1389.206298828125,75633.546875,2227.558837890625,339.26837158203125,685.885009765625,334.02435302734375,1438.8976368180865,79118.8515625,2357.2060546875,348.5463032010534,693.2757257351432,345.2662625188203,1365.3509286193494,72897.140625,2109.05517578125,337.0312933144156,680.4140840721383,328.32379245385806,1429.1743277764717,78693.5078125,2344.44580078125,346.8884575284791,692.529690413304,343.2964585126223,2205100.0,68249110822,47906083919,36506700.0,107904600.0,12540000.0
2026-02-04,1332.727783203125,73019.703125,2143.504150390625,332.6070556640625,682.5626831054688,324.0657958984375,1399.3775784215993,76864.65625,2291.13134765625,342.86369366519597,687.7948875474046,337.05866944832655,1309.7681315902646,71779.9296875,2074.102783203125,328.09291217000737,678.1561081391175,317.4300944641324,1389.0870467511459,75640.09375,2227.967041015625,342.514142570529,686.7006659106327,333.8751345918697,2479400.0,67215363944,45219604814,70618400.0,105204600.0,18176000.0
2026-02-05,1343.7049560546875,62702.09765625,1821.68310546875,330.8193664550781,674.0379638671875,329.0301513671875,1362.3155032724444,73161.5546875,2167.139892578125,332.25749685616427,680.0758839506523,332.85041119948266,1313.2213923858662,62353.53515625,1818.664306640625,306.06158556074746,672.2176206040476,318.00708246167767,1322.7655088423855,73016.375,2143.618896484375,311.814107165092,677.3404209861714,321.16080290831286,1790200.0,125509410908,60381662655,88205800.0,113610800.0,14812000.0
2026-02-06,1406.2545166015625,70555.390625,2063.386962890625,322.4402770996094,686.96923828125,347.0570373535156,1409.200326191414,71681.3046875,2090.328125,329.95052083207565,688.6503070282812,347.92256099576986,1361.9772296196913,60074.203125,1748.627685546875,319.50412705068965,677.2508650473027,334.9197290027381,1365.8087987657784,62704.453125,1821.12939453125,326.75466854448496,677.8576866055596,335.7653663679586,1971000.0,114674259489,64998454203,56380500.0,89127600.0,17025500.0
2026-02-07,,69281.96875,2090.54931640625,,,,,71611.1484375,2115.824951171875,,,,,67364.4453125,1995.9185791015625,,,,,70553.796875,2063.333740234375,,,,,62347107663,41145430304,,,
2026-02-08,,70264.7265625,2088.762939453125,,,,,72206.90625,2148.12060546875,,,,,68852.8984375,2066.3837890625,,,,,69283.7265625,2090.633544921875,,,,,39721722619,19541713443,,,
2026-02-09,1422.655517578125,70120.78125,2103.567626953125,323.8984069824219,690.2816772460938,353.58331298828125,1430.2191572500756,71369.96875,2144.97607421875,327.2740180221729,692.1915108078678,357.7517801934697,1401.8653792736134,68291.03125,2008.3623046875,316.84758707958963,684.7013472083629,346.01241010097175,1409.0707547043687,70243.328125,2087.92138671875,320.5127991892576,685.7755944360715,346.96749787603636,1125100.0,52081598792,26750982266,39640100.0,73885200.0,14594900.0
2026-02-10,1408.7171630859375,68793.9609375,2019.4974365234375,318.16583251953125,688.4613037109375,360.0498962402344,1434.8960707952947,70464.265625,2122.021484375,321.25184233940706,692.8579216647231,362.88525417859324,1405.906997164329,67913.09375,1990.1405029296875,314.2009923012897,688.0037135108784,354.5582782923775,1434.278225995682,70137.390625,2104.181884765625,320.5527401483992,691.276360737094,362.4574411737488,1200600.0,40593063077,23267337087,39170000.0,65185700.0,14622100.0
2026-02-11,1430.65087890625,66991.96875,1940.621337890625,310.5557556152344,688.3021850585938,372.16729736328125,1446.4558578391786,69242.6796875,2030.409423828125,320.64263210541753,693.4547952732178,377.6290708618505,1404.4520203122381,65757.3046875,1903.6851806640625,309.25745775560665,685.5368515439336,366.49661169632776,1435.4043548099107,68791.859375,2019.580078125,318.55535268111106,692.7087599208829,368.1778977228668,1139300.0,49671946030,23922680362,45406400.0,76353900.0,18651300.0
2026-02-12,1401.9906005859375,66221.84375,1946.940673828125,308.5982971191406,677.668701171875,366.20806884765625,1434.2583031101133,68339.4921875,1999.5028076171875,315.8288752987113,691.6742279947084,378.0468999040864,1387.3714362047983,65092.109375,1897.3348388671875,306.80064932708433,676.7734344520502,320.4444967540037,1430.2522260620951,66992.1953125,1940.8411865234375,311.68427643298344,690.5701102294341,377.0520396411809,1518100.0,44651071271,20106364835,47761300.0,118829000.0,16835400.0
2026-02-13,1401.7315673828125,68857.84375,2048.52734375,305.32257080078125,678.1461181640625,364.4770202636719,1431.6773963492192,69382.8359375,2069.456787109375,308.2287915112591,682.6522007204912,369.20260688741604,1396.1410386351617,65835.78125,1924.136962890625,303.31517401115394,673.9384983110481,358.9157545960688,1409.9429796056274,66213.375,1946.6107177734375,307.32996759040856,678.0864377658819,367.2526891184118,1248900.0,40820775886,20412430639,38499700.0,96267500.0,10468200.0
2026-02-14,,69767.625,2086.009765625,,,,,70481.1640625,2105.067626953125,,,,,68706.6171875,2042.6414794921875,,,,,68856.984375,2048.330322265625,,,,,36012397645,16925555543,,,
2026-02-15,,68788.1875,1966.04296875,,,,,70939.2890625,2100.47900390625,,,,,68052.546875,1929.3944091796875,,,,,69764.953125,2085.95361328125,,,,,40191152750,31030538835,,,
2026-02-16,,68843.15625,1997.917724609375,,,,,70067.234375,2021.0836181640625,,,,,67301.5859375,1938.5450439453125,,,,,68782.3984375,1965.9232177734375,,,,,33618145426,19219250473,,,
2026-02-17,1414.8558349609375,67494.21875,1992.1943359375,301.6273498535156,679.2402954101562,362.3281555175781,1423.5455623661855,69201.8671875,2013.8560791015625,304.0442171582303,681.31927396984,364.317876239013,1377.9542361650983,66615.28125,1941.7789306640625,295.86486207725466,672.2077222570326,354.4090451865427,1387.7401241332252,68843.09375,1997.9217529296875,299.6499434457439,676.5446598627462,360.0101138750984,1097200.0,34866936040,20929890501,39247600.0,81354700.0,10063800.0
2026-02-18,1463.6259765625,66425.3203125,1953.97412109375,302.9356689453125,682.662109375,360.3981018066406,1471.3790222107268,68434.4296875,2037.1585693359375,304.983022308801,685.507036973797,367.49146059968047,1422.4293910650965,65845.8984375,1923.8134765625,300.8583862777236,679.2204384959671,358.8560501260037,1431.4878299547818,67488.0234375,1992.195068359375,301.6972906518214,680.4041503420104,361.9898539972341,1334400.0,33094301643,20187307041,28482100.0,73570300.0,7310500.0
2026-02-19,1453.8701171875,66957.5234375,1948.2010498046875,302.456298828125,680.8616333007812,358.5377197265625,1454.727119893473,67277.125,1985.8076171875,305.0728879320441,682.5526587813481,360.9353063430657,1422.628749558259,65637.4296875,1906.822021484375,299.64995428739604,677.9471293624403,355.6028696838767,1434.049086114605,66425.625,1953.994140625,301.42763905495286,680.225062656192,357.87114996380035,1135200.0,31492987019,17380103826,25834400.0,58649400.0,6346500.0
2026-02-20,1464.4930419921875,68005.421875,1969.0223388671875,314.5705261230469,685.7855834960938,368.63555908203125,1481.8526686516334,68269.03125,1980.2437744140625,316.08853909864735,686.4122580979458,370.2870308906031,1443.2967924729103,66452.484375,1923.622802734375,303.504913437054,678.126274472082,357.2543543574776,1444.3930747016684,66958.578125,1948.268798828125,303.9243808328656,678.7131823752115,357.93085210246517,1102500.0,47507867304,21682976627,53210800.0,100034000.0,9009200.0
2026-02-21,,68003.765625,1973.7371826171875,,,,,68657.703125,1994.8277587890625,,,,,67533.0703125,1955.794189453125,,,,,68000.25,1968.86181640625,,,,,18357635642,11561261802,,,
2026-02-22,,67659.390625,1957.805908203125,,,,,68235.2265625,1982.2142333984375,,,,,67185.6015625,1934.8607177734375,,,,,67998.828125,1973.57080078125,,,,,17893536012,9488829492,,,
2026-02-23,1480.836181640625,64616.73828125,1855.5028076171875,311.0850524902344,678.7827758789062,368.13812255859375,1487.8318538766537,67668.4296875,1958.1396484375,319.1046122516075,686.3525334522094,371.5106832672191,1456.9293950742738,63924.4375,1838.0416259765625,309.4671633706354,676.7734345413753,364.5765055989434,1466.296817703045,67668.4296875,1958.1396484375,318.6352220336332,684.1940214696967,365.12369699323017,1284200.0,50953457309,23731172668,31423000.0,90558100.0,9550200.0
2026-02-24,1492.6053466796875,64080.04296875,1852.969482421875,310.495849609375,683.7164916992188,383.7673645019531,1502.1221521773657,64992.15625,1868.3206787109375,311.8640638461802,684.7112054782021,387.1797280779624,1468.8181379898442,62553.1875,1804.1136474609375,305.53230897934316,676.4053697086953,374.11720735268767,1494.8176180329626,64616.015625,1855.4727783203125,310.11633870149166,678.295350173768,377.4499954626336,1538900.0,40849331086,18475122228,25615600.0,73798700.0,13269500.0
2026-02-25,1521.2156982421875,67960.125,2054.6279296875,312.49322509765625,689.4859008789062,385.7371826171875,1541.853831950164,69953.53125,2145.506103515625,313.2322838254539,690.0130676270821,388.2044166508074,1511.2204555496237,63942.484375,1847.05419921875,309.03773161827513,686.4519751919497,382.8520635515886,1517.1199673289639,64077.76953125,1852.87548828125,311.6543207518016,686.53156929616,388.2044166508074,1306900.0,53629234355,27717195805,29963600.0,56369500.0,10948400.0
2026-02-26,1458.72314453125,67453.7734375,2026.7926025390625,306.9804382324219,685.6561889648438,374.8733215332031,1509.0777986531793,68843.3515625,2082.78662109375,312.73296049797625,689.6350440416309,384.4836760415777,1421.6421174217896,66523.734375,1976.3575439453125,301.95697800388234,680.7323436648176,367.7998791031673,1507.57302606122,67954.8671875,2053.78271484375,312.23361045347764,689.615191050754,384.1951580425536,2177900.0,42988597523,23327720766,36431200.0,71671000.0,14535700.0
2026-02-27,1445.5291748046875,65881.796875,1930.7618408203125,311.354736328125,682.3637084960938,372.6547546386719,1456.6503817114851,68220.40625,2062.627197265625,311.9639287272481,683.2291046432514,374.74396732300823,1419.5594986294693,64946.03515625,1888.6287841796875,303.4050620118916,678.0367277603054,366.7253958022188,1425.3792100734117,67456.515625,2026.735107421875,303.7446468483449,679.4790749097389,368.2376028761936,1358300.0,40283655942,21136821039,44640600.0,83308900.0,9186600.0
2026-02-28,,66995.859375,1965.050537109375,,,,,67714.5234375,1983.9927978515625,,,,,63062.21875,1837.303466796875,,,,,65878.9296875,1930.7469482421875,,,,,42041497112,21675923669,,,
2026-03-01,,65738.1015625,1939.066650390625,,,,,68162.8203125,2053.28564453125,,,,,65076.73046875,1909.098388671875,,,,,67005.8828125,1965.3902587890625,,,,,40733141929,23649071468,,,
2026-03-02,1418.602783203125,68775.8515625,2027.2689208984375,306.12152099609375,682.751708984375,367.2128601074219,1437.6862680489762,70044.0,2085.427978515625,308.0889612664211,684.9798583327654,371.1823732345651,1406.3154694182901,65303.13671875,1922.4390869140625,300.908305641281,674.4359156260907,362.77579179913977,1412.8328257003302,65734.078125,1939.0587158203125,302.83581985466094,675.1123137702438,363.482134090646,1492400.0,56698092052,26235436166,34790200.0,87477200.0,12571600.0
2026-03-03,1356.2198486328125,68293.6484375,1982.7689208984375,303.1853332519531,676.7337036132812,351.3150329589844,1368.7363456850142,69232.890625,2040.7916259765625,303.5448811012492,679.0016196644848,354.1503909697605,1324.4206083767397,66237.6171875,1930.4029541015625,296.3242691134317,666.1200629162043,342.37124831361416,1352.8715165821004,68785.078125,2027.407958984375,298.2018299939976,671.4915420947397,347.75341597792504,2012500.0,47947999049,24100196312,35497000.0,105003100.0,18580200.0
2026-03-04,1394.5166015625,72710.578125,2126.50537109375,302.7359619140625,681.5082397460938,355.6028747558594,1400.6752211759845,74051.8046875,2198.65673828125,305.07291645770977,683.4579005621853,359.2341088470799,1367.9490315906396,67437.40625,1946.0396728515625,300.3590508331652,676.0273572426378,352.7277138615793,1386.3051898424806,68290.5625,1982.711181640625,302.49628364637806,678.026741603972,355.5929164372393,1486700.0,75073101274,33610946768,29536200.0,79182200.0,12131100.0
2026-03-05,1363.6141357421875,70841.125,2071.60546875,300.4888610839844,677.70849609375,352.041259765625,1402.4988230900701,73555.7890625,2163.0361328125,302.9056980180265,681.9062201445739,357.6224419722406,1334.8043695299118,70654.8828125,2056.01904296875,297.6026034525966,672.0386149612469,342.0329673325376,1376.3298902767256,72712.65625,2126.560546875,302.6460567428228,678.474445192334,353.0759230038478,1804500.0,51172841727,22383576284,35752300.0,106606500.0,16249800.0
2026-03-06,1288.3162841796875,68136.4921875,1978.751220703125,298.1319274902344,668.82568359375,337.1482238769531,1333.359470240547,71378.5703125,2092.51513671875,300.1393243405422,672.5359467168151,346.927687332115,1282.2075397378946,67757.8203125,1957.0150146484375,294.7962729857715,666.2195382406165,334.95951905814144,1289.372544569358,70842.15625,2072.025634765625,295.7050936872067,669.8502072585248,341.7345153172319,1900100.0,43776962871,19733648079,25576900.0,100687000.0,13803000.0
2026-03-07,,67272.59375,1969.4554443359375,,,,,68515.1640625,1994.9705810546875,,,,,66969.2578125,1950.0224609375,,,,,68136.6875,1978.6905517578125,,,,,23258701211,10236899078,,,
2026-03-08,,65969.78125,1936.604736328125,,,,,68177.7890625,1978.7071533203125,,,,,65639.1953125,1915.301025390625,,,,,67272.5,1969.4522705078125,,,,,33195080116,16314032554,,,
2026-03-09,1352.712158203125,68402.3828125,1992.938232421875,306.1770935058594,674.6845703125,346.9078063964844,1354.2866345593093,69474.9453125,2052.327392578125,306.6168332730834,676.3258117079225,347.6041904053892,1271.6841040392178,65858.0078125,1930.59912109375,293.9044256827884,658.888509802078,330.21405140915897,1280.3340530664286,65969.5859375,1936.637451171875,294.1842573074437,662.8673651303956,333.8751301072361,1808900.0,49499875378,24015826480,29312100.0,102667700.0,19182800.0
2026-03-10,1378.60205078125,69926.921875,2037.1204833984375,306.8567199707031,673.6002807617188,345.3060607910156,1402.6583418849898,71770.8984375,2087.9853515625,309.3252467158022,679.7476047325034,351.68311901099446,1365.1588471713576,68402.71875,1992.01416015625,305.3875962722132,671.1930903760745,342.5403503481588,1369.8225476509165,68402.71875,1992.986083984375,305.98724420005084,674.1374043547928,346.67897287429116,1650900.0,54003996096,23552353781,23239700.0,81505300.0,12985600.0
2026-03-11,1381.87060546875,70204.8828125,2051.5732421875,308.5157470703125,672.7548217773438,352.7376708984375,1399.9078045724466,71337.6640625,2085.286376953125,311.23412470378855,676.4849986405864,355.51333967861297,1367.241466861355,68998.8671875,2008.0386962890625,305.7374076911934,669.7806371390539,348.55924543066214,1379.159946843711,69931.25,2037.1212158203125,306.56689883882945,673.9982140650914,352.11090404219846,1164700.0,45236859848,19031715359,24125700.0,68441700.0,10683300.0
2026-03-12,1346.892333984375,70493.4609375,2073.13623046875,303.3687744140625,662.5390625,334.9794006347656,1367.7797221084977,70775.828125,2094.32568359375,308.7555713296518,668.0995392824933,345.10710148802195,1328.9447875002493,69230.15625,2019.27783203125,300.8502897843219,662.3500644519811,334.6511100969132,1367.7797221084977,70209.765625,2051.7666015625,306.636841807898,667.6120785283837,344.15201374736165,1780200.0,40871848129,20624954899,24928300.0,108882200.0,17549400.0
2026-03-13,1341.022705078125,70968.265625,2092.5634765625,302.09954833984375,658.7890014648438,336.5711669921875,1381.9802558794358,73927.328125,2206.813232421875,307.50632242162294,668.7859240392634,342.74924061144304,1337.8438272980177,70410.7265625,2071.582275390625,300.26065041451466,657.863924887251,334.49191272382546,1362.7970203669688,70497.046875,2073.289306640625,306.8267356773544,665.7321452917186,342.1523487531383,1179000.0,61167226505,29345212033,23693100.0,97200200.0,17299900.0
2026-03-14,,71214.625,2097.086669921875,,,,,71291.203125,2105.5712890625,,,,,70339.5859375,2062.659423828125,,,,,70965.3828125,2092.558349609375,,,,,22283546496,10073411269,,,
2026-03-15,,72789.9140625,2177.476318359375,,,,,73173.0078125,2201.95556640625,,,,,70882.421875,2084.20947265625,,,,,71213.6796875,2096.880859375,,,,,27991268669,15333885132,,,
2026-03-16,1370.7891845703125,74861.0859375,2351.176025390625,305.3775939941406,665.493408203125,338.4813537597656,1385.338522858496,74901.859375,2384.466552734375,306.3070315122431,668.5173163233716,342.85873330456,1363.4546043110572,72300.6328125,2166.00244140625,302.8391017033621,663.5934708305671,338.0734573658087,1374.7354111203879,72798.171875,2177.782958984375,304.16832484157635,664.8468199428278,339.4961004047393,1310400.0,55572438409,38938369545,23519700.0,82023100.0,11123500.0
2026-03-17,1384.342041015625,73922.4765625,2318.053466796875,310.7344055175781,667.2440185546875,345.1716613769531,1386.2354756168413,75988.3984375,2375.455078125,311.2341070358109,670.8747480492216,345.9498377627922,1364.5609106630131,73444.2265625,2297.668701171875,305.3176276402165,666.1598145596139,337.6093542809213,1380.2463102357756,74855.296875,2351.134765625,305.67739809365116,668.8355969918504,339.80422636727593,1135600.0,49500721728,26737564550,21955200.0,87128000.0,11434600.0
2026-03-18,1350.469970703125,71245.578125,2203.671630859375,307.5063171386719,657.9335327148438,338.7766418457031,1376.4993750559395,74658.9765625,2348.904296875,312.28346234614037,666.1796881508768,347.1370678303785,1349.323934865257,70503.859375,2154.584228515625,306.74676108497374,657.6948111200146,338.5471682530561,1368.6067998307265,73936.8515625,2318.556884765625,309.0853604878573,664.8268919718373,344.97212438439857,1391400.0,46229011155,25617966362,20009800.0,82062600.0,12632600.0
2026-03-19,1361.6510009765625,69912.7890625,2137.423828125,306.9466552734375,656.3121948242188,337.99847412109375,1367.699895034459,71598.84375,2232.203857421875,307.8760927647981,659.4753776238247,339.10586615055837,1305.8252741696526,68805.5234375,2099.88916015625,302.16951004441273,651.7066647804095,324.43024248767375,1310.6783788139921,71250.3515625,2203.478759765625,303.8285227221892,653.4971375917409,328.45082575092425,1619100.0,44631433398,24090913749,25075800.0,111272500.0,15411600.0
2026-03-20,1312.681396484375,70522.5859375,2146.4970703125,300.8203125,646.9034423828125,328.47076416015625,1365.2484442464176,71346.796875,2175.699462890625,305.8173276578073,655.0025723674255,336.8112479482066,1286.6220679089702,69398.8828125,2117.276123046875,298.0919312440676,643.063298812559,325.13857128583965,1352.552639978392,69911.53125,2137.394287109375,305.2776414809433,654.8230422006715,335.8933840112334,2645100.0,38299078407,17970488517,44364100.0,163617500.0,17424200.0
2026-03-21,,68711.5234375,2076.68994140625,,,,,71051.2734375,2166.7158203125,,,,,68602.9140625,2072.38330078125,,,,,70522.46875,2146.7099609375,,,,,21109354718,8654913047,,,
2026-03-22,,67845.2109375,2053.04833984375,,,,,69561.7734375,2125.9765625,,,,,67372.875,2027.0478515625,,,,,68737.4453125,2077.201171875,,,,,30108051508,16438149794,,,
2026-03-23,1364.8697509765625,70914.859375,2152.14599609375,301.87969970703125,653.6959228515625,337.6592712402344,1395.5330510487609,71782.2578125,2195.99169921875,305.7973733016039,660.9173090129275,342.6076743711966,1343.4343442382137,67458.84375,2023.2718505859375,300.75036931754545,652.2596206790361,330.3264373947262,1355.0140378017468,67843.0,2052.953125,301.92965766257777,656.3790129905765,330.3264373947262,1983200.0,51508669357,28509077302,29326900.0,134802700.0,15857200.0
2026-03-24,1394.5665283203125,70517.859375,2155.704345703125,290.2666320800781,651.5015869140625,342.4480285644531,1408.3784440049033,71371.3046875,2174.325927734375,299.7409842283802,655.3417305137531,344.0742250937163,1344.0025162252248,68920.6953125,2103.3828125,290.15668188195673,648.2100787416998,333.23958263321845,1344.440931811905,70912.671875,2152.114501953125,299.02141279307426,649.6463809650626,334.785979471341,1801000.0,40181522399,18389631713,36864300.0,96457500.0,9725000.0
2026-03-25,1389.0556640625,71309.8828125,2168.021484375,290.7563171386719,655.1322021484375,346.9375305175781,1400.9541948394128,71985.7421875,2198.369873046875,295.82329783701033,659.1917509309695,349.6312345218189,1361.9499273092995,70383.59375,2146.6162109375,289.0673235725591,652.5588148295345,342.69746005115195,1389.2549217549365,70520.046875,2155.719482421875,293.2648285118823,656.9774239230809,345.1916191490497,1610000.0,35409791747,17086301657,29460700.0,90653800.0,12166900.0
2026-03-26,1324.888916015625,68791.625,2059.578369140625,280.7523193359375,643.432373046875,325.3480529785156,1354.7051887420973,71410.390625,2171.156982421875,287.7781215852462,653.1672421520028,340.1134921176816,1322.2480826396475,68118.3515625,2033.7310791015625,278.33375052565475,643.1630473705688,324.60979167775395,1352.1042555617676,71310.1171875,2168.02880859375,287.7381369232671,650.3844333840033,339.0260424773275,1721100.0,38962070215,18628112246,39080600.0,96494400.0,14560200.0
2026-03-27,1297.95263671875,66338.375,1991.27197265625,274.1762390136719,632.4606323242188,325.9765930175781,1329.1541031799213,69117.53125,2075.17041015625,279.203235317384,641.0085567819559,328.790011660255,1294.0163850939407,65532.5703125,1971.5067138671875,273.7864876697142,631.4831091918358,321.55695060249406,1313.8573656477843,68790.8359375,2059.44873046875,277.1144865271076,640.8489947137006,324.07105189915274,1759700.0,46483453594,19453998121,35890600.0,103649400.0,14484500.0
2026-03-28,,66319.6953125,1992.694580078125,,,,,67232.859375,2038.7030029296875,,,,,65906.7421875,1982.1300048828125,,,,,66338.5,1991.283447265625,,,,,20924883455,8641221084,,,
2026-03-29,,65954.921875,1982.5596923828125,,,,,67052.953125,2016.545166015625,,,,,64971.70703125,1939.5286865234375,,,,,66319.6953125,1992.69384765625,,,,,21645889785,9451184647,,,
2026-03-30,1249.6109619140625,66691.4453125,2023.514892578125,273.33673095703125,630.3460693359375,315.7605285644531,1318.3318767322999,68087.2890625,2082.064697265625,276.9245842043685,638.7245091624994,328.82992777912506,1243.7812752838356,65759.8046875,1979.076904296875,271.9475460941929,627.6630399662237,313.0668246730703,1314.1962454828408,65958.3515625,1982.5506591796875,276.2550012483934,638.4651675144013,326.4355412347163,2144500.0,37694994180,17840662425,35141200.0,99275900.0,15740000.0
2026-03-31,1316.2489013671875,68233.3125,2104.708251953125,287.3883361816406,648.6688842773438,337.1604309082031,1317.8234992831206,68495.2734375,2118.796875,287.9080147834651,649.865752001465,337.61934764620054,1271.5844047816238,65950.4375,2011.7952880859375,276.9245851168754,636.3405988140365,320.38970797374367,1279.8754948740407,66694.5859375,2023.5206298828125,277.87403020607053,637.2981538716512,321.5569573535184,1731500.0,42997691338,21278561395,43875400.0,152534100.0,18488000.0
2026-04-01,1355.0439453125,68078.5546875,2138.737060546875,297.2124938964844,653.5562744140625,340.692138671875,1380.9138691492597,69230.359375,2165.666259765625,300.34059988895723,656.8278752918841,347.8653425105511,1339.8967122297702,67555.359375,2082.291748046875,290.23664948178913,651.3220400966815,338.9562137218917,1340.972922665875,68232.890625,2104.717529296875,290.6663854824321,652.219751792706,343.0965116413069,1745000.0,36465393617,19542997434,37684500.0,97841500.0,15011600.0
2026-04-02,1312.6614990234375,66888.5703125,2056.8525390625,295.59344482421875,654.144775390625,338.2478942871094,1351.4963121681094,68633.1484375,2158.15771484375,297.90206355243157,656.5086804928782,341.27081394543603,1293.6776421533577,65725.2578125,2016.989990234375,289.2772403921399,643.4522901873171,326.03647044026826,1301.0121012437396,68077.8984375,2138.7236328125,290.5164904801884,644.7589215344626,326.07638551144646,1883400.0,39323384518,18847170816,21666500.0,68358700.0,8994600.0
2026-04-03,,66931.1015625,2053.38525390625,,,,,67296.234375,2075.764404296875,,,,,66281.5390625,2042.176025390625,,,,,66889.015625,2056.704833984375,,,,,22815543346,9609678843,,,
2026-04-04,,67290.515625,2065.3515625,,,,,67515.015625,2082.00244140625,,,,,66769.640625,2044.87158203125,,,,,66938.6484375,2053.58447265625,,,,,15878814963,6926913517,,,
2026-04-05,,68981.8984375,2108.99560546875,,,,,69087.65625,2120.49951171875,,,,,66610.6328125,2022.6453857421875,,,,,67291.1953125,2065.37060546875,,,,,22972648674,9928800793,,,
2026-04-06,1299.4873046875,68859.828125,2107.761474609375,299.8109130859375,657.23681640625,340.9615173339844,1315.4218367509327,70305.421875,2172.985107421875,300.4405418912755,658.0247645183308,343.39581892266654,1275.919305782992,68347.078125,2089.10009765625,295.0037868253031,653.8356054757206,337.82883905569076,1310.548782167155,68982.9140625,2108.935791015625,295.69337737406744,654.1746977251443,338.9562037807292,1299200.0,39542143229,19097527675,16945500.0,39105800.0,5884800.0
2026-04-07,1301.9188232421875,71940.703125,2241.806640625,305.27764892578125,657.5260009765625,344.5132141113281,1304.4600277992733,72732.4296875,2270.594970703125,305.4475608650088,657.9150134208243,344.7227149499429,1267.797586715847,67740.5078125,2061.467529296875,297.5422790326475,649.386996170508,334.8657933542661,1285.9643405959432,68859.375,2107.784912109375,302.54929810267237,654.9626585699763,338.64694705989115,1368900.0,44650511480,22588914083,23205400.0,69980400.0,6823500.0
2026-04-08,1416.1214599609375,71123.359375,2190.33544921875,317.1305847167969,674.27294921875,365.04510498046875,1424.3328716634244,72825.1875,2269.8798828125,321.88772251879675,675.3402070755335,373.4254731273044,1379.4290936337004,70707.46875,2181.231201171875,314.8319393907938,669.734652974974,358.40066175401483,1416.071584715789,71950.1484375,2242.276611328125,320.25872115869026,674.6519776493207,369.4248627966387,2427300.0,42444631703,21469476310,33547100.0,93606100.0,16356900.0
2026-04-09,1443.61572265625,71767.828125,2189.14404296875,318.29986572265625,678.162841796875,364.6360778808594,1448.508727453095,73107.265625,2243.972900390625,319.3492572184689,679.4096297331154,367.30983960338875,1407.2223648489826,70486.359375,2158.017578125,310.8743084256086,672.0386657215836,359.87723322860296,1407.2223648489826,71120.5703125,2190.33251953125,315.72141928886384,673.1059235004034,362.4511920505476,1579700.0,38799581473,17218638798,23739200.0,57134400.0,9246000.0
2026-04-10,1473.1529541015625,72979.046875,2245.148681640625,317.0506286621094,677.7140502929688,369.734130859375,1497.2889233918547,73440.1171875,2257.18408203125,321.6378852163977,680.2774536083281,377.1168353024966,1468.6087110250635,71434.828125,2176.851318359375,316.1311948927162,676.7066358948267,368.8861107224818,1477.2087847154812,71774.3671875,2189.380859375,319.8289680511782,679.5692561407437,374.71246240799366,1519600.0,37722595732,17131968712,19152600.0,42253500.0,13168200.0
2026-04-11,,73054.2734375,2285.39013671875,,,,,73784.234375,2327.457763671875,,,,,72556.3359375,2230.751953125,,,,,72976.125,2245.1044921875,,,,,23287073965,12620960384,,,
2026-04-12,,70753.40625,2192.201171875,,,,,73154.03125,2288.448486328125,,,,,70540.5703125,2177.485595703125,,,,,73056.046875,2285.43017578125,,,,,29882740487,15307071617,,,
2026-04-13,1494.996826171875,74484.640625,2370.71484375,321.1181945800781,684.3369750976562,368.70654296875,1495.5948425168203,74896.3125,2393.759033203125,321.43801087893695,684.536473353906,370.5921113356213,1455.9627568541268,70588.5234375,2176.32470703125,315.28168437302884,674.8414790590384,365.1947476205656,1460.0784376919084,70757.6171875,2192.33154296875,316.9507009019676,675.669302461078,369.3949332866031,1709400.0,52278211554,23709131572,18866400.0,54185800.0,9596300.0
2026-04-14,1513.0341796875,74181.609375,2323.30859375,332.7112731933594,692.675537109375,379.00244140625,1526.666665679995,76061.7578125,2415.52734375,333.09105123243734,692.7952238870419,381.26712682827457,1491.7880550062116,73877.203125,2304.412353515625,323.5567375910905,685.8929616905456,372.34801176649427,1521.0960873506683,74478.3984375,2370.314453125,324.59612530340485,685.9229138241225,378.15442125299387,1769200.0,53540826530,25185167270,27721400.0,63480500.0,12859500.0
2026-04-15,1476.630859375,74805.078125,2359.43701171875,336.91876220703125,698.1414184570312,374.2236328125,1481.0156233708753,75409.2734375,2384.999267578125,337.278563176308,698.480571570673,381.08756344198474,1410.3415484081438,73549.203125,2310.70703125,330.70247381548376,692.4161778504387,371.34037031444194,1468.4194475495158,74182.0234375,2323.34326171875,332.69130668872015,693.4734516118131,380.51888786713016,4251700.0,38090174312,17004367348,24918800.0,58240400.0,14955500.0
2026-04-16,1405.9368896484375,75152.1328125,2348.64501953125,335.81939697265625,699.8569946289062,362.5010681152344,1448.8775317035845,75506.5703125,2369.17236328125,339.67710854893676,700.9741726960574,369.33506973188184,1401.6219508269899,73346.265625,2285.7099609375,334.3202924195682,696.7350934539525,359.70759182167325,1447.9606786716076,74810.875,2359.70458984375,338.5477782390461,699.2585607342904,367.9981737410995,2626700.0,41312783855,20602833116,20541500.0,49972400.0,26405800.0
2026-04-17,1454.737060546875,77126.875,2421.07177734375,341.4760437011719,708.3152465820312,369.6343688964844,1467.3730146952707,78320.6796875,2464.783447265625,342.1156763245155,710.5594650064761,374.7024866580013,1440.6758908603986,74558.6015625,2318.141845703125,336.0392884001999,703.9464965121796,364.286906540967,1458.6832872501304,75164.0390625,2348.85498046875,337.4484504303517,704.3255249385737,372.32807283213566,1876500.0,54137194839,26467618336,25581900.0,70661900.0,18419400.0
2026-04-18,,75726.2109375,2351.1005859375,,,,,77416.703125,2427.278076171875,,,,,75504.9453125,2341.125732421875,,,,,77136.046875,2421.102294921875,,,,,26014416776,14400085617,,,
2026-04-19,,73856.3515625,2264.9169921875,,,,,76243.09375,2355.783203125,,,,,73802.3828125,2254.697509765625,,,,,75723.6953125,2350.86181640625,,,,,30931515195,17083701612,,,
2026-04-20,1471.379150390625,75872.5234375,2315.21240234375,337.2185974121094,706.8988037109375,365.3843078613281,1474.1694879902043,76575.359375,2346.2734375,341.1962021124509,708.0857482546458,369.20537650698327,1446.9641221586098,73775.5703125,2262.052978515625,336.40905286572576,704.3254772575062,363.39896703611515,1456.4211988726431,73854.25,2264.87353515625,340.55660000710446,706.9587079747221,368.3573563560101,1091900.0,39674447916,19084768822,18784200.0,43546800.0,11638300.0
2026-04-21,1453.909912109375,76352.7734375,2327.970458984375,332.0916442871094,702.2708129882812,367.2200012207031,1475.036458401076,76881.4765625,2338.012451171875,339.13742351057505,709.4523240430285,369.8837764053379,1441.2340573225206,74852.671875,2287.3798828125,331.1522029907326,700.8345107773317,364.2569391372449,1470.9705309678614,75872.828125,2315.178466796875,337.48841459650436,708.4548936431559,367.2200012207031,1274600.0,36453522626,16107716719,23123800.0,58941400.0,9808200.0
2026-04-22,1438.653076171875,78203.1015625,2376.088134765625,339.1174621582031,709.3825073242188,386.5347900390625,1471.877411023059,79468.0,2422.8603515625,339.6171637007564,709.6218808832724,387.0036931518485,1373.519774869395,76159.578125,2314.590087890625,334.96994545488326,706.4001392457644,369.7740536326661,1471.877411023059,76354.21875,2327.96484375,336.818816762841,707.3278031045794,370.91137431172075,2621800.0,48336654537,22465555335,20293000.0,42518500.0,16317200.0
2026-04-23,1412.8826904296875,78268.953125,2331.513916015625,338.6877136230469,706.6295776367188,381.7659606933594,1444.970962454383,78676.9375,2380.135986328125,341.7558578013153,710.5295037064266,387.8517148042079,1391.3874335762716,77014.453125,2287.55322265625,335.97930940305434,700.4754491270062,374.93195887493795,1433.959238530008,78203.875,2376.087890625,340.9763246437424,707.6768673789517,383.35224217986075,1800500.0,40354900916,19909161913,18650300.0,56174000.0,12224900.0
2026-04-24,1452.644287109375,77455.3125,2315.690185546875,344.19439697265625,712.10546875,401.5196838378906,1467.5425097989425,78554.09375,2337.2666015625,345.06387272769797,712.6340752101273,408.5332577264124,1436.6898040184592,77318.4453125,2301.52734375,335.1897964239415,707.1881441382454,392.92981485809634,1454.46801807068,78263.8203125,2331.56884765625,338.5277988797623,708.9236633096505,395.2144730265238,1751800.0,32784213526,13371168064,26426100.0,45182000.0,21603600.0
2026-04-25,,77612.015625,2318.8291015625,,,,,77882.640625,2323.410400390625,,,,,77184.6640625,2302.201171875,,,,,77457.2109375,2315.741455078125,,,,,16702933134,6545621782,,,
2026-04-26,,78657.5390625,2369.72900390625,,,,,78923.5625,2379.32421875,,,,,77334.890625,2307.565185546875,,,,,77613.1171875,2318.906494140625,,,,,21482934750,10622966933,,,
2026-04-27,1430.5897216796875,77366.625,2303.06396484375,350.130859375,713.332275390625,404.0338134765625,1456.416426737177,79488.171875,2403.7265625,352.9691603649003,713.7911152864904,413.5315599359024,1413.8613569186418,76481.34375,2267.409423828125,342.5254168368208,710.4696550399041,399.4644971636646,1455.9569379983684,78661.015625,2369.841796875,345.77347673538645,711.3374146094498,412.7833122399991,1326200.0,38135631927,17879618684,28576900.0,33135900.0,16561200.0
2026-04-28,1382.771728515625,76350.671875,2289.419677734375,349.5711975097656,709.8612060546875,391.42333984375,1396.8235017337613,77483.8671875,2310.442138671875,352.20963620070955,711.0481506026886,396.94041842795855,1363.047238076459,75673.6015625,2259.057373046875,345.91337868788094,707.4274735730012,383.80120564186564,1387.9349727988995,77368.1171875,2303.079833984375,348.34192077884484,709.9908768700561,391.2038526301569,1926900.0,32056900880,12761522276,27824100.0,43117400.0,14715800.0
2026-04-29,1392.279296875,75776.1328125,2253.415771484375,349.7311096191406,709.7515258789062,392.90985107421875,1397.892032942408,77884.96875,2345.939697265625,355.5776236260777,710.3699278433978,394.92515107739615,1373.1441326084384,74958.5703125,2221.223876953125,344.0045190996302,706.5497524472755,387.27305769604214,1384.9188211898252,76350.6875,2289.412109375,347.36252924438134,709.1729992133655,391.9920175913842,1256500.0,41460907886,21884731493,35376300.0,41859200.0,10313000.0
2026-04-30,1437.13134765625,76304.3203125,2256.251220703125,384.5702819824219,716.8132934570312,395.1346435546875,1444.781487906325,76611.484375,2277.71826171875,385.6096696957082,717.9403946619685,397.8582761473064,1393.1981762110368,75318.984375,2232.130859375,365.60163158627074,708.6244289610544,384.80881919042196,1412.5131619521428,75778.6328125,2253.484375,373.8467067603946,712.7936806635566,396.8805548572255,1414400.0,29497862305,12309496389,72040000.0,67240900.0,12788100.0
2026-05-01,1425.1768798828125,78179.0,2295.09375,385.45977783203125,718.7982177734375,396.74090576171875,1442.2847596442216,78894.9765625,2324.7880859375,386.52914645154755,723.0073446973263,403.0461167104827,1412.1736770141833,76294.6953125,2256.078125,378.82372671588394,718.6186267345964,391.21384077360295,1426.4452590563099,76305.0546875,2256.344970703125,381.4022037517389,719.3966516418469,392.52077768207715,707100.0,39164328894,13243880777,30105200.0,43049800.0,9926400.0
2026-05-02,,78657.25,2316.23193359375,,,,,79119.7890625,2339.74365234375,,,,,78031.9609375,2292.72265625,,,,,78177.75,2295.04443359375,,,,,16761531851,6905015549,,,
2026-05-03,,78538.2265625,2321.6357421875,,,,,79402.359375,2354.710205078125,,,,,78073.078125,2297.55322265625,,,,,78656.7265625,2316.2109375,,,,,20544392639,9861070993,,,
2026-05-04,1384.41943359375,79827.90625,2346.39697265625,383.0212097167969,716.1649780273438,400.6716613769531,1415.239557994117,80742.359375,2397.6083984375,387.14874909409923,720.2644021704073,406.74745945720974,1365.0245958705816,78217.9609375,2309.260986328125,379.56328378663693,713.152718877996,394.27666453205956,1399.959393709515,78540.2890625,2321.81640625,385.39979379858875,718.2196821209096,403.5748660890813,1755700.0,54325085296,25497505008,26298600.0,51950600.0,9978500.0
2026-05-05,1441.0562744140625,80927.0546875,2361.1826171875,388.1981201171875,721.9102172851562,393.488525390625,1452.920934308617,81751.453125,2398.83349609375,392.58551415458055,723.1769124909786,405.18114463225464,1412.5630963616845,79787.578125,2344.934326171875,383.79074899852696,719.6360467603954,391.6827566127574,1430.5698368981102,79823.53125,2346.4150390625,385.99945170269467,719.9153564929043,403.6547204596296,1621400.0,39700107376,17739612383,23878600.0,36933200.0,14579000.0
2026-05-06,1542.7447509765625,81427.53125,2350.802001953125,397.8023986816406,731.9443359375,418.5198974609375,1543.5237727607912,82792.2109375,2423.040283203125,399.61131576273664,732.7023927493656,418.719442367678,1494.0677149885694,80751.0234375,2338.483154296875,392.52555179602564,725.9497697512824,399.71393173607123,1501.148523165375,80930.734375,2361.290771484375,394.0146525811788,726.288861980811,401.4598431080775,2312400.0,41751540000,22745786496,31308500.0,53288900.0,17736400.0
2026-05-07,1514.64111328125,80009.9921875,2291.107666015625,397.7524108886719,729.7001342773438,413.182373046875,1547.9979977442024,81684.953125,2351.738037109375,399.8611671879692,734.238430329629,419.01871118477544,1495.8754656156461,79522.65625,2280.814697265625,392.4455831227277,727.8748196364371,407.1564763896412,1546.7396154252826,81428.8515625,2350.8525390625,399.6812819584635,733.161188473549,417.1131700589296,1726700.0,36931193154,23409823896,24433500.0,51724600.0,13403200.0
2026-05-08,1589.9637451171875,80186.765625,2306.97216796875,400.56072998046875,735.724609375,410.7181396484375,1593.2495347210988,80447.265625,2320.692138671875,401.76002583943523,736.1834492768152,416.025717257243,1529.1823673391375,79205.515625,2265.833251953125,396.1233780013978,732.6824588199246,399.9433850490627,1536.5428432717638,80009.625,2291.07568359375,396.7630105926761,733.0415191543954,415.97584625622636,2288300.0,33789351540,20013463010,21461800.0,47227100.0,18531200.0
2026-05-09,,80664.3671875,2326.727294921875,,,,,81030.0625,2336.927001953125,,,,,80119.9296875,2300.544921875,,,,,80187.7421875,2307.069580078125,,,,,18102086996,12217205123,,,
2026-05-10,,82138.9296875,2369.0439453125,,,,,82430.171875,2381.263916015625,,,,,80274.1328125,2313.127197265625,,,,,80665.609375,2326.744384765625,,,,,26965971077,19587186882,,,
2026-05-11,1563.78759765625,81728.296875,2339.36083984375,388.40802001953125,737.4002685546875,403.5948486328125,1565.9647136127087,82326.234375,2374.303466796875,397.2027547509894,738.8864300819614,406.7773980105824,1519.394937850838,80451.421875,2305.080810546875,388.23810807955056,734.5576163199453,397.25967856796774,1557.2859964714623,82139.046875,2369.193359375,393.41500861238904,734.5576163199453,405.7896903250927,2191300.0,32409774919,15525623296,30753700.0,44024000.0,14680000.0
2026-05-12,1518.9754638671875,80477.4921875,2274.6435546875,387.1187744140625,736.2831420898438,396.351806640625,1533.127205490166,81753.03125,2339.6904296875,388.28805889354703,736.9414802248905,401.30020973210407,1473.0948594410388,79832.1015625,2256.41943359375,382.541491402114,729.9494836014034,385.2178768500887,1524.1688205870405,81725.3515625,2339.287109375,387.10877062384725,734.9964788307154,396.8207097656788,1846800.0,32186688600,16145394773,26017500.0,54185300.0,18121800.0
2026-05-13,1579.537109375,79277.1171875,2257.576416015625,402.3796691894531,740.4025268554688,398.86590576171875,1600.5299784122508,81276.671875,2322.233154296875,403.4590416115898,741.9983910774667,403.73450913124304,1519.1152541590484,78725.5078125,2233.55322265625,384.77019153718186,733.5800764180441,390.5553811479706,1537.4016625780096,80476.7890625,2274.591796875,385.3698394939953,736.5723674930287,397.33948163077406,1691200.0,34075428359,15193768365,28144600.0,44200200.0,13127800.0
2026-05-14,1582.46337890625,81051.25,2280.934814453125,400.8305969238281,746.2474975585938,416.7440490722656,1601.418843901132,82005.9609375,2317.948486328125,402.6894719958145,747.6040491923611,420.9841194624343,1561.2608201217452,78909.6796875,2238.471923828125,395.6037078837972,741.649357949993,401.16054818027357,1571.7072704605675,79276.9453125,2257.57177734375,397.04285074569174,741.7391534739264,402.2679401856103,1412600.0,43731663431,17563432027,21136700.0,45307600.0,18577100.0
2026-05-15,1499.8702392578125,79065.6796875,2223.328857421875,396.54315185546875,737.2706298828125,403.4053039550781,1525.2773210557766,81634.84375,2298.686279296875,399.30151410906007,741.5496453663399,408.91239635591,1484.7197897641443,78635.3671875,2204.765380859375,392.9452946767326,736.0637780312098,397.8981811079678,1509.7873448600908,81046.8671875,2280.933349609375,396.0834349796574,739.8838927249178,405.55027471857755,1807400.0,38183347368,18146855938,20309700.0,60410800.0,11868600.0
2026-05-16,,78131.4375,2179.751953125,,,,,79173.5,2229.845947265625,,,,,77630.734375,2162.048828125,,,,,79066.0,2223.33837890625,,,,,25895799905,11451672017,,,
2026-05-17,,77429.3515625,2127.645263671875,,,,,78539.3984375,2196.7822265625,,,,,76783.4140625,2097.02099609375,,,,,78133.5859375,2179.8544921875,,,,,20900166465,10143205921,,,
2026-05-18,1470.48828125,76954.171875,2128.51611328125,396.70306396484375,736.751953125,395.0249328613281,1520.5235478961288,77749.3203125,2155.964111328125,408.36608091552193,739.5147938000424,405.9293892063572,1451.4628373932057,76029.2265625,2078.6162109375,394.29449886421145,731.5054597381557,390.1363566382977,1519.2851592284712,77426.34375,2127.681396484375,395.4538101055549,737.9289136337939,405.9293892063572,1664400.0,41520471808,19890789125,26837200.0,47843900.0,12117200.0
2026-05-19,1457.554931640625,76750.90625,2109.9638671875,387.4285888671875,731.8446044921875,391.69268798828125,1483.841005051334,77346.8671875,2143.56298828125,396.91291402359946,735.7545755811656,397.9480581917038,1439.4484653492038,76082.3671875,2093.475341796875,385.8794958446922,729.650306265128,384.16034005204995,1448.0573268976061,76954.75,2128.531982421875,396.72302500471704,732.8919551385734,388.59995521209726,1395400.0,26031898332,12030742868,39545700.0,54255900.0,14083000.0
2026-05-20,1548.1278076171875,77457.7734375,2126.9833984375,388.6778564453125,739.3452758789062,400.6816711425781,1553.7905279532235,77775.5703125,2146.50634765625,393.62488340369265,739.9636778498481,402.93640073945727,1490.3924183356096,76463.6484375,2101.83349609375,382.6714341601505,732.0042028263388,395.02493528427414,1500.439483037399,76749.453125,2109.85400390625,387.4685872554011,733.8195334397973,396.0724699406183,1744500.0,26668360936,12076799234,31744400.0,45768000.0,10254300.0
2026-05-21,1589.9437255859375,77539.171875,2131.41064453125,387.4285888671875,740.8114624023438,406.19873046875,1599.7211195436405,78100.5625,2154.22216796875,392.2656959548347,742.9559620700644,410.4986581682928,1543.9431595298738,76655.4375,2103.46044921875,382.7913440893277,735.1361419849363,398.57659636269995,1546.679732624245,77462.5078125,2127.17236328125,385.46976743485186,736.7419902854853,398.57659636269995,1358400.0,27141485404,14344389472,24852800.0,43332200.0,8937900.0
2026-05-22,1630.7908935546875,75488.2421875,2064.636962890625,382.74139404296875,743.7239990234375,403.57489013671875,1651.3942517480048,77819.453125,2138.97998046875,388.5079387636157,747.015507083493,409.7105459625166,1613.7628673755914,75323.875,2056.92919921875,381.54209816202837,742.566945697205,401.9187648184228,1617.9375219315632,77538.1171875,2131.3701171875,387.1187843592316,744.3224328967863,408.47342232875764,1666700.0,27859040109,13229489284,20442100.0,41762000.0,7111900.0
2026-05-23,,76673.3671875,2115.951416015625,,,,,77288.1171875,2145.579345703125,,,,,74255.234375,2010.5504150390625,,,,,75488.3125,2064.634765625,,,,,29973220002,16650709488,,,
2026-05-24,,76981.125,2097.993896484375,,,,,77372.5390625,2127.309814453125,,,,,76019.890625,2061.329833984375,,,,,76670.65625,2115.544921875,,,,,20572738918,10602558120,,,
2026-05-25,,77279.9296875,2111.370361328125,,,,,77804.921875,2138.411376953125,,,,,76833.0390625,2090.516357421875,,,,,76981.125,2097.993896484375,,,,,19808387601,10167436482,,,
2026-05-26,1629.9219970703125,75825.734375,2070.858154296875,388.6478576660156,748.6613159179688,411.3566589355469,1645.8813367952016,77990.8671875,2138.006103515625,389.0276356997364,750.1973368284331,415.5168990579511,1602.1778501995948,75569.46875,2054.361083984375,382.3716078175452,746.4469887578754,409.11191585695747,1639.7292593015643,77280.125,2111.366455078125,384.2804712769477,748.0827892360243,412.1547776294236,1651000.0,35999475458,15924080901,27747400.0,41123600.0,10132000.0
2026-05-27,1595.80615234375,74344.703125,2022.1982421875,388.5978698730469,748.5316162109375,421.7423400878906,1637.0128698057165,76014.296875,2092.980712890625,393.64487351491664,749.4492351039673,429.5440462174616,1580.9553636276198,74136.5,2014.632568359375,385.66962629134815,746.2973210478585,414.4095066168901,1635.2351396324323,75825.3046875,2070.86669921875,386.4391861502527,748.9505199197505,426.0222949648963,1361600.0,33802172927,14534289020,23087300.0,42106300.0,14695600.0
2026-05-28,1603.6959228515625,73536.5546875,2007.552734375,389.8971252441406,752.6609497070312,423.8673400878906,1625.427826248619,74460.125,2025.7589111328125,391.6360768291116,753.2095851254732,426.6009590399201,1577.959189227569,72493.4140625,1966.2794189453125,384.9300907577927,747.3047533704411,413.7410606943367,1615.001247704973,74339.5703125,2022.0908203125,387.76839182151133,748.3221518516883,421.23352403082976,971600.0,40148145327,18109844096,24357500.0,41562600.0,8905800.0
2026-05-29,1610.6768798828125,73372.5234375,2011.978515625,380.1129455566406,754.5361328125,417.47235107421875,1652.0632951724904,74218.5625,2042.5430908203125,385.0100143138995,756.1320579864754,429.4343280523075,1602.7870595765107,72435.625,1975.1915283203125,378.2340629764561,752.7507543048832,416.275142560005,1631.3600906911925,73537.03125,2007.5496826171875,385.0100143138995,753.9576670103595,426.07220654761306,1069400.0,34457929250,14941194039,44415800.0,55075700.0,11232300.0
2026-05-30,,73754.8359375,2019.458251953125,,,,,74020.7578125,2028.4417724609375,,,,,73125.234375,2000.165771484375,,,,,73370.8515625,2011.909423828125,,,,,19563589191,7478416074,,,
2026-05-31,,73579.6875,2004.341552734375,,,,,74153.5,2034.1192626953125,,,,,73315.015625,1991.90673828125,,,,,73753.75,2019.242431640625,,,,,17445435650,9253505209,,,
2026-06-01,1626.4664306640625,71319.7734375,2003.22119140625,376.14532470703125,756.5908203125,434.6122131347656,1644.4033158256177,73969.5703125,2017.6077880859375,378.3340198477676,758.3264003155792,448.34007446195545,1583.5619582545728,70599.5078125,1956.1522216796875,373.2970198869562,752.7507376917755,421.5128847675093,1592.4104997515642,73580.2109375,2004.2425537109375,376.2952290661171,753.4189990020213,423.88732908446804,1058900.0,43378836121,19458810001,28672100.0,43634900.0,18040400.0
2026-06-02,1703.167236328125,66703.65625,1857.71630859375,361.6340026855469,757.6182250976562,445.6463623046875,1706.113377165064,71334.953125,2003.970703125,373.31702687507857,758.4461093852723,447.3324162485465,1645.4618392035823,66127.265625,1838.05859375,358.2260345973877,754.805464031348,434.99132221113416,1657.546185730931,71321.03125,2003.26025390625,366.371163421305,755.0847737682097,439.550621789287,1484000.0,54990073882,25205401403,50412300.0,31581900.0,10147900.0
2026-06-03,1724.130126953125,64014.3671875,1811.7322998046875,358.77569580078125,752.3018798828125,435.66973876953125,1741.018319233062,67402.9296875,1889.058837890625,366.2312646097652,756.8501599793441,449.1082692608182,1687.8171060929728,64009.67578125,1771.3145751953125,357.8662353535933,751.6336185743088,433.51478164674097,1707.102222787759,66694.0078125,1857.6417236328125,361.81388965190393,756.2018667594974,448.9386530451177,1826900.0,47411556213,24083350214,55441600.0,51402500.0,10245200.0
2026-06-04,1755.199951171875,63801.57421875,1769.58056640625,371.96783447265625,755.1445922851562,443.8805236816406,1776.9918358455116,64664.4453125,1817.3465576171875,373.0271992966173,756.3614281257201,446.96330070052613,1670.269875187344,61335.75,1717.802490234375,357.99616844622375,749.5389775481502,426.3016646283289,1677.6303509197683,64020.0703125,1811.7425537109375,358.68575901079333,750.1673635570705,429.6239016262129,2248200.0,63800151780,27112623897,44055500.0,49923000.0,10974100.0
2026-06-05,1639.6195068359375,60922.66796875,1580.86083984375,368.30999755859375,735.65478515625,414.20001220703125,1703.2771700319797,63901.515625,1772.1077880859375,371.8578661166277,750.8855669656407,432.88623203958207,1636.2638612660696,59108.91796875,1540.1619873046875,363.90262653478294,733.6400171295905,411.8255679561694,1683.1831620478804,63807.69140625,1769.986083984375,366.1213024821565,750.3768677170906,428.7658764802955,2744600.0,71465606706,39924177669,37471200.0,93989400.0,19644200.0
2026-06-06,,60867.4140625,1568.7677001953125,,,,,61491.703125,1599.9534912109375,,,,,59496.625,1506.5057373046875,,,,,60924.4765625,1580.88037109375,,,,,30898464957,18426248218,,,
2026-06-07,,63239.51953125,1686.396240234375,,,,,64128.04296875,1714.970703125,,,,,60724.06640625,1563.77587890625,,,,,60866.94140625,1568.74951171875,,,,,36006496194,15172606860,,,
2026-06-08,1746.7808837890625,63090.58984375,1690.1485595703125,363.30999755859375,737.3204345703125,425.8028259277344,1767.2044206913954,64185.765625,1713.4710693359375,366.20001220703125,743.4247643242134,432.79645773034827,1716.7996397483205,62384.66796875,1644.79150390625,360.5299987792969,736.2931129658897,421.5428131800681,1730.5518731731665,63244.0859375,1686.251220703125,365.17999267578125,741.4498108327123,422.7799063408481,2062100.0,34133252457,17427269148,27942500.0,49319100.0,11245400.0
2026-06-09,1775.4737548828125,61643.78125,1637.7066650390625,364.260009765625,735.1560668945312,426.92022705078125,1828.744823896161,63486.08984375,1695.52294921875,372.0799865722656,744.9807928982774,437.13629271417284,1674.1148546511854,60756.6875,1613.834228515625,357.29998779296875,720.7332622187009,404.56258181002585,1774.3252159029612,63092.890625,1690.21337890625,367.0899963378906,741.7191759970133,429.8733028229284,3151400.0,40144449754,15196855528,29535100.0,87683500.0,21199500.0
2026-06-10,1731.949951171875,61449.2890625,1620.1376953125,356.3800048828125,723.56591796875,407.7950134277344,1809.6595053357325,62788.27734375,1665.7607421875,368.55999755859375,736.4826536495077,425.3239709144749,1720.9841531455647,60788.0234375,1603.8258056640625,355.20001220703125,723.4661992814284,406.74747878276156,1744.2041219640282,61643.20703125,1637.6348876953125,363.19000244140625,731.5054857614351,412.9928324745404,2586400.0,27493506779,12655731412,32357100.0,60341300.0,13139700.0
2026-06-11,1897.0264892578125,63561.0546875,1672.2806396484375,357.7699890136719,735.8642578125,421.07000732421875,1901.0413162718003,63851.94921875,1690.4488525390625,358.79998779296875,738.0984921563339,422.25,1772.807141634847,61447.96875,1620.08447265625,346.3599853515625,722.5485255148498,408.8599853515625,1777.7008368604174,61448.87890625,1620.1400146484375,355.92999267578125,726.8873842592473,413.260009765625,2965600.0,29316677897,12379882531,35538200.0,86330500.0,13826500.0
2026-06-12,1861.14306640625,63543.19921875,1665.1278076171875,359.67999267578125,739.843994140625,423.92999267578125,1890.3552867738308,64334.015625,1689.4443359375,366.57000732421875,742.5270843334097,426.94000244140625,1836.624726700197,62778.79296875,1650.628662109375,354.94000244140625,733.1412911200548,417.2099914550781,1845.233588133727,63547.44140625,1671.8189697265625,362.6199951171875,738.8066884479139,420.04998779296875,2529600.0,26881868307,9989137815,24704600.0,57079500.0,10362500.0
2026-06-13,,64421.32421875,1680.214599609375,,,,,64700.87890625,1693.603271484375,,,,,63431.3203125,1661.609130859375,,,,,63541.515625,1665.0487060546875,,,,,16956245530,6101094488,,,
2026-06-14,,65710.3984375,1724.61328125,,,,,65749.78125,1729.350830078125,,,,,63634.0234375,1654.2105712890625,,,,,64420.16796875,1680.146484375,,,,,21572226975,7804982667,,,
2026-06-15,1890.2154541015625,66289.5,1794.961181640625,369.3500061035156,752.890380859375,441.3999938964844,1911.2281957104294,67248.1328125,1847.769775390625,372.989990234375,754.7356026867302,442.5799865722656,1862.5911459198328,65315.8359375,1709.253662109375,366.54998779296875,749.8282623277308,431.92999267578125,1892.0930307498265,65711.109375,1724.5716552734375,367.92999267578125,749.9179969688896,438.67999267578125,2339100.0,32927321950,17921331594,27727500.0,60176400.0,11184900.0
2026-06-16,1801.56005859375,65600.640625,1790.398193359375,373.25,748.4019775390625,425.8299865722656,1878.7302739526885,66928.609375,1837.2041015625,376.0,753.4988323298886,440.3299865722656,1800.2816826194091,65315.0703125,1758.130126953125,367.05999755859375,747.9531216783239,425.20001220703125,1869.5920679724613,66289.4609375,1794.93798828125,369.6000061035156,752.6111046530555,436.0199890136719,1797600.0,25063963967,14698492893,24876100.0,67093100.0,10943500.0
2026-06-17,1865.4173583984375,64418.4453125,1747.885498046875,363.7900085449219,739.0560302734375,432.1499938964844,1935.986123973989,66354.625,1807.2828369140625,372.3299865722656,750.217278570044,442.5,1862.910590707209,63870.9296875,1724.7178955078125,362.0199890136719,737.3204502885575,431.6400146484375,1894.7494175240995,65600.4296875,1790.396240234375,369.1300048828125,749.3594421826946,434.75,2322900.0,31288885189,14185457929,24543600.0,85945200.0,10934100.0
2026-06-18,1927.1876220703125,62896.47265625,1709.533447265625,368.0299987792969,746.739990234375,462.1199951171875,1940.3605269594282,64736.921875,1760.880859375,369.4800109863281,748.22998046875,465.2200012207031,1907.063624021767,62201.14453125,1670.1038818359375,358.6700134277344,743.8599853515625,438.3900146484375,1921.6947260324418,64419.64453125,1747.8778076171875,365.75,747.760009765625,438.8800048828125,2406100.0,30432454936,12942260783,44470100.0,80875700.0,25817100.0
2026-06-19,,63540.8359375,1710.982421875,,,,,63568.22265625,1717.1932373046875,,,,,62275.58203125,1678.1962890625,,,,,62897.515625,1709.4986572265625,,,,,22361931660,7855725190,,,
2026-06-20,,64239.67578125,1739.3013916015625,,,,,64307.13671875,1747.259521484375,,,,,63149.66015625,1702.8017578125,,,,,63535.80859375,1710.982177734375,,,,,17486384117,7773536600,,,
2026-06-21,,63237.5390625,1704.58056640625,,,,,64506.578125,1739.48583984375,,,,,63221.0,1701.9364013671875,,,,,64242.32421875,1739.341064453125,,,,,15739619591,8498711726,,,
2026-06-22,1926.7581787109375,63952.10546875,1726.5108642578125,349.67999267578125,744.3900146484375,467.6700134277344,1956.5097409282707,65544.0,1776.8321533203125,358.9200134277344,750.1799926757812,476.7900085449219,1884.0034136330044,63233.53125,1704.5166015625,341.7200012207031,743.1300048828125,465.1700134277344,1950.9968510599383,63240.7890625,1704.6304931640625,357.95001220703125,747.7000122070312,476.0899963378906,1793300.0,26561496819,13584368622,52814800.0,46628100.0,13686200.0
2026-06-23,1776.162841796875,62668.01953125,1665.436767578125,346.1300048828125,733.5800170898438,436.3900146484375,1810.6082835913257,64196.5625,1733.6123046875,349.2900085449219,739.6300048828125,447.3299865722656,1753.7019003958583,61893.20703125,1638.253173828125,340.20001220703125,732.2999877929688,434.19000244140625,1775.4038136856127,63952.79296875,1726.519775390625,340.69000244140625,733.8099975585938,439.17999267578125,2415700.0,29608942370,10431438278,34007700.0,66846800.0,20364500.0
2026-06-24,1760.4931640625,60995.1328125,1619.9249267578125,345.2900085449219,733.239990234375,440.8299865722656,1777.3513661400661,63097.7578125,1687.4923095703125,353.4800109863281,739.9500122070312,443.8599853515625,1728.055135873591,59029.85546875,1551.4842529296875,341.92999267578125,730.8400268554688,432.5799865722656,1748.1591401373805,62663.03125,1665.309814453125,349.0400085449219,735.1699829101562,433.9800109863281,2028200.0,42644106535,14059894232,44997300.0,57439500.0,9991200.0
2026-06-25,1838.8018798828125,59721.67578125,1564.816650390625,343.7099914550781,734.2999877929688,434.989990234375,1853.512834263392,61868.90625,1656.646484375,345.57000732421875,739.3699951171875,452.8999938964844,1774.7447121584796,58075.921875,1531.7803955078125,335.8399963378906,729.5999755859375,432.44000244140625,1853.103329707384,60992.0703125,1619.8853759765625,336.7300109863281,738.9099731445312,452.8999938964844,2197000.0,40625024718,15976182558,44491400.0,53934400.0,14769500.0
2026-06-26,1792.302001953125,60016.4296875,1576.6160888671875,337.3900146484375,728.989990234375,432.3500061035156,1806.663433125008,60647.1875,1590.2000732421875,346.3599853515625,736.530029296875,436.1300048828125,1765.3568697589196,58269.125,1510.505859375,330.20001220703125,716.5800170898438,419.19000244140625,1779.3587805487525,59712.0546875,1564.6136474609375,342.54998779296875,728.9500122070312,425.0,2840000.0,41502864671,15272225856,114706300.0,71034000.0,17974100.0
2026-06-27,,59940.09765625,1571.5882568359375,,,,,60835.046875,1607.865966796875,,,,,59794.62109375,1561.972900390625,,,,,60016.3125,1576.5911865234375,,,,,15099836554,6111411513,,,
2026-06-28,,59532.33984375,1570.3612060546875,,,,,60432.70703125,1585.2197265625,,,,,58879.6328125,1548.761962890625,,,,,59940.3515625,1571.564453125,,,,,16282230874,6231562560,,,
2026-06-29,1880.677734375,60138.37890625,1610.205810546875,353.6499938964844,741.0,455.1000061035156,1883.6838563702615,60682.33984375,1633.64501953125,354.3500061035156,741.5599975585938,456.1000061035156,1770.2306080884678,58856.1875,1550.036376953125,340.6700134277344,732.0900268554688,431.0899963378906,1796.626402462792,59522.7890625,1569.993408203125,341.8299865722656,736.530029296875,437.0,1760500.0,30829983083,11882501822,34213900.0,58035200.0,14881400.0
2026-06-30,1986.870361328125,58558.859375,1569.5838623046875,357.3699951171875,746.77001953125,477.57000732421875,1997.3767930992992,60173.21875,1611.3472900390625,358.6199951171875,748.02001953125,479.0,1911.4080187574145,58111.671875,1549.251953125,350.3999938964844,740.8900146484375,453.0,1913.0259214730709,60136.453125,1610.163818359375,353.8699951171875,741.2899780273438,455.6099853515625,2712600.0,32747419391,9639804637,35237200.0,55626000.0,15074300.0
2026-07-01,1840.6595458984375,60003.7578125,1608.960693359375,361.2099914550781,745.760009765625,444.2300109863281,1940.4903973219562,61223.76953125,1642.454833984375,362.9700012207031,749.4400024414062,468.510009765625,1830.2629574468283,57747.765625,1551.1392822265625,356.42999267578125,742.3800048828125,443.4700012207031,1913.80493846136,58562.4453125,1569.90966796875,358.3699951171875,745.0,467.6700134277344,2584700.0,37904450118,11666600557,26736400.0,47100900.0,18534800.0
2026-07-02,1767.03466796875,61485.30078125,1698.16943359375,359.9100036621094,744.780029296875,434.1600036621094,1855.9996890223945,62117.875,1720.34326171875,364.2099914550781,751.3099975585938,461.4700012207031,1745.7622524934197,59532.32421875,1595.9393310546875,353.4200134277344,740.030029296875,429.5,1841.5982702069662,60004.76953125,1609.0125732421875,359.4800109863281,747.4000244140625,450.5400085449219,2699100.0,40109297349,13538465176,25974800.0,57447800.0,18375000.0
2026-07-03,,62544.19921875,1756.5186767578125,,,,,62879.0078125,1772.543212890625,,,,,61176.72265625,1693.038330078125,,,,,61492.06640625,1698.41796875,,,,,26131813598,10177742550,,,
2026-07-04,,63088.3046875,1779.032958984375,,,,,63398.41015625,1804.5887451171875,,,,,62287.5859375,1743.564208984375,,,,,62545.12890625,1756.57568359375,,,,,18608397613,8083146790,,,
2026-07-05,,63547.8828125,1783.0059814453125,,,,,63935.84765625,1805.9140625,,,,,62413.9921875,1749.1376953125,,,,,63089.05859375,1779.042724609375,,,,,18267466154,11323496681,,,
2026-07-06,1822.712646484375,63995.015625,1797.57373046875,366.4599914550781,751.280029296875,451.7900085449219,1866.1864514541944,64597.5703125,1829.513671875,367.92999267578125,752.4099731445312,460.0299987792969,1810.9878198752313,61275.828125,1728.9652099609375,357.3800048828125,747.4099731445312,445.6000061035156,1827.6363324313406,63551.015625,1783.002685546875,361.54998779296875,748.739990234375,447.7799987792969,1945000.0,36552222303,16997487730,26915800.0,50673300.0,12788500.0
2026-07-07,1745.023193359375,63297.39453125,1768.511474609375,367.0299987792969,747.7100219726562,432.57000732421875,1758.7654303100999,64257.6328125,1810.329833984375,373.1600036621094,750.9600219726562,439.79998779296875,1715.0919327117617,62623.93359375,1756.712646484375,365.5,745.2100219726562,428.1099853515625,1734.8862790017888,63994.59765625,1797.562255859375,369.07000732421875,750.219970703125,438.0199890136719,1863900.0,31026493556,9901110376,24045600.0,43721500.0,14898400.0
2026-07-08,1766.3656005859375,62257.57421875,1742.6776123046875,361.9200134277344,745.4000244140625,436.9800109863281,1778.3600979821813,63706.88671875,1782.8583984375,367.8399963378906,746.1500244140625,440.489990234375,1727.1463029991705,61492.6484375,1711.9000244140625,358.0199890136719,739.510009765625,428.75,1731.4407977980247,63293.51953125,1768.3896484375,364.760009765625,743.1599731445312,429.0,1424500.0,27349235354,10110272581,22094800.0,43767400.0,11411200.0
2026-07-09,1801.9195556640625,63193.1484375,1744.484619140625,358.8900146484375,751.7100219726562,436.9599914550781,1856.329167524302,63422.94140625,1760.206298828125,359.6499938964844,751.969970703125,447.69000244140625,1794.4392398125713,61645.75390625,1721.298583984375,351.0799865722656,745.5900268554688,436.3900146484375,1833.0892045180422,62257.31640625,1742.664794921875,354.30999755859375,747.3499755859375,446.7300109863281,1547400.0,26546256117,7763668656,24729100.0,41441700.0,11455600.0
2026-07-10,1794.9984130859375,64127.140625,1795.6932373046875,357.17999267578125,754.9500122070312,434.1099853515625,1812.8354512526823,64658.96875,1809.75830078125,357.82000732421875,755.4199829101562,439.6600036621094,1764.378103276706,62902.0625,1736.72314453125,352.75,748.0999755859375,428.1000061035156,1781.57583156616,63194.359375,1744.47314453125,357.5299987792969,752.0499877929688,438.6700134277344,1218400.0,27450201269,9431692646,18146100.0,42191300.0,9595100.0
2026-07-11,,63802.02734375,1788.099609375,,,,,64445.4609375,1827.83154296875,,,,,63785.62109375,1786.295654296875,,,,,64127.96875,1795.8193359375,,,,,13954689047,6901680020,,,
2026-07-12,,63758.21875,1805.7880859375,,,,,64243.1328125,1824.98046875,,,,,63606.82421875,1779.6370849609375,,,,,63791.40234375,1787.568359375,,,,,19043437787,6064480351,,,
2026-07-13,1723.8106689453125,62239.12109375,1773.500732421875,352.510009765625,749.1699829101562,421.5799865722656,1773.496411361004,64340.8828125,1842.455078125,358.1300048828125,753.9099731445312,437.989990234375,1715.8608672582031,61769.0,1749.3475341796875,351.75,748.0,420.2900085449219,1771.2493174829074,63757.171875,1805.7579345703125,356.19000244140625,752.469970703125,433.82000732421875,1419800.0,37650044790,11436340419,15901700.0,44013600.0,14329800.0
2026-07-14,1773.3465576171875,64956.11328125,1889.4798583984375,359.510009765625,751.8300170898438,420.3900146484375,1795.9473330709561,65046.1328125,1894.062255859375,360.1600036621094,753.3400268554688,431.05999755859375,1747.5998263925394,62207.5234375,1772.0177001953125,351.0899963378906,748.6599731445312,418.8599853515625,1785.141240157985,62238.5859375,1773.471435546875,351.20001220703125,750.9099731445312,430.8699951171875,2529100.0,29841287318,13835437084,18259400.0,35143100.0,14279000.0
2026-07-15,1812.9254150390625,64712.375,1916.9437255859375,370.9200134277344,754.8099975585938,419.4800109863281,1827.6363702509607,65507.59375,1944.1607666015625,373.6499938964844,755.5800170898438,428.8900146484375,1733.408257183666,64442.8203125,1863.635498046875,357.760009765625,750.2000122070312,410.75,1822.7028092777523,64959.80859375,1889.5008544921875,357.9700012207031,754.239990234375,425.75,4189300.0,27029791676,12684088080,28284600.0,43844800.0,17012300.0
2026-07-16,1782.5645751953125,63789.28125,1863.193359375,354.4599914550781,750.719970703125,409.739990234375,1851.0559502343729,64931.85546875,1927.0859375,375.2699890136719,754.5700073242188,415.95001220703125,1776.8220021589498,63701.8046875,1856.775634765625,352.29998779296875,747.8800048828125,403.5,1794.5890627913243,64713.296875,1916.9781494140625,373.05999755859375,752.760009765625,405.2900085449219,2581400.0,27232426674,11412820341,41158500.0,46409800.0,24891300.0
2026-07-17,1745.32275390625,63899.4609375,1840.9881591796875,346.7699890136719,743.2899780273438,398.3699951171875,1788.5968662111472,64332.01953125,1869.067138671875,348.5199890136719,747.2899780273438,404.70001220703125,1701.1998857700853,62489.453125,1803.053955078125,341.3599853515625,740.7999877929688,386.0199890136719,1731.5406513539729,63789.91015625,1863.21630859375,346.0,742.0800170898438,392.1199951171875,2209400.0,27280236800,10651207679,29959300.0,62651000.0,20986500.0
2026-07-18,,64796.6015625,1861.39208984375,,,,,64816.50390625,1864.1319580078125,,,,,63845.015625,1836.6085205078125,,,,,63899.1796875,1841.1021728515625,,,,,14162542470,4754880124,,,
2026-07-19,,64690.8046875,1871.508544921875,,,,,64909.88671875,1877.0318603515625,,,,,64250.9140625,1852.7275390625,,,,,64799.27734375,1861.419921875,,,,,15000653941,7004738486,,,
2026-07-20,1736.7738037109375,65230.02734375,1903.7589111328125,351.989990234375,742.0900268554688,402.29998779296875,1796.0171290293854,65735.71875,1916.24169921875,359.67999267578125,748.72998046875,409.8900146484375,1726.3672188789735,63720.390625,1842.815673828125,350.5199890136719,741.510009765625,400.0799865722656,1776.3924856892684,64684.41796875,1871.2757568359375,350.8800048828125,747.0599975585938,407.7099914550781,1639000.0,30988932408,12042633315,24736600.0,50422300.0,11653600.0
2026-07-21,1799.18310546875,66505.125,1928.3837890625,347.1499938964844,748.280029296875,424.6099853515625,1821.5242065817538,66910.0625,1949.5477294921875,351.32000732421875,749.0399780273438,425.3999938964844,1783.2337622354967,65113.65625,1900.066162109375,347.0,744.1799926757812,413.55999755859375,1798.8734473594104,65228.87109375,1903.689697265625,351.32000732421875,746.2899780273438,418.739990234375,1681100.0,29554470321,12526770542,23369800.0,34324300.0,18210100.0
2026-07-22,1799.5325927734375,66100.796875,1933.4901123046875,342.0899963378906,747.4099731445312,421.2099914550781,1814.85274455554,66694.6484375,1955.1474609375,349.94000244140625,750.02001953125,424.80999755859375,1764.7576220569626,65514.17578125,1909.610107421875,341.7300109863281,746.3699951171875,414.2099914550781,1765.366819514132,66506.7890625,1928.1976318359375,348.1600036621094,746.6199951171875,414.9100036621094,1007400.0,28142272410,10800957306,39334100.0,32836200.0,10259500.0
2026-07-23,1800.671142578125,65044.8125,1877.1002197265625,317.69000244140625,738.1799926757812,415.5799865722656,1821.2245163902169,66282.3828125,1940.2828369140625,324.489990234375,742.5599975585938,420.8399963378906,1777.9405309365513,64610.609375,1868.5203857421875,314.8999938964844,735.2100219726562,411.79998779296875,1779.8181074980525,66100.1328125,1933.470947265625,321.1300048828125,739.3699951171875,415.8399963378906,1106700.0,24364433538,9768559906,69419700.0,55437300.0,11048800.0
2026-07-24,1754.8204345703125,64098.49609375,1860.1767578125,319.739990234375,738.9299926757812,403.4100036621094,1795.547790667371,65760.484375,1907.5435791015625,324.17999267578125,743.719970703125,412.9200134277344,1737.6327027416905,63686.03515625,1846.822265625,317.32000732421875,737.2899780273438,400.79998779296875,1787.5681206402005,65044.95703125,1877.09765625,318.4200134277344,738.510009765625,411.3500061035156,1315000.0,25917559237,9056489653,31806600.0,44782000.0,11525100.0
2026-07-25,,64311.8125,1873.222412109375,,,,,64386.0625,1875.144775390625,,,,,63753.02734375,1849.828857421875,,,,,64098.4921875,1860.1756591796875,,,,,13817493398,4367514252,,,
2026-07-26,,65340.30078125,1953.4112548828125,,,,,65503.76953125,1963.2459716796875,,,,,64233.453125,1872.3848876953125,,,,,64311.78515625,1873.235595703125,,,,,14301494281,6638236222,,,
2026-07-27,1653.1220703125,63724.8984375,1890.613525390625,326.55999755859375,739.0900268554688,399.0899963378906,1744.4439075797202,65658.3359375,1976.460205078125,330.4200134277344,745.530029296875,407.42999267578125,1611.25617043839,63562.484375,1882.4197998046875,324.45001220703125,735.8699951171875,388.79998779296875,1736.9435977682272,65340.58984375,1953.4053955078125,325.0400085449219,744.9099731445312,406.0799865722656,3325500.0,26183821002,13679804759,28471600.0,41461200.0,17932300.0
2026-07-28,1582.949951171875,63871.36328125,1919.948486328125,333.7099914550781,740.8599853515625,392.30999755859375,1599.8800048828125,64026.921875,1926.5040283203125,335.8800048828125,742.7899780273438,395.3599853515625,1553.5799560546875,62714.8046875,1856.341552734375,324.44000244140625,735.97998046875,381.29998779296875,1580.5,63723.48828125,1890.634521484375,327.8999938964844,739.1900024414062,385.0,3010100.0,24128738898,11476069704,29511900.0,47322200.0,18276300.0
2026-07-29,1550.68994140625,63908.16796875,1908.51904296875,336.7099914550781,729.4600219726562,374.6700134277344,1621.4599609375,64638.6953125,1929.90087890625,342.5,742.6799926757812,391.25,1530.6400146484375,63206.2109375,1873.6192626953125,331.6199951171875,729.0999755859375,372.7200012207031,1569.3900146484375,63871.39453125,1919.9915771484375,334.6700134277344,739.969970703125,388.0799865722656,2538800.0,28611167472,12003429702,27501600.0,70697200.0,21700200.0
2026-07-30,1651.43994140625,64725.30859375,1917.3729248046875,333.6600036621094,741.6900024414062,403.30999755859375,1676.780029296875,65071.4453125,1934.5772705078125,336.510009765625,742.4500122070312,406.7699890136719,1626.43994140625,63533.90625,1892.196533203125,330.3399963378906,734.5900268554688,387.6000061035156,1645.0699462890625,63908.625,1908.5860595703125,334.20001220703125,736.0499877929688,392.489990234375,2170500.0,26250039650,8075086285,30168000.0,66811300.0,17474200.0
2026-07-31,1629.0,62813.74609375,1860.345947265625,356.1300048828125,747.030029296875,404.25,1692.1500244140625,65328.18359375,1933.77783203125,358.5799865722656,748.9000244140625,420.3500061035156,1624.7099609375,62410.8671875,1847.46875,340.0,737.6799926757812,398.79998779296875,1683.3800048828125,64723.96875,1917.1417236328125,340.8299865722656,744.6799926757812,419.5,1599400.0,30439749629,10253082786,46425700.0,62339900.0,11926500.0
2026-08-01,,62763.3203125,1843.417724609375,,,,,63091.59765625,1873.1712646484375,,,,,62233.01171875,1821.485107421875,,,,,62813.6640625,1860.37109375,,,,,13553286543,4889749337,,,
2026-08-02,,63482.0,1882.52197265625,,,,,63714.61328125,1895.7662353515625,,,,,62745.25390625,1842.1544189453125,,,,,62763.4453125,1843.41748046875,,,,,15901776708,5798420478,,,
2026-08-03,1643.3800048828125,63871.671875,1869.6600341796875,374.5400085449219,757.97998046875,406.32000732421875,1655.18994140625,64020.32421875,1883.1463623046875,376.6932067871094,758.5800170898438,407.44000244140625,1582.0,62235.1328125,1829.031494140625,363.3500061035156,748.7999877929688,398.2001037597656,1607.760009765625,63497.24609375,1883.1463623046875,365.239990234375,749.4400024414062,400.5849914550781,1204899.0,25461600256,7926296064,29309117.0,45697577.0,10522926.0
